GeneName	Biotype	Position	NR:Seq-id	NR:Score	NR:Evalue	NR:Description	NT:Seq-id	NT:Score	NT:Evalue	NT:Description	Uniprot:UniProtKB-AC	Uniprot:Score	Uniprot:Evalue	Uniprot:Description	COG:gene	COG:Score	COG:Eval	COG:num	Pfam:pfam_ID	Pfam:pfam_Name	Pfam:pfam_Description	GO:biological_process	GO:cellular_component	GO:molecular_function	KEGG:KO	KEGG:Description	Lbra1	Lbra2	Lbra3	Lbra4	Lbra5	Lbra6	Llun1	Llun2	Llun3	Llun4	Llun5	Llun6	LMbra1	LMbra2	LMbra3	LMbra4	LMbra5	LMbra6	LMlun1	LMlun2	LMlun3	LMlun4	LMlun5	LMlun6	Mbra1	Mbra2	Mbra3	Mbra4	Mbra5	Mbra6	Mlun1	Mlun2	Mlun3	Mlun4	Mlun5	Mlun6	MLbra1	MLbra2	MLbra3	MLbra4	MLbra5	MLbra6	MLlun1	MLlun2	MLlun3	MLlun4	MLlun5	MLlun6
cfb	protein_coding	chrNC_030684.1:53744892-53777706:-	gi|512861354|ref|XP_002943021.2|	3444	0	PREDICTED: complement factor B-like [Xenopus tropicalis]	gi|847158885|ref|XM_002942975.3|	3130	0	PREDICTED: Xenopus (Silurana) tropicalis complement factor B-like (LOC100491419), mRNA	P04186	448	3.00E-141	Complement factor B	.	.	.	.	pfam00092	VWA	von Willebrand factor type A domain.	GO:0008283|cell proliferation;GO:0006957|complement activation, alternative pathway;	GO:0072562|blood microparticle;GO:0070062|extracellular exosome;GO:0005615|extracellular space;	GO:0004252|serine-type endopeptidase activity;	K01335	CFB; component factor B [EC:3.4.21.47]	3.398219462	3.408075789	2.910213933	6.42987952	3.21282513	3.181560982	88.4878746	112.1789085	68.90965933	190.4187109	85.0784091	55.61275818	6.00168617	7.108710483	5.014372269	6.670535398	5.792013461	5.477236368	117.7155694	1082.756538	117.894439	177.469402	122.7883152	120.1563372	7.415876911	7.825043254	7.443890953	6.533635792	6.490191912	10.4129625	171.8405002	157.6011832	212.9420895	119.8233823	396.9552632	267.3789731	3.740576046	4.496774028	4.5346781	4.120619237	5.17532801	3.087067072	135.1364694	138.2351342	110.839975	126.8618532	91.317761	122.8187413
thbs1	protein_coding	chrNC_030684.1:98501300-98515014:+	gi|301615580|ref|XP_002937245.1|	5815	0	PREDICTED: thrombospondin-1 [Xenopus tropicalis]	gi|847159617|ref|XM_002937199.3|	5537	0	PREDICTED: Xenopus (Silurana) tropicalis thrombospondin 1 (thbs1), mRNA	P35448	2152	0	Thrombospondin-1	.	.	.	.	pfam05735	TSP_C	Thrombospondin C-terminal region. This region is found at the C-terminus of thrombospondin and related proteins.	GO:0007155|cell adhesion;GO:0006954|inflammatory response;GO:0016525|negative regulation of angiogenesis;GO:0006986|response to unfolded protein;	GO:0005783|endoplasmic reticulum;GO:0005615|extracellular space;GO:0016529|sarcoplasmic reticulum;	GO:0005509|calcium ion binding;GO:0050840|extracellular matrix binding;GO:0008201|heparin binding;	.	.	5.237613867	5.988194972	4.20248482	4.558129793	4.200132992	5.32647193	219.663148	112.3982168	251.5027187	135.6704126	164.4143709	140.9493799	6.950859388	7.249770591	6.807426221	6.576698716	6.171445908	5.72195487	118.3130473	185.4053481	121.47296	58.710893	84.19246226	81.23212081	7.734585363	6.371428912	5.695920342	8.240214098	7.046050845	6.106240753	167.4380297	417.6029128	149.2000215	185.2481642	122.0467498	152.2094134	6.29785297	4.995617435	4.676458428	5.519260209	5.364494957	4.367266346	47.45619928	157.1055427	121.8671232	201.0260598	115.6748013	135.328543
col1a1	protein_coding	chrNC_030686.1:13936262-13962423:+	gi|58332412|ref|NP_001011005.1|	1566	0	collagen alpha-1(I) chain precursor [Xenopus tropicalis]	gi|58332411|ref|NM_001011005.1|	5663	0	Xenopus (Silurana) tropicalis collagen, type I, alpha 1 (col1a1), mRNA	Q9YIB4	60.8	1.00E-07	Collagen alpha-1(I) chain	.	.	.	.	pfam01410	COLFI	Fibrillar collagen C-terminal domain. Found at C-termini of fibrillar collagens: Ephydatia muelleri procollagen EMF1 alpha, vertebrate collagens alpha(1)III, alpha(1)II, alpha(2)V etc.	.	GO:0005581|collagen trimer;GO:0005578|proteinaceous extracellular matrix;	GO:0005201|extracellular matrix structural constituent;GO:0046872|metal ion binding;	.	.	9.011884411	7.56571439	8.543248978	13.36642114	7.077722045	11.90046212	1225.081838	416.9277648	478.2835045	575.4217331	550.4320908	351.797982	4.198580883	3.851110536	3.46005411	3.685391634	2.002889396	4.961534101	607.5394002	286.0730904	346.6765686	163.6361132	339.916802	488.2557109	3.547840871	2.092577331	1.910698214	2.763552244	2.813260372	3.729867587	345.2307891	370.6000042	176.9848916	376.1744316	207.7227817	265.5579626	4.235443421	10.25258286	4.964951731	8.95614084	5.807570824	2.23855789	279.6461759	875.5719524	441.0020192	574.1817534	435.2231819	425.5357361
col2a1	protein_coding	chrNC_030678.1:140468231-140516271:+	gi|847099118|ref|XP_012812117.1|	1562	0	PREDICTED: collagen alpha-1(II) chain isoform X2 [Xenopus tropicalis]	gi|45361284|ref|NM_203889.1|	6071	0	Xenopus tropicalis collagen, type II, alpha 1 (col2a1), mRNA	Q6P4Z2	306	6.00E-83	Collagen alpha-1(II) chain	.	.	.	.	pfam01410	COLFI	Fibrillar collagen C-terminal domain. Found at C-termini of fibrillar collagens: Ephydatia muelleri procollagen EMF1 alpha, vertebrate collagens alpha(1)III, alpha(1)II, alpha(2)V etc.	.	GO:0005581|collagen trimer;GO:0005578|proteinaceous extracellular matrix;	GO:0005201|extracellular matrix structural constituent;GO:0046872|metal ion binding;	.	.	5.951375023	4.530139053	4.769861925	3.651940454	5.227687859	4.218418158	50.78837723	10.40509751	21.74469597	16.54000531	19.95921295	8.837312491	3.531724845	3.374228436	2.953106111	3.342188265	2.961463995	2.989396106	23.61745801	1.61258822	10.8054423	4.369090578	13.17355545	11.92745537	2.487352089	2.357936796	2.391440016	2.397640051	3.544598627	2.278023381	10.58479241	22.21448459	3.782916443	11.61631835	3.978801549	6.264149399	2.742094196	4.203345678	4.250150034	5.023241221	3.08061759	2.871216902	9.05551341	14.08610606	9.601131083	15.92992647	14.05975275	14.04214054
ifi30	protein_coding	chrNC_030677.1:84907019-84926542:-	gi|847087884|ref|XP_012818874.1|	1369	0	PREDICTED: gamma-interferon-inducible lysosomal thiol reductase isoform X1 [Xenopus tropicalis]	gi|847087883|ref|XM_012963420.1|	1901	0	PREDICTED: Xenopus (Silurana) tropicalis interferon, gamma-inducible protein 30 (ifi30), transcript variant X1, mRNA	P13284	214	2.00E-63	Gamma-interferon-inducible lysosomal thiol reductase	.	.	.	.	pfam03227	GILT	Gamma interferon inducible lysosomal thiol reductase (GILT). This family includes the two characterized human gamma-interferon-inducible lysosomal thiol reductase (GILT) sequences. It also contains several other eukaryotic putative proteins with similarity to GILT. The aligned region contains three conserved cysteine residues. In addition, the two GILT sequences possess a C-X(2)-C motif that is shared by some of the other sequences in the family. This motif is thought to be associated with disulphide bond reduction.	GO:0042590|antigen processing and presentation of exogenous peptide antigen via MHC class I;GO:0019886|antigen processing and presentation of exogenous peptide antigen via MHC class II;GO:0060333|interferon-gamma-mediated signaling pathway;GO:0048147|negative regulation of fibroblast proliferation;GO:0050821|protein stabilization;	GO:0030054|cell junction;GO:0005737|cytoplasm;GO:0005576|extracellular region;GO:0043231|intracellular membrane-bounded organelle;GO:0043202|lysosomal lumen;GO:0005764|lysosome;GO:0005886|plasma membrane;	GO:0016667|oxidoreductase activity, acting on a sulfur group of donors;	K08059	IFI30, GILT; interferon, gamma-inducible protein 30	22.4302667	29.62371109	19.63502721	46.29382376	24.53448381	27.95839294	147.569555	162.8174295	134.2751091	203.5994174	149.7848434	102.1370402	15.60740324	13.44651084	13.1136491	17.43210561	13.53322745	17.72184265	147.9836305	147.6592512	118.7418369	169.6148184	142.3085971	146.1826624	14.68793839	14.87175611	15.75388953	13.26628814	15.14208689	21.36966255	161.7447874	176.567921	168.6387995	158.1014861	269.4175363	255.2478082	22.92951861	31.33443448	22.45071888	27.79562041	22.27804322	31.42905022	182.6461445	163.1190337	174.7069388	168.2207051	157.5109924	161.0297289
spon2	other	chrNC_030685.1:58952541-58953343:+	.	.	.	.	gi|118404863|ref|NM_001079092.1|	803	0	Xenopus (Silurana) tropicalis spondin 2, extracellular matrix protein (spon2), mRNA	.	.	.	.	.	.	.	.	pfam13853	7tm_4	Olfactory receptor. The members of this family are transmembrane olfactory receptors.	.	.	.	.	.	6.519645056	5.221618617	3.739068565	4.479348168	6.683437986	3.170216106	1.868609324	5.911364921	1.992526767	1.684531156	1.481188377	2.323651152	4.328027954	2.240665151	3.808173216	2.463778203	3.913061192	2.80199533	37.66014706	18.73712183	278.7913205	1.684896338	35.47424972	20.71775575	3.404234055	3.761429942	2.805400367	3.565443134	3.756173263	2.561516371	1.086490056	30.18065088	33.08940226	3.173741345	3.542114553	1.743805759	5.307642602	4.047698687	4.942228481	4.255888473	5.130041204	3.439205015	57.75065767	1.814337017	1.631836494	2.003008677	2.120754637	1.930590288
spon2	protein_coding	chrNC_030677.1:14487127-14498895:+	gi|118404864|ref|NP_001072560.1|	1676	0	spondin-2 [Xenopus tropicalis]	gi|118404863|ref|NM_001079092.1|	1671	0	Xenopus (Silurana) tropicalis spondin 2, extracellular matrix protein (spon2), mRNA	Q8BMS2	454	4.00E-155	Spondin-2	.	.	.	.	pfam06468	Spond_N	Spondin_N. This conserved region is found at the in the N-terminal half of several Spondin proteins. Spondins are involved in patterning axonal growth trajectory through either inhibiting or promoting adhesion of embryonic nerve cells.	GO:0007155|cell adhesion;GO:0071222|cellular response to lipopolysaccharide;GO:0042742|defense response to bacterium;GO:0050832|defense response to fungus;GO:0051607|defense response to virus;GO:0043152|induction of bacterial agglutination;GO:0045087|innate immune response;GO:0002448|mast cell mediated immunity;GO:0008228|opsonization;GO:0032755|positive regulation of interleukin-6 production;GO:0060907|positive regulation of macrophage cytokine production;GO:0032760|positive regulation of tumor necrosis factor production;GO:0032496|response to lipopolysaccharide;	GO:0070062|extracellular exosome;GO:0005615|extracellular space;GO:0005578|proteinaceous extracellular matrix;	GO:0003823|antigen binding;GO:0001530|lipopolysaccharide binding;GO:0046872|metal ion binding;	.	.	1.481402088	1.888199869	1.875118316	2.32775366	1.488487991	1.149811894	0.37348001	0.102492249	0.10240649	0.105398046	0.035525516	0.065566515	1.922323138	2.48321233	2.025298916	2.769956733	1.329579807	2.61552136	0.260197952	0.210656206	0.693997052	0.514326182	0.138065885	0.215265425	1.244171336	0.902158974	0.791600427	2.037810402	2.271830211	1.497517327	0.186134902	0.760060209	0.138022908	0.10380068	0.110811827	0.036368917	1.388738029	2.179389615	1.671173465	2.316322353	2.072274709	0.402378067	0.106275101	0.313314543	0	0	0.175397146	0.035618601
col3a1	protein_coding	chrNC_030685.1:39803845-39864240:-	gi|218847780|ref|NP_001136379.1|	1436	1.00E-166	collagen alpha-1(III) chain precursor [Xenopus tropicalis]	gi|218847779|ref|NM_001142907.1|	5222	0	Xenopus (Silurana) tropicalis collagen, type III, alpha 1 (Ehlers-Danlos syndrome type IV, autosomal dominant) (col3a1), mRNA	P13941	147	4.00E-34	Collagen alpha-1(III) chain	.	.	.	.	pfam01410	COLFI	Fibrillar collagen C-terminal domain. Found at C-termini of fibrillar collagens: Ephydatia muelleri procollagen EMF1 alpha, vertebrate collagens alpha(1)III, alpha(1)II, alpha(2)V etc.	GO:0007568|aging;GO:0060414|aorta smooth muscle tissue morphogenesis;GO:0007160|cell-matrix adhesion;GO:0071230|cellular response to amino acid stimulus;GO:0021987|cerebral cortex development;GO:0030199|collagen fibril organization;GO:0048565|digestive tract development;GO:0007507|heart development;GO:0007229|integrin-mediated signaling pathway;GO:0050777|negative regulation of immune response;GO:2001223|negative regulation of neuron migration;GO:0018149|peptide cross-linking;GO:0035025|positive regulation of Rho protein signal transduction;GO:0034097|response to cytokine;GO:0009612|response to mechanical stimulus;GO:0009314|response to radiation;GO:0001501|skeletal system development;GO:0043588|skin development;GO:0007179|transforming growth factor beta receptor signaling pathway;GO:0042060|wound healing;	GO:0005586|collagen type III trimer;GO:0031012|extracellular matrix;GO:0005615|extracellular space;	GO:0005201|extracellular matrix structural constituent;GO:0046872|metal ion binding;	.	.	3.746893566	5.054567156	3.555955185	5.541084879	2.733997532	7.096994142	1139.448386	459.8421777	459.424805	627.6162562	512.8782085	520.4962853	2.044126328	2.041362011	1.972324749	2.551563187	1.269902965	2.208991343	556.8605905	416.2515742	393.8420073	199.6193594	359.6285725	480.8836362	1.856762448	1.263777508	1.625551025	1.911589181	2.469152644	2.224915435	445.6007118	434.3805425	271.4775674	398.4284282	260.9733605	296.534217	2.001890431	5.311157192	3.41504971	6.199598078	2.350374527	2.011262816	216.9501293	1016.524902	357.9725703	775.3879455	428.952382	402.2399156
cpamd8	protein_coding	chrNC_030677.1:99841794-99907506:-	gi|301609741|ref|XP_002934416.1|	9649	0	PREDICTED: C3 and PZP-like alpha-2-macroglobulin domain-containing protein 8 isoform X1 [Xenopus tropicalis]	gi|847093081|ref|XM_002934370.3|	8106	0	PREDICTED: Xenopus (Silurana) tropicalis C3 and PZP-like, alpha-2-macroglobulin domain containing 8 (cpamd8), transcript variant X1, mRNA	Q8IZJ3	102	7.00E-20	C3 and PZP-like alpha-2-macroglobulin domain-containing protein 8	RSc3030	55.1	3.00E-06	COG2373	pfam07678	A2M_comp	A-macroglobulin complement component. This family includes the complement components region of the alpha-2-macroglobulin family.	.	GO:0005615|extracellular space;GO:0005886|plasma membrane;	GO:0004867|serine-type endopeptidase inhibitor activity;	.	.	5.570730574	5.957408654	5.168282533	5.140963105	4.144374212	5.688661336	2.176686756	1.020014484	1.054063768	1.731458391	1.438431864	0.777667242	6.470531228	7.389709779	4.49896311	6.714245184	6.117593872	5.54176768	1.565873836	3.194969608	2.107501017	2.832276577	1.68697251	2.296418739	6.766179058	5.844561859	4.686388636	7.798673596	7.465304085	7.844340749	2.83194272	1.894752028	1.905191606	1.832577804	2.190516725	3.019535294	4.985613631	4.570197884	5.229530288	6.045408832	6.021076946	3.74394457	1.687912414	1.801118466	2.211929849	1.487662669	1.60688298	1.566026237
tnfsf10	protein_coding	chrNC_030681.1:92949458-92959835:-	gi|512841018|ref|XP_002931598.2|	1444	0	PREDICTED: tumor necrosis factor ligand superfamily member 10 [Xenopus tropicalis]	gi|847129371|ref|XM_002931552.3|	2869	0	PREDICTED: Xenopus (Silurana) tropicalis tumor necrosis factor (ligand) superfamily, member 10 (tnfsf10), mRNA	P50591	239	4.00E-70	Tumor necrosis factor ligand superfamily member 10	.	.	.	.	pfam00229	TNF	TNF(tumor Necrosis Factor) family.	GO:0006919|activation of cysteine-type endopeptidase activity involved in apoptotic process;GO:0097296|activation of cysteine-type endopeptidase activity involved in apoptotic signaling pathway;GO:0006915|apoptotic process;GO:0007166|cell surface receptor signaling pathway;GO:0007267|cell-cell signaling;GO:0006955|immune response;GO:0008584|male gonad development;GO:1902042|negative regulation of extrinsic apoptotic signaling pathway via death domain receptors;GO:0043065|positive regulation of apoptotic process;GO:0043280|positive regulation of cysteine-type endopeptidase activity involved in apoptotic process;GO:2001238|positive regulation of extrinsic apoptotic signaling pathway;GO:0043123|positive regulation of I-kappaB kinase/NF-kappaB signaling;GO:0090200|positive regulation of release of cytochrome c from mitochondria;GO:1902041|regulation of extrinsic apoptotic signaling pathway via death domain receptors;GO:0032868|response to insulin;GO:0007165|signal transduction;	GO:0070062|extracellular exosome;GO:0005576|extracellular region;GO:0005615|extracellular space;GO:0005887|integral component of plasma membrane;	GO:0046872|metal ion binding;GO:0005102|receptor binding;	K04721	TNFSF10, TRAIL; tumor necrosis factor ligand superfamily member 10	1.675456497	2.017246899	2.062788782	3.749391848	2.863750003	2.200543402	31.65130182	24.77997631	24.58054645	20.31245199	14.73311522	14.7399585	2.146803457	3.255222395	3.39547825	3.437133247	2.069862756	2.535547114	49.18717713	33.30746897	23.73556729	37.88645728	29.73350546	30.48863009	2.962553302	3.631230619	2.900756228	2.624593791	2.847885694	2.858787555	31.09402301	31.19906433	30.18586895	21.05112419	24.25623929	19.99064633	2.602798098	2.512252861	2.102329035	2.808773778	2.109356762	1.825549305	51.45095963	48.90123682	40.3357889	39.16052974	30.52451531	25.75210019
lama2	protein_coding	chrNC_030681.1:45463751-45812478:-	gi|512844752|ref|XP_002936356.2|	16330	0	PREDICTED: laminin subunit alpha-2 [Xenopus tropicalis]	gi|512844751|ref|XM_002936310.2|	9510	0	PREDICTED: Xenopus (Silurana) tropicalis laminin, alpha 2 (lama2), mRNA	P24043	259	2.00E-67	Laminin subunit alpha-2	.	.	.	.	pfam00055	Laminin_N	Laminin N-terminal (Domain VI).	GO:0007411|axon guidance;GO:0007155|cell adhesion;GO:0030198|extracellular matrix organization;GO:0007517|muscle organ development;GO:0022011|myelination in peripheral nervous system;GO:0032224|positive regulation of synaptic transmission, cholinergic;GO:0030155|regulation of cell adhesion;GO:0030334|regulation of cell migration;GO:0045995|regulation of embryonic development;	GO:0005605|basal lamina;GO:0005604|basement membrane;GO:0043197|dendritic spine;GO:0070062|extracellular exosome;GO:0005576|extracellular region;GO:0042383|sarcolemma;	GO:0005198|structural molecule activity;	K05637	LAMA1_2; laminin, alpha 1/2	1.889256461	2.527401899	2.59817184	2.354822822	2.766405349	2.170711785	7.053504293	4.579160944	5.396247936	4.567185115	5.866913651	3.164621779	2.081948958	2.399703584	1.422513428	2.273267927	1.591507454	2.657497404	6.807560833	8.785849414	6.220748623	3.577230938	6.303968491	5.382024901	1.261959274	1.316923707	1.664078655	1.211710177	1.679754737	1.821017732	3.806441925	5.1676633	4.717800203	4.346676946	3.615311013	3.755403025	2.374415562	4.4181813	2.078442494	3.717176635	1.742509475	3.02482073	6.267348289	7.80415724	4.583535919	5.753576164	6.436282337	5.834365531
col5a3	protein_coding	chrNC_030680.1:99399687-99522306:-	gi|512835852|ref|XP_004913770.1|	2096	0	PREDICTED: collagen alpha-1(XI) chain isoform X1 [Xenopus tropicalis]	gi|512835851|ref|XM_004913713.1|	7688	0	PREDICTED: Xenopus (Silurana) tropicalis collagen, type V, alpha 3 (col5a3), transcript variant X1, mRNA	P12107	525	3.00E-152	Collagen alpha-1(XI) chain	.	.	.	.	pfam01410	COLFI	Fibrillar collagen C-terminal domain. Found at C-termini of fibrillar collagens: Ephydatia muelleri procollagen EMF1 alpha, vertebrate collagens alpha(1)III, alpha(1)II, alpha(2)V etc.	GO:0001502|cartilage condensation;GO:0002063|chondrocyte development;GO:0030199|collagen fibril organization;GO:0050910|detection of mechanical stimulus involved in sensory perception of sound;GO:0048704|embryonic skeletal system morphogenesis;GO:0035987|endodermal cell differentiation;GO:0042472|inner ear morphogenesis;GO:0001503|ossification;GO:0006029|proteoglycan metabolic process;GO:0035989|tendon development;GO:0055010|ventricular cardiac muscle tissue morphogenesis;GO:0007601|visual perception;	GO:0005592|collagen type XI trimer;GO:0031012|extracellular matrix;	GO:0005201|extracellular matrix structural constituent;GO:0046872|metal ion binding;	.	.	3.482758211	2.657751776	3.822534256	1.916734855	3.446133492	2.291852769	17.60066535	3.448982745	10.44226756	5.824646143	7.412458419	3.002876494	3.019721301	2.467537443	2.332845568	1.832102809	1.931366181	2.173510488	7.569809571	0.718049083	4.212744311	1.47871881	4.393246068	3.793696397	1.759530583	1.74300772	3.883790881	1.599301664	2.658922889	2.222246124	2.721450007	8.433764007	1.066062822	3.997391986	0.996528719	3.157232253	2.68578397	2.896774819	3.720566093	3.169014073	2.376456571	4.351048865	3.553157592	5.612540968	4.482248057	6.487956645	7.067515626	5.292987106
col5a3	protein_coding	chrNC_030679.1:126399455-126520015:+	gi|847169802|ref|XP_012808459.1|	5648	0	PREDICTED: collagen alpha-3(V) chain isoform X1 [Xenopus tropicalis]	gi|847169801|ref|XM_012953005.1|	6900	0	PREDICTED: Xenopus (Silurana) tropicalis collagen, type V, alpha 3 (col5a3), transcript variant X1, mRNA	Q61245	298	8.00E-80	Collagen alpha-1(XI) chain	.	.	.	.	pfam01410	COLFI	Fibrillar collagen C-terminal domain. Found at C-termini of fibrillar collagens: Ephydatia muelleri procollagen EMF1 alpha, vertebrate collagens alpha(1)III, alpha(1)II, alpha(2)V etc.	GO:0001502|cartilage condensation;GO:0051216|cartilage development;GO:0002063|chondrocyte development;GO:0030199|collagen fibril organization;GO:0050910|detection of mechanical stimulus involved in sensory perception of sound;GO:0048704|embryonic skeletal system morphogenesis;GO:0035987|endodermal cell differentiation;GO:0003007|heart morphogenesis;GO:0042472|inner ear morphogenesis;GO:0001503|ossification;GO:0006029|proteoglycan metabolic process;GO:0007605|sensory perception of sound;GO:0048705|skeletal system morphogenesis;GO:0035989|tendon development;GO:0055010|ventricular cardiac muscle tissue morphogenesis;GO:0007601|visual perception;	GO:0005581|collagen trimer;GO:0005592|collagen type XI trimer;GO:0005578|proteinaceous extracellular matrix;	GO:0005201|extracellular matrix structural constituent;GO:0046872|metal ion binding;	.	.	19.53191835	17.10116501	11.30640859	5.324948135	11.05567249	7.735124239	6.542576934	4.474367005	2.997026004	5.245978621	3.615450368	2.468092859	15.45843803	15.89920964	15.52824651	11.94608802	16.02508121	10.33337846	2.224794598	2.884837929	2.076881499	0.720179312	2.274655674	3.337029766	5.992069504	10.55851707	24.40785077	9.349505606	10.90514221	8.584286922	2.383407918	1.554884424	1.856577481	2.669825393	1.57143789	2.343640711	10.79624009	12.23853507	17.51499563	9.800389304	10.39896854	14.00531327	2.157224356	7.07129885	2.834520523	3.907326693	3.065269985	2.325002311
nppc	protein_coding	chrNC_030681.1:108233022-108239347:-	gi|163915239|ref|NP_001106395.1|	516	8.00E-59	C-type natriuretic peptide precursor [Xenopus tropicalis]	gi|163915238|ref|NM_001112924.1|	1967	0	Xenopus (Silurana) tropicalis natriuretic peptide C (nppc), mRNA	P40756	161	4.00E-45	C-type natriuretic peptide 2	.	.	.	.	pfam00212	ANP	Atrial natriuretic peptide.	GO:0050880|regulation of blood vessel size;	GO:0005576|extracellular region;	.	.	.	38.13725452	55.25898227	52.52279309	43.88713671	49.63124575	48.16934382	0.794618119	2.67490702	0.581014959	1.524869133	0.665141684	1.227597155	55.88501207	39.86917243	52.65474346	43.50096647	49.55429309	50.51599605	2.277662776	8.66507046	0.885931163	0.750365629	0.910624182	2.351066158	45.66257445	34.39633587	47.79797671	46.2986187	45.43544924	36.5342458	10.20151746	4.18908048	8.662919757	1.0011726	1.823240459	1.29996227	47.7346044	52.27029841	51.76288949	47.67844178	47.10263557	62.80362697	0.512519375	1.65911758	0.484490347	0.846903607	0.149270373	0.939700912
kitlg	protein_coding	chrNC_030679.1:45163481-45200603:-	gi|847110277|ref|XP_012814626.1|	1520	0	PREDICTED: kit ligand isoform X1 [Xenopus tropicalis]	gi|847110276|ref|XM_012959172.1|	4614	0	PREDICTED: Xenopus (Silurana) tropicalis KIT ligand (kitlg), transcript variant X1, mRNA	Q09108	166	3.00E-43	Kit ligand	.	.	.	.	pfam02404	SCF	Stem cell factor. Stem cell factor (SCF) is a homodimer involved in hematopoiesis. SCF binds to and activates the SCF receptor (SCFR), a receptor tyrosine kinase. The crystal structure of human SCF has been resolved and a potential receptor-binding site identified.	GO:0007155|cell adhesion;GO:0035234|ectopic germ cell programmed cell death;GO:0035162|embryonic hemopoiesis;GO:0097192|extrinsic apoptotic signaling pathway in absence of ligand;GO:0008584|male gonad development;GO:0033026|negative regulation of mast cell apoptotic process;GO:0001755|neural crest cell migration;GO:0045740|positive regulation of DNA replication;GO:1902035|positive regulation of hematopoietic stem cell proliferation;GO:0002687|positive regulation of leukocyte migration;GO:0043406|positive regulation of MAP kinase activity;GO:0070668|positive regulation of mast cell proliferation;GO:0045636|positive regulation of melanocyte differentiation;GO:0002763|positive regulation of myeloid leukocyte differentiation;GO:0050731|positive regulation of peptidyl-tyrosine phosphorylation;GO:0046579|positive regulation of Ras protein signal transduction;	GO:0005737|cytoplasm;GO:0005856|cytoskeleton;GO:0005615|extracellular space;GO:0030175|filopodium;GO:0016021|integral component of membrane;GO:0030027|lamellipodium;GO:0005886|plasma membrane;	.	K05461	KITLG; KIT ligand	2.818640886	3.421570232	2.925118913	3.387440381	2.26846492	3.132048765	24.40453739	14.36267224	29.6044103	17.95303624	17.83190148	9.837617467	2.926059649	2.713300621	2.086865444	1.53927797	1.89909978	2.132790908	18.91387146	15.052729	14.02200085	11.62337722	17.43799932	15.46010279	2.057266529	2.406403104	1.750021347	2.584873598	2.867521863	2.574461899	15.67730585	21.83988922	13.25575714	19.39888417	10.46837103	15.03915721	3.061747935	3.130661933	3.239577718	2.945268031	2.581650959	2.931148686	13.41633997	25.54880334	23.09495548	31.99868775	17.56984999	19.15659215
adamtsl5	protein_coding	chrNC_030679.1:97653859-97689336:+	gi|301605335|ref|XP_002932288.1|	2766	0	PREDICTED: ADAMTS-like protein 5 [Xenopus tropicalis]	gi|847111877|ref|XM_002932242.3|	2955	0	PREDICTED: Xenopus (Silurana) tropicalis ADAMTS-like 5 (adamtsl5), mRNA	Q6ZMM2	345	7.00E-106	ADAMTS-like protein 5	.	.	.	.	pfam05986	ADAM_spacer1	ADAM-TS Spacer 1. This family represents the Spacer-1 region from the ADAM-TS family of metalloproteinases.	.	GO:0005576|extracellular region;GO:0001527|microfibril;GO:0005578|proteinaceous extracellular matrix;	GO:0008201|heparin binding;GO:0004222|metalloendopeptidase activity;GO:0008270|zinc ion binding;	.	.	2.750745603	3.601917786	3.117472142	4.037148332	2.745885461	3.298851179	36.89876329	29.37916913	53.85541696	51.82630562	41.5181112	19.24021084	2.635358652	3.380359562	2.114680576	2.573444473	2.015927245	2.140213417	61.61381839	108.0191556	56.92776795	79.45925515	66.67741258	62.70124554	1.519767918	2.18738289	1.255630972	2.473745188	2.862434487	2.632028502	107.2375139	68.17392838	62.76672312	102.2973091	80.60261078	108.7627034	2.316443229	2.805951557	2.619980178	2.869027198	2.176677381	2.689764615	61.549144	45.14210489	55.34935363	42.0668619	63.61157689	51.00959774
tf	protein_coding	chrNC_030681.1:126324097-126345250:+	gi|73853808|ref|NP_001027487.1|	3678	0	serotransferrin precursor [Xenopus tropicalis]	gi|73853807|ref|NM_001032316.1|	2302	0	Xenopus (Silurana) tropicalis transferrin (tf), mRNA	Q501K5	1421	0	Serotransferrin	.	.	.	.	pfam00405	Transferrin	Transferrin.	GO:0006811|ion transport;GO:0055072|iron ion homeostasis;	GO:0005615|extracellular space;	GO:0046872|metal ion binding;	K14736	TF; transferrin	611.3187192	843.8040766	581.6237289	478.4690726	258.3651263	471.4728248	6.844126636	5.614723097	2.80501251	30.09585794	8.111854902	4.982513951	372.5966287	438.3724527	144.9104635	429.3134522	101.0370914	322.2553531	13.29906385	72.10042649	4.314931195	25.53986656	9.839263529	8.81840145	36.0205032	125.9342758	50.80083705	257.3183941	423.4402523	164.3809247	24.28289092	13.08082769	12.59635911	4.881247277	314.9668786	25.5744894	361.4534586	320.3678979	358.9841869	430.2395922	58.36273202	303.3162229	11.05141021	7.974413152	6.830745638	4.067453809	5.254965556	4.739997196
sparc	protein_coding	chrNC_030679.1:11519289-11535993:-	gi|45361541|ref|NP_989347.1|	1434	0	SPARC precursor [Xenopus tropicalis]	gi|51491873|ref|NM_204016.2|	1679	0	Xenopus (Silurana) tropicalis secreted protein, acidic, cysteine-rich (osteonectin) (sparc), mRNA	P36378	516	5.00E-180	SPARC	.	.	.	.	pfam10591	SPARC_Ca_bdg	Secreted protein acidic and rich in cysteine Ca binding region. The SPARC_Ca_bdg domain of Secreted Protein Acidic and Rich in Cysteine is responsible for the anti-spreading activity of human urothelial cells. It is rich in alpha-helices. This extracellular calcium-binding domain contains two EF-hands that each coordinates one Ca2+ ion, forming a helix-loop-helix structure that not only drives the conformation of the protein but is also necessary for biological activity. The anti-spreading activity was dependent on the coordination of Ca2+ by a Glu residue at the Z position of EF-hand 2.	GO:0007165|signal transduction;	GO:0005604|basement membrane;GO:0005615|extracellular space;	GO:0005509|calcium ion binding;	.	.	321.4916048	395.3027247	367.2415604	490.8716412	318.4630525	402.8628598	2797.934413	1914.848714	1763.974046	2094.7129	2027.035273	1971.204975	398.6908263	368.8228899	415.810762	389.5481056	360.56874	412.7098762	1600.084572	1547.282753	1307.540791	879.7356575	1128.183756	1808.889985	394.6233224	370.6545773	262.0681614	390.0218784	368.5807144	399.5652309	1496.967348	1232.610587	716.7858844	1261.458693	828.9451997	1088.833635	302.9971625	393.6898772	322.6996911	388.6487317	361.1376833	321.385138	791.22832	3212.357841	1384.506841	3121.035868	2004.869863	1416.772399
spock3	protein_coding	chrNC_030677.1:41555269-41686899:+	gi|847152761|ref|XP_012823314.1|	2052	0	PREDICTED: testican-3 isoform X1 [Xenopus tropicalis]	gi|847152760|ref|XM_012967860.1|	5319	0	PREDICTED: Xenopus (Silurana) tropicalis sparc/osteonectin, cwcv and kazal-like domains proteoglycan (testican) 3 (spock3), transcript variant X1, mRNA	Q9BQ16	628	0	Testican-3	.	.	.	.	pfam10591	SPARC_Ca_bdg	Secreted protein acidic and rich in cysteine Ca binding region. The SPARC_Ca_bdg domain of Secreted Protein Acidic and Rich in Cysteine is responsible for the anti-spreading activity of human urothelial cells. It is rich in alpha-helices. This extracellular calcium-binding domain contains two EF-hands that each coordinates one Ca2+ ion, forming a helix-loop-helix structure that not only drives the conformation of the protein but is also necessary for biological activity. The anti-spreading activity was dependent on the coordination of Ca2+ by a Glu residue at the Z position of EF-hand 2.	GO:2000146|negative regulation of cell motility;GO:0010951|negative regulation of endopeptidase activity;GO:0019800|peptide cross-linking via chondroitin 4-sulfate glycosaminoglycan;GO:0007165|signal transduction;	GO:0031012|extracellular matrix;GO:0005615|extracellular space;GO:0005578|proteinaceous extracellular matrix;	GO:0005509|calcium ion binding;GO:0005539|glycosaminoglycan binding;GO:0008191|metalloendopeptidase inhibitor activity;	K08136	SPOCK; sparc/osteonectin, cwcv and kazal-like domains proteoglycan (testican)	111.4803115	86.54304821	109.5477145	82.44483542	95.54143902	95.73205422	9.274058435	0.784906802	5.779815345	3.516121605	4.639956952	0.897628884	80.25864986	93.88721227	79.53798572	90.41926175	96.68574139	80.39519632	4.691110575	7.955747054	3.167022081	1.167770323	4.595070955	0.892022042	88.95903996	89.53959869	75.10118183	70.06654193	100.7399424	73.49861041	2.636123745	4.784135325	0.575562532	3.21237638	2.069237441	1.487987144	88.32350363	84.56514449	95.34428331	104.6663626	83.16755463	84.99858804	4.359257201	1.358579925	1.993239651	4.352265698	2.969820921	2.376502005
pnoc	protein_coding	chrNW_016683402.1:654827-703652:+	gi|163915097|ref|NP_001106534.1|	1210	4.00E-163	prepronociceptin precursor [Xenopus tropicalis]	gi|163915096|ref|NM_001113063.1|	1326	0	Xenopus (Silurana) tropicalis prepronociceptin (pnoc), mRNA	Q13519	89.7	2.00E-19	Prepronociceptin	.	.	.	.	pfam01160	Opiods_neuropep	Vertebrate endogenous opioids neuropeptide.	GO:0007268|chemical synaptic transmission;GO:0007565|female pregnancy;GO:0007218|neuropeptide signaling pathway;GO:0007600|sensory perception;GO:0007165|signal transduction;	GO:0043679|axon terminus;GO:0030425|dendrite;GO:0005576|extracellular region;GO:0043025|neuronal cell body;GO:0005886|plasma membrane;	GO:0005184|neuropeptide hormone activity;GO:0031628|opioid receptor binding;	.	.	38.39076973	37.70209776	38.59615459	37.38876334	39.79904996	34.97821431	1.037294253	3.148506245	2.456365618	0.310471166	1.569713398	0.372483073	33.8299298	43.14017515	47.62713846	42.19609202	44.92507549	39.53165259	0.234632284	0.443235908	0.35045281	0.139137367	0.348600743	0.045293404	45.697435	38.72343902	36.72614062	42.99951194	42.3285675	46.68157128	0.187987829	0.36553639	0.740545987	0.087361658	0.139893664	0.321395901	38.37567032	40.51997195	39.30044984	36.28022713	44.36519797	34.59340742	0.134166304	0.966880173	0.539022914	5.5450669	0.885715907	1.528859962
dcn	protein_coding	chrNC_030679.1:46045982-46203793:-	gi|154147680|ref|NP_001093704.1|	1756	0	decorin precursor [Xenopus tropicalis]	gi|847107955|ref|XM_012958377.1|	2934	0	PREDICTED: Xenopus (Silurana) tropicalis decorin (dcn), transcript variant X2, mRNA	Q9DE68	533	2.00E-180	Decorin	alr0124_1	60.8	1.00E-08	COG4886	pfam13855	LRR_8	Leucine rich repeat.	.	GO:0005578|proteinaceous extracellular matrix;	.	K04660	DCN; decorin	2.135312991	3.279342834	4.357417319	5.872213469	2.515217464	3.252691675	399.4261036	189.2468867	236.7016491	212.0043463	241.7685339	164.2122303	5.087303644	3.923379435	2.101891125	4.139582704	2.658262593	2.921787074	262.5348481	133.9064315	235.9154132	116.6302376	196.4109623	211.6774458	3.026304076	3.726380784	2.628918269	3.757681052	3.577269299	3.706050082	186.9345786	180.598545	110.9414101	212.8489899	113.2966092	124.3863619	2.582252035	3.762828007	3.529248307	4.746724196	1.97142315	2.526450311	169.0626025	309.1039296	188.3053828	306.5370747	252.8036368	211.8684277
c1ql1	protein_coding	chrNC_030686.1:6561657-6590110:-	gi|313760697|ref|NP_001186529.1|	678	4.00E-82	C1q-related factor precursor [Xenopus tropicalis]	gi|313760696|ref|NM_001199600.1|	1319	0	Xenopus (Silurana) tropicalis complement component 1, q subcomponent-like 1 (c1ql1), mRNA	O88992	191	4.00E-55	C1q-related factor	.	.	.	.	pfam00386	C1q	C1q domain. C1q is a subunit of the C1 enzyme complex that activates the serum complement system.	GO:0099558|maintenance of synapse structure;GO:0061743|motor learning;GO:0016322|neuron remodeling;	GO:0044301|climbing fiber;GO:0005581|collagen trimer;GO:0005737|cytoplasm;GO:0098793|presynapse;GO:0043083|synaptic cleft;	GO:0005102|receptor binding;	.	.	17.6678221	15.73122735	21.80555613	18.35847401	11.05882949	16.27302103	5.476572673	5.08984985	5.045546934	9.23189385	2.792200976	3.422737477	21.42305877	17.08689239	24.96980923	19.40980698	23.44163365	22.11691827	12.99432063	7.619495482	4.599785228	7.326406291	3.198784354	3.409098351	16.32844096	15.74771278	22.51900738	26.97890424	21.59619376	17.43209944	8.734122681	20.59216081	10.36245429	7.26546569	12.04595229	8.063501072	15.74811407	17.19908695	16.41296552	18.28390575	17.82708082	15.86006848	11.9683489	13.43585855	3.714800877	8.654756058	4.897009662	13.83045077
olfm3	protein_coding	chrNC_030680.1:99134137-99161041:-	gi|512834087|ref|XP_002934209.2|	2517	0	PREDICTED: noelin-3 isoform X2 [Xenopus tropicalis]	gi|847124175|ref|XM_002934163.3|	2566	0	PREDICTED: Xenopus (Silurana) tropicalis olfactomedin 3 (olfm3), transcript variant X2, mRNA	Q96PB7	841	0	Noelin-3	.	.	.	.	pfam02191	OLF	Olfactomedin-like domain.	GO:0042462|eye photoreceptor cell development;	GO:0032281|AMPA glutamate receptor complex;GO:0030054|cell junction;GO:0005615|extracellular space;GO:0005794|Golgi apparatus;GO:0045202|synapse;	.	.	.	14.9828809	10.82308263	11.6871715	8.541674536	10.64531772	10.83277271	1.363489829	1.047691925	1.212976432	1.145801493	1.366126011	0.65427336	13.10019339	11.20350549	10.57376267	11.52372881	12.43002359	11.12243043	1.284657807	13.41578042	0.489833976	1.233908528	1.999385925	2.305261728	10.39024613	9.116616798	9.864367938	11.99189161	13.65161956	10.65382068	0.344298151	0.792801555	0.957390945	1.162120904	7.26389412	1.327745703	12.90024155	11.80448073	13.28047063	13.43462627	11.49520428	8.304690174	1.724382278	0.847288529	0.398350316	2.004423172	1.451425412	1.19632514
vip	protein_coding	chrNC_030681.1:43999375-44010570:-	gi|512842427|ref|XP_002936422.2|	1001	1.00E-129	PREDICTED: VIP peptides [Xenopus tropicalis]	gi|847130978|ref|XM_002936376.3|	1821	0	PREDICTED: Xenopus (Silurana) tropicalis vasoactive intestinal peptide (vip), mRNA	P48143	233	7.00E-71	VIP peptides	.	.	.	.	pfam00123	Hormone_2	Peptide hormone. This family contains glucagon, GIP, secretin and VIP.	GO:0048242|epinephrine secretion;GO:0010467|gene expression;GO:0048255|mRNA stabilization;GO:0030819|positive regulation of cAMP biosynthetic process;GO:0032812|positive regulation of epinephrine secretion;GO:0010628|positive regulation of gene expression;GO:0090277|positive regulation of peptide hormone secretion;GO:0070459|prolactin secretion;	GO:0005576|extracellular region;GO:0005615|extracellular space;	.	K05264	VIP; vasoactive intestinal peptide	14.4745161	11.97436686	12.29547003	20.10252779	14.53795457	14.56762222	14.70271049	14.4766815	10.51403025	25.54821087	12.23709942	9.768910999	11.24624962	8.240910111	11.39923758	17.1980386	14.68178997	11.91720946	11.61839805	52.27828794	19.95277415	23.20011455	13.30494415	26.48221746	16.5105837	16.08045086	2.452625471	14.42484988	15.63393438	16.58562677	14.24798336	9.894554705	8.332654084	21.94494424	13.46390848	25.88377968	14.30732801	13.25209526	11.12062052	11.41258347	16.28743621	1.68670227	8.974316176	13.73637815	13.65030783	8.724396434	12.33917493	7.04340874
nell2	protein_coding	chrNC_030679.1:54574219-54690283:+	gi|148235875|ref|NP_001090754.1|	4339	0	protein kinase C-binding protein NELL2 precursor [Xenopus tropicalis]	gi|148235874|ref|NM_001097285.1|	3892	0	Xenopus (Silurana) tropicalis neural EGFL like 2 (nell2), mRNA	A2VCU8	1675	0	Protein kinase C-binding protein NELL2	.	.	.	.	pfam12947	EGF_3	EGF domain. This family includes a variety of EGF-like domain homologues. This family includes the C-terminal domain of the malaria parasite MSP1 protein.	.	GO:0005576|extracellular region;	GO:0005509|calcium ion binding;	.	.	233.165955	306.9787354	286.9097783	255.2963013	216.7597626	260.996847	52.10046136	26.99226559	26.17602972	21.63869786	41.23834161	18.27919922	302.3753131	274.6510332	286.4070505	309.1115589	329.1957837	314.7883983	25.92686736	15.82123857	30.51063404	11.64748415	29.79493187	19.77702171	301.5966752	245.7377706	327.3695949	322.1009105	270.5247699	243.8345678	23.85707966	15.33051312	11.96093973	34.15278289	12.71011661	18.89480934	257.3268442	277.6425294	262.68462	293.8845585	292.58635	311.6502265	22.59746802	42.38291273	38.45962523	42.5748635	43.18213963	44.62881215
lum	protein_coding	chrNC_030679.1:46030704-46040500:-	gi|58332414|ref|NP_001011006.1|	1735	0	lumican precursor [Xenopus tropicalis]	gi|58332413|ref|NM_001011006.1|	2090	0	Xenopus (Silurana) tropicalis lumican (lum), mRNA	Q9DE67	476	2.00E-161	Lumican	alr0124_1	80.9	3.00E-15	COG4886	pfam13855	LRR_8	Leucine rich repeat.	GO:0030199|collagen fibril organization;GO:0007601|visual perception;	GO:0005578|proteinaceous extracellular matrix;	.	K08122	LUM; lumican	3.686164393	3.975830113	5.966342208	7.246535233	4.120982042	4.894803618	425.8447265	206.3564158	282.929315	257.0535965	281.9199692	215.9769452	3.782228177	4.742914124	2.890324284	6.144142537	6.067690901	4.241943266	244.0816983	112.1546522	200.1841958	103.5458559	193.0528177	229.532905	4.198075134	3.954120109	2.722454942	3.696287079	3.32077895	3.961714588	129.9357863	176.3207915	72.88628392	176.9724726	77.60883431	122.0831026	5.306797302	6.338527933	3.916605651	6.87665643	4.557915252	4.087184536	153.2262529	372.3515057	214.8274151	352.9491049	290.1077181	182.921922
gal.2	protein_coding	chrNC_030683.1:104560079-104569835:+	gi|512855145|ref|XP_004916350.1|	622	3.00E-76	PREDICTED: galanin peptides [Xenopus tropicalis]	gi|512855144|ref|XM_004916293.1|	1353	0	PREDICTED: Xenopus (Silurana) tropicalis galanin prepropeptide, gene 2 (gal.2), mRNA	E7EZ53	111	7.00E-28	Galanin peptides	.	.	.	.	pfam06540	GMAP	Galanin message associated peptide (GMAP). This family consists of several galanin message associated peptides. In rat preprogalanin, galanin is C-terminally flanked by a 60 amino acid long peptide: galanin message-associated peptide (GMAP). GMAP sequences in different species show high degree of homology, but the biological function of this family is unknown.	GO:0007218|neuropeptide signaling pathway;GO:0045944|positive regulation of transcription from RNA polymerase II promoter;	GO:0005615|extracellular space;GO:0030141|secretory granule;	GO:0004966|galanin receptor activity;GO:0031763|galanin receptor binding;GO:0005184|neuropeptide hormone activity;GO:0031764|type 1 galanin receptor binding;GO:0031765|type 2 galanin receptor binding;GO:0031766|type 3 galanin receptor binding;	K05244	GAL; galanin	129.8788897	47.91545339	84.37707037	124.8597058	85.99007566	68.78985481	0.09241767	0.0	0.084468324	0.04346793	0.087907928	0.081122207	37.72135053	7.474537323	34.44249699	131.6475064	53.12457771	42.06871828	0.0	0.130317254	0.042932412	0.0	0.0	0.0	70.37723438	37.50420879	8.129086957	72.8020192	69.15594291	81.61839789	0.138177307	0.268681404	0.0	0.085618299	0.137101995	0.0	46.63049742	68.04861818	78.6672615	71.2096111	21.84676084	6.720873572	0.175318571	0.043072066	0.0	0.0	0.0	0.0
sfrp1	protein_coding	chrNC_030679.1:107234062-107245908:+	gi|183986759|ref|NP_001116878.1|	1602	0	secreted frizzled-related protein 1 precursor [Xenopus tropicalis]	gi|183986758|ref|NM_001123406.1|	1554	0	Xenopus (Silurana) tropicalis secreted frizzled-related protein 1 (sfrp1), mRNA	Q8C4U3	401	2.00E-135	Secreted frizzled-related protein 1	.	.	.	.	pfam01392	Fz	Fz domain. Also known as the CRD (cysteine rich domain), the C6 box in MuSK receptor. This domain of unknown function has been independently identified by several groups. The domain contains 10 conserved cysteines.	GO:0030036|actin cytoskeleton organization;GO:0009952|anterior/posterior pattern specification;GO:0060346|bone trabecula formation;GO:0060070|canonical Wnt signaling pathway;GO:0071773|cellular response to BMP stimulus;GO:0071392|cellular response to estradiol stimulus;GO:0071391|cellular response to estrogen stimulus;GO:0044344|cellular response to fibroblast growth factor stimulus;GO:0071363|cellular response to growth factor stimulus;GO:0071504|cellular response to heparin;GO:0071456|cellular response to hypoxia;GO:0071347|cellular response to interleukin-1;GO:0071380|cellular response to prostaglandin E stimulus;GO:0009267|cellular response to starvation;GO:0071560|cellular response to transforming growth factor beta stimulus;GO:0071356|cellular response to tumor necrosis factor;GO:0071305|cellular response to vitamin D;GO:0071481|cellular response to X-ray;GO:0090246|convergent extension involved in somitogenesis;GO:0046546|development of primary male sexual characteristics;GO:0048546|digestive tract morphogenesis;GO:0071542|dopaminergic neuron differentiation;GO:0009950|dorsal/ventral axis specification;GO:0008585|female gonad development;GO:0002244|hematopoietic progenitor cell differentiation;GO:0060218|hematopoietic stem cell differentiation;GO:0030097|hemopoiesis;GO:0008584|male gonad development;GO:0060766|negative regulation of androgen receptor signaling pathway;GO:0043066|negative regulation of apoptotic process;GO:0045578|negative regulation of B cell differentiation;GO:0030514|negative regulation of BMP signaling pathway;GO:0046851|negative regulation of bone remodeling;GO:0090090|negative regulation of canonical Wnt signaling pathway;GO:2000080|negative regulation of canonical Wnt signaling pathway involved in controlling type B pancreatic cell proliferation;GO:0030308|negative regulation of cell growth;GO:0030336|negative regulation of cell migration;GO:0008285|negative regulation of cell proliferation;GO:0050680|negative regulation of epithelial cell proliferation;GO:0010719|negative regulation of epithelial to mesenchymal transition;GO:2000270|negative regulation of fibroblast apoptotic process;GO:0048147|negative regulation of fibroblast proliferation;GO:0010629|negative regulation of gene expression;GO:0046676|negative regulation of insulin secretion;GO:0043508|negative regulation of JUN kinase activity;GO:0030279|negative regulation of ossification;GO:0045668|negative regulation of osteoblast differentiation;GO:0033689|negative regulation of osteoblast proliferation;GO:0045671|negative regulation of osteoclast differentiation;GO:0050732|negative regulation of peptidyl-tyrosine phosphorylation;GO:2000041|negative regulation of planar cell polarity pathway involved in axis elongation;GO:0045892|negative regulation of transcription, DNA-templated;GO:0030178|negative regulation of Wnt signaling pathway;GO:2000054|negative regulation of Wnt signaling pathway involved in dorsal/ventral axis specification;GO:0014034|neural crest cell fate commitment;GO:0001843|neural tube closure;GO:0021915|neural tube development;GO:0001649|osteoblast differentiation;GO:0090179|planar cell polarity pathway involved in neural tube closure;GO:0043065|positive regulation of apoptotic process;GO:0090263|positive regulation of canonical Wnt signaling pathway;GO:0030307|positive regulation of cell growth;GO:0008284|positive regulation of cell proliferation;GO:0050679|positive regulation of epithelial cell proliferation;GO:2001238|positive regulation of extrinsic apoptotic signaling pathway;GO:1902043|positive regulation of extrinsic apoptotic signaling pathway via death domain receptors;GO:0045600|positive regulation of fat cell differentiation;GO:2000271|positive regulation of fibroblast apoptotic process;GO:2000052|positive regulation of non-canonical Wnt signaling pathway;GO:0045880|positive regulation of smoothened signaling pathway;GO:0045893|positive regulation of transcription, DNA-templated;GO:0030177|positive regulation of Wnt signaling pathway;GO:0060527|prostate epithelial cord arborization involved in prostate glandular acinus morphogenesis;GO:0060687|regulation of branching involved in prostate gland morphogenesis;GO:0010564|regulation of cell cycle process;GO:0090175|regulation of establishment of planar polarity;GO:1904956|regulation of midbrain dopaminergic neuron differentiation;GO:0010975|regulation of neuron projection development;GO:0042493|response to drug;GO:0014070|response to organic cyclic compound;GO:0035019|somatic stem cell population maintenance;GO:0001756|somitogenesis;GO:0044345|stromal-epithelial cell signaling involved in prostate gland development;GO:0034446|substrate adhesion-dependent cell spreading;GO:0001657|ureteric bud development;GO:0090244|Wnt signaling pathway involved in somitogenesis;GO:0060071|Wnt signaling pathway, planar cell polarity pathway;	GO:0009986|cell surface;GO:0005829|cytosol;GO:0070062|extracellular exosome;GO:0031012|extracellular matrix;GO:0005615|extracellular space;GO:0016021|integral component of membrane;GO:0005622|intracellular;GO:0005886|plasma membrane;GO:0005578|proteinaceous extracellular matrix;	GO:0004197|cysteine-type endopeptidase activity;GO:0008144|drug binding;GO:0005109|frizzled binding;GO:0004930|G-protein coupled receptor activity;GO:0008201|heparin binding;GO:0042802|identical protein binding;GO:0042813|Wnt-activated receptor activity;GO:0017147|Wnt-protein binding;	K02166	SFRP1; secreted frizzled-related protein 1	4.65440521	18.47210265	6.323212478	14.31205546	7.852691473	18.01963891	35.88695871	15.78815934	24.67363774	31.222645	35.89613327	14.1259132	7.496169586	16.56882036	6.288408239	10.94079435	4.254625186	8.64813554	31.9531122	22.95705302	19.17562087	17.29404057	26.69655822	16.6573051	4.104504424	5.481086002	2.21709247	17.99255639	17.17302196	13.15342365	26.22647962	27.5646546	19.14268488	37.60750744	20.17331457	36.74833281	11.88470209	6.317399506	11.30371708	12.22219669	6.464356941	6.458401017	28.69673933	33.37586194	32.54064685	38.14775875	31.7799313	36.33551156
hapln1	protein_coding	chrNC_030677.1:168858285-168934270:-	gi|512810596|ref|XP_002933976.2|	1762	0	PREDICTED: hyaluronan and proteoglycan link protein 1 [Xenopus tropicalis]	gi|847090129|ref|XM_002933930.3|	4989	0	PREDICTED: Xenopus (Silurana) tropicalis hyaluronan and proteoglycan link protein 1 (hapln1), transcript variant X1, mRNA	P55252	574	0	Hyaluronan and proteoglycan link protein 1	.	.	.	.	pfam00193	Xlink	Extracellular link domain.	GO:0007155|cell adhesion;GO:0007417|central nervous system development;GO:0098779|positive regulation of mitophagy in response to mitochondrial depolarization;GO:0001501|skeletal system development;	GO:0005578|proteinaceous extracellular matrix;	GO:0005201|extracellular matrix structural constituent;GO:0005540|hyaluronic acid binding;	K06848	HAPLN1, CRTL1; hyaluronan and proteoglycan link protein 1	5.617366303	1.848229102	2.214898059	2.366234442	5.338074947	5.324474552	4.259063962	1.524015185	3.595040245	2.179972001	2.156685657	0.835667628	2.720863333	2.29973961	3.862645356	2.588963287	2.741256431	1.973825126	2.630608221	0.176637191	1.897068961	1.059685355	1.678658204	1.925355357	4.081712717	3.99415476	1.407180386	2.904829114	2.548692791	3.580304207	1.460869955	3.022706172	0.636534218	1.624706299	0.953945297	0.597715237	5.343622414	4.904180402	3.363106849	4.253215547	3.272520775	1.430566495	1.069351951	2.37029263	0.763768794	1.622825739	1.600144898	1.19466116
cxcl12	protein_coding	chrNC_030683.1:37782394-37841002:-	gi|62751610|ref|NP_001015764.1|	482	3.00E-53	stromal cell-derived factor 1 precursor [Xenopus tropicalis]	gi|62751609|ref|NM_001015764.1|	2962	0	Xenopus (Silurana) tropicalis chemokine (C-X-C motif) ligand 12 (cxcl12), mRNA	Q5EBF6	190	8.00E-55	Stromal cell-derived factor 1	.	.	.	.	pfam00048	IL8	Small cytokines (intecrine/chemokine), interleukin-8 like. Includes a number of secreted growth factors and interferons involved in mitogenic, chemotactic, and inflammatory activity. Structure contains two highly conserved disulfide bonds.	GO:0007411|axon guidance;GO:0060326|cell chemotaxis;GO:0070098|chemokine-mediated signaling pathway;GO:0007186|G-protein coupled receptor signaling pathway;GO:0006955|immune response;GO:0050930|induction of positive chemotaxis;GO:0006954|inflammatory response;GO:0007509|mesoderm migration involved in gastrulation;GO:0030335|positive regulation of cell migration;	GO:0009897|external side of plasma membrane;GO:0005615|extracellular space;	GO:0042056|chemoattractant activity;GO:0008009|chemokine activity;GO:0045236|CXCR chemokine receptor binding;	K10031	CXCL12; C-X-C motif chemokine 12	38.4674556	61.53948778	48.11947709	68.10145952	31.81651732	38.09205568	243.028183	166.9629715	176.340674	151.3947721	185.4983771	149.7475346	41.92652605	41.31355124	24.55513915	41.35536101	22.57546464	38.45093058	186.7570239	98.38274365	199.2687859	96.62608924	157.5092989	132.2186554	19.80109334	25.15333124	15.99689428	50.25874788	45.09294392	40.34106048	145.7922312	115.214204	80.04909218	176.115735	84.71411645	110.8257122	34.00123141	40.6727672	33.55637597	42.57061992	23.73426048	28.02440282	163.2085788	224.9848818	215.467351	238.8396636	212.1953735	195.7551679
itih6	protein_coding	chrNC_030684.1:8547722-8591530:-	gi|301620566|ref|XP_002939640.1|	5729	0	PREDICTED: inter-alpha-trypsin inhibitor heavy chain H6 [Xenopus tropicalis]	gi|847172987|ref|XM_002939594.3|	2859	0	PREDICTED: Xenopus (Silurana) tropicalis inter-alpha-trypsin inhibitor heavy chain family, member 6 (itih6), mRNA	Q6UXX5	194	9.00E-49	Inter-alpha-trypsin inhibitor heavy chain H6	alr4412	140	4.00E-33	COG2304	pfam08487	VIT	Vault protein inter-alpha-trypsin domain. Inter-alpha-trypsin inhibitors (ITIs) consist of one light chain and a variable set of heavy chains. ITIs play a role in extracellular matrix (ECM) stabilisation and tumor metastasis as well as in plasma protease inhibition. The vault protein inter-alpha-trypsin (VIT) domain described here is found to the N-terminus of a von Willebrand factor type A domain (pfam00092) in ITI heavy chains (ITIHs) and their precursors.	GO:0030212|hyaluronan metabolic process;	GO:0005576|extracellular region;	GO:0004867|serine-type endopeptidase inhibitor activity;	.	.	20.34216232	14.34187905	17.03045229	17.65939341	19.17802431	16.88553725	10.15901966	6.218494712	8.576288177	3.948465633	6.075718705	1.748764689	16.87652887	18.72918208	19.72816818	17.56558191	17.22942291	19.48137142	6.31175112	3.388280293	4.224806235	2.976950754	4.694408029	2.337496616	17.44696077	19.29371094	5.979404179	18.58152103	15.85412355	18.95037663	3.774549591	4.686663783	2.444828542	5.156654175	4.121197256	2.961885979	18.50423327	15.02207221	22.56735071	18.08079692	21.81653865	6.685015834	11.52563944	5.301730204	8.374326081	7.349852304	8.456335453	8.542797902
ache	protein_coding	chrNC_030679.1:131300805-131311379:-	gi|301621499|ref|XP_002940088.1|	3065	0	PREDICTED: acetylcholinesterase isoform X1 [Xenopus tropicalis]	gi|847170855|ref|XM_004919097.2|	3856	0	PREDICTED: Xenopus (Silurana) tropicalis acetylcholinesterase (Yt blood group) (ache), transcript variant X3, mRNA	P04058	736	0	Acetylcholinesterase	BS_pnbA	209	5.00E-58	COG2272	pfam00135	COesterase	Carboxylesterase family.	GO:0006581|acetylcholine catabolic process;GO:0071405|cellular response to methanol;GO:0030239|myofibril assembly;GO:0007528|neuromuscular junction development;GO:0048666|neuron development;GO:0050803|regulation of synapse structure or activity;GO:0001975|response to amphetamine;GO:0045471|response to ethanol;GO:0009749|response to glucose;	GO:0030054|cell junction;GO:0005615|extracellular space;GO:0031594|neuromuscular junction;GO:0005886|plasma membrane;	GO:0003990|acetylcholinesterase activity;	K01049	ACHE; acetylcholinesterase [EC:3.1.1.7]	36.43676255	24.76271081	28.98288717	16.20197294	33.86460903	32.63888147	1.803083478	1.411961172	2.159866304	2.749790568	2.208837943	2.865659231	31.4414618	31.40795271	41.0890824	30.7168533	35.18399433	32.45815149	5.587559966	3.094671752	5.393753582	4.447471074	5.024397659	4.107162726	27.9710722	29.86772609	24.78302561	28.73445282	34.62574039	28.05932854	3.703405412	3.693239284	3.710334406	5.466850943	4.066360697	3.711155123	34.2281294	27.76784865	32.74990856	29.85217763	26.57447825	17.02715935	1.969374916	1.273246777	1.353386789	1.154641757	1.231681145	1.654455624
mmp2	protein_coding	chrNC_030680.1:45322370-45354092:+	gi|62752843|ref|NP_001015789.1|	3410	0	72 kDa type IV collagenase precursor [Xenopus tropicalis]	gi|62752842|ref|NM_001015789.1|	2620	0	Xenopus (Silurana) tropicalis matrix metallopeptidase 2 (mmp2), mRNA	P08253	1101	0	72 kDa type IV collagenase	.	.	.	.	pfam00413	Peptidase_M10	Matrixin. The members of this family are enzymes that cleave peptides. These proteases require zinc for catalysis.	GO:0001525|angiogenesis;GO:0001955|blood vessel maturation;GO:0060346|bone trabecula formation;GO:0044267|cellular protein metabolic process;GO:0071230|cellular response to amino acid stimulus;GO:0030574|collagen catabolic process;GO:0007566|embryo implantation;GO:0035987|endodermal cell differentiation;GO:0048013|ephrin receptor signaling pathway;GO:0022617|extracellular matrix disassembly;GO:0060325|face morphogenesis;GO:0001957|intramembranous ossification;GO:0045089|positive regulation of innate immune response;GO:1904707|positive regulation of vascular smooth muscle cell proliferation;GO:0006508|proteolysis;GO:0001666|response to hypoxia;	GO:0031012|extracellular matrix;GO:0005576|extracellular region;GO:0005615|extracellular space;GO:0005739|mitochondrion;GO:0005634|nucleus;GO:0005886|plasma membrane;GO:0005578|proteinaceous extracellular matrix;GO:0030017|sarcomere;	GO:0004222|metalloendopeptidase activity;GO:0008237|metallopeptidase activity;GO:0004252|serine-type endopeptidase activity;GO:0008270|zinc ion binding;	K01398	MMP2; matrix metalloproteinase-2 (gelatinase A) [EC:3.4.24.24]	15.11793448	32.86906204	18.70033777	30.82090733	17.46014769	20.49912731	177.419968	112.591413	140.7632703	160.7680642	141.7739807	98.69872604	22.23100675	25.81188453	21.21189135	23.73907896	20.78801312	24.37076916	153.0912247	131.5440264	154.8631907	80.84029735	146.1275104	142.6058675	22.05958517	20.95854407	11.78463411	27.17968514	29.00584188	24.36187216	122.6855211	113.312793	66.20650715	140.7784443	101.6704438	103.7775096	18.80600415	29.3180384	27.01693845	25.58593668	18.28831865	16.55672098	104.139783	197.8064729	150.3145633	211.2251831	170.9689977	137.8214737
npb	protein_coding	chrNC_030686.1:19945214-19947060:+	gi|301615810|ref|XP_002937351.1|	644	2.00E-81	PREDICTED: neuropeptide B [Xenopus tropicalis]	gi|847150976|ref|XM_002937305.3|	875	0	PREDICTED: Xenopus (Silurana) tropicalis neuropeptide B (npb), mRNA	Q8MJV4	110	5.00E-28	Neuropeptide B	.	.	.	.	pfam15180	NPBW	Neuropeptides B and W. The function of this family, NPBW, which includes Neuropeptides B and W, is thought to be involved in activating G-protein coupled receptors, GPR7 and GPR8. It is thought to play a regulatory role in the organisation of neuroendocrine signals accessing the anterior pituitary gland. It is predicted that this effect will stimulate the increase in water-drinking and food-intake. This suggests it plays a role in the hypothalamic response to stress. This family of proteins is found in eukaryotes.	GO:0007218|neuropeptide signaling pathway;	GO:0005576|extracellular region;	.	K05267	NPB; preproneuropeptide B	29.52222733	6.413846123	16.76705175	40.76505456	37.01997219	17.66899511	0.142904123	0.065360772	0.130612163	0.0	0.0	0.0	14.19584009	12.90499504	11.85198118	18.15901327	11.14728649	20.43245286	0.0	0.0	0.066385775	0.0	0.0	0.137277837	19.78605675	22.23035187	2.498833759	21.02471374	17.90990072	20.86281898	0.142441064	0.0	0.13202877	0.066195177	0.0	0.069578933	20.36921584	22.13616787	14.42454777	17.50049401	22.79620596	4.002994972	0.0	0.0	0.0	0.065649631	0.06711196	0.0
grn	protein_coding	chrNC_030686.1:9263066-9286816:+	gi|133777115|gb|AAH91093.2|	3495	0	GRN protein [Xenopus tropicalis]	gi|60551345|gb|BC091093.1|	1394	0	Xenopus tropicalis GRN protein, mRNA (cDNA clone MGC:108442 IMAGE:7025242), complete cds	P23785	94.7	1.00E-18	Granulins	.	.	.	.	pfam00396	Granulin	Granulin.	GO:0035988|chondrocyte proliferation;GO:0060179|male mating behavior;GO:0061351|neural precursor cell proliferation;GO:0060999|positive regulation of dendritic spine development;GO:0010976|positive regulation of neuron projection development;GO:0032355|response to estradiol;GO:0048488|synaptic vesicle endocytosis;	GO:0005623|cell;GO:0005615|extracellular space;GO:0045202|synapse;	.	.	.	16.38138543	14.3068375	11.87909671	14.0001025	18.74181533	13.19602557	40.2855828	42.95917566	36.86108653	54.62470404	40.22515319	39.52316361	16.49652995	18.86256018	16.447787	19.74276061	15.35764494	19.67856259	64.04093147	51.86844738	38.17359322	53.63896583	45.0890054	35.70616576	14.15712732	15.61289359	17.66694904	13.25014627	15.61628438	12.97460134	52.33466722	73.74481954	139.6460407	41.36314837	90.07498568	58.82255996	16.41420124	17.78160171	14.33664195	15.95640591	13.81605615	13.16468158	58.54150146	35.70447316	44.59200904	38.40468376	39.61552792	36.40363066
nts	protein_coding	chrNC_030679.1:44633863-44647710:+	gi|301615298|ref|XP_002937110.1|	807	9.00E-105	PREDICTED: neurotensin/neuromedin N [Xenopus tropicalis]	gi|847113852|ref|XM_002937064.3|	1018	0	PREDICTED: Xenopus (Silurana) tropicalis neurotensin (nts), mRNA	P01156	215	4.00E-67	Neurotensin/neuromedin N	.	.	.	.	pfam07421	Pro-NT_NN	Neurotensin/neuromedin N precursor. This family contains the precursor of bacterial neurotensin/neuromedin N (approximately 170 residues long). This the common precursor of two biologically active related peptides, neurotensin and neuromedin N. It undergoes tissue-specific processing leading to the formation in some tissues and cancer cell lines of large peptides ending with the neurotensin or neuromedin N sequence.	GO:0050880|regulation of blood vessel size;	GO:0043679|axon terminus;GO:0005576|extracellular region;GO:0030133|transport vesicle;	GO:0005184|neuropeptide hormone activity;	K05235	NTS; neurotensin	61.23128631	60.79760201	76.15254533	96.81758889	57.4142561	55.06993807	4.935833181	4.292087701	6.516286631	3.038052439	6.317932507	4.118612384	62.79116767	56.90321043	57.34166744	81.28899692	72.48062305	73.13900154	7.035126582	5.842937913	7.643099116	12.76727737	9.066932032	10.53667608	79.67607752	73.53830168	54.31003877	84.96175495	67.03960673	80.19094135	12.3299678	6.968171037	12.72353281	11.2341473	10.60683036	9.672217648	71.56264516	68.66015779	69.56131705	71.16543993	71.00267555	48.25360138	5.664276452	2.953585049	3.947581071	10.46970851	9.72992591	15.45847294
apoe	protein_coding	chrNC_030683.1:101372175-101377797:+	gi|49522289|gb|AAH75258.1|	1238	1.00E-164	apoe protein, partial [Xenopus tropicalis]	gi|847105036|ref|XM_002941039.3|	1749	0	PREDICTED: Xenopus (Silurana) tropicalis apolipoprotein E (apoe), transcript variant X4, mRNA	O42364	132	3.00E-33	Apolipoprotein Eb	.	.	.	.	pfam01442	Apolipoprotein	Apolipoprotein A1/A4/E domain. These proteins contain several 22 residue repeats which form a pair of alpha helices. This family includes: Apolipoprotein A-I. Apolipoprotein A-IV, and Apolipoprotein E.	GO:0006695|cholesterol biosynthetic process;GO:0006707|cholesterol catabolic process;GO:0033344|cholesterol efflux;GO:0042632|cholesterol homeostasis;GO:0034380|high-density lipoprotein particle assembly;GO:0042159|lipoprotein catabolic process;GO:0043524|negative regulation of neuron apoptotic process;GO:0031102|neuron projection regeneration;GO:0033700|phospholipid efflux;GO:0010873|positive regulation of cholesterol esterification;GO:0046889|positive regulation of lipid biosynthetic process;GO:0051000|positive regulation of nitric-oxide synthase activity;GO:0030516|regulation of axon extension;GO:1900221|regulation of amyloid-beta clearance;GO:0032374|regulation of cholesterol transport;GO:0043691|reverse cholesterol transport;GO:0019433|triglyceride catabolic process;GO:0034372|very-low-density lipoprotein particle remodeling;	GO:0072562|blood microparticle;GO:0042627|chylomicron;GO:0034364|high-density lipoprotein particle;GO:0034363|intermediate-density lipoprotein particle;	GO:0001540|amyloid-beta binding;GO:0015485|cholesterol binding;GO:0017127|cholesterol transporter activity;GO:0050750|low-density lipoprotein particle receptor binding;GO:0060228|phosphatidylcholine-sterol O-acyltransferase activator activity;GO:0005543|phospholipid binding;GO:0070326|very-low-density lipoprotein particle receptor binding;	K04524	APOE; apolipoprotein E	140.4717745	257.6769466	267.6000052	339.8720468	107.8412917	200.3716315	63.67834166	18.87666073	51.75844864	90.36435776	24.51991993	6.546045122	183.5083591	237.6972702	95.15400926	122.8763669	41.64483189	149.0131326	16.23394701	43.66366175	16.98966019	20.43258005	23.06816997	27.67426983	60.12275014	125.3905451	42.9082355	196.3511664	206.5660467	205.8578117	37.57406733	31.54782122	14.78671889	12.3665281	31.01753416	9.815328771	151.3463495	148.2008247	176.2550761	155.2097634	52.27414535	166.8176624	142.8920833	36.05779394	44.67152403	16.14423123	59.3946325	66.3155499
pdgfrl	protein_coding	chrNC_030677.1:33242606-33275149:+	gi|71896169|ref|NP_001025586.1|	1907	0	platelet-derived growth factor receptor-like protein precursor [Xenopus tropicalis]	gi|402766827|ref|NM_001030415.2|	1597	0	Xenopus (Silurana) tropicalis platelet-derived growth factor receptor-like (pdgfrl), mRNA	Q15198	540	0	Platelet-derived growth factor receptor-like protein	.	.	.	.	pfam07679	I-set	Immunoglobulin I-set domain.	.	GO:0005576|extracellular region;	GO:0004992|platelet activating factor receptor activity;GO:0005019|platelet-derived growth factor beta-receptor activity;	.	.	15.19779661	21.81145408	18.63750411	18.84634416	11.22076635	15.36723596	79.79185657	53.223072	68.60709973	42.19768855	52.89087629	42.25696306	13.43502029	17.41088574	10.42865131	18.74083477	13.66524528	15.01268393	49.19623081	23.14190079	48.93876364	38.28295092	37.95461394	58.0320606	13.17985688	11.47762733	10.35264933	15.38128375	17.13008941	12.41369868	44.90788376	49.79548031	23.46605096	41.23235494	33.15794609	43.75862578	11.94661889	12.76904375	10.36880548	16.22480752	10.38889594	15.70285437	50.51747088	73.57408756	47.16568412	67.49602721	62.42985175	60.96711312
col5a3	protein_coding	chrNC_030680.1:99399687-99522306:-	gi|512835852|ref|XP_004913770.1|	2096	0	PREDICTED: collagen alpha-1(XI) chain isoform X1 [Xenopus tropicalis]	gi|512835851|ref|XM_004913713.1|	7688	0	PREDICTED: Xenopus (Silurana) tropicalis collagen, type V, alpha 3 (col5a3), transcript variant X1, mRNA	P12107	525	3.00E-152	Collagen alpha-1(XI) chain	.	.	.	.	pfam01410	COLFI	Fibrillar collagen C-terminal domain. Found at C-termini of fibrillar collagens: Ephydatia muelleri procollagen EMF1 alpha, vertebrate collagens alpha(1)III, alpha(1)II, alpha(2)V etc.	GO:0001502|cartilage condensation;GO:0002063|chondrocyte development;GO:0030199|collagen fibril organization;GO:0050910|detection of mechanical stimulus involved in sensory perception of sound;GO:0048704|embryonic skeletal system morphogenesis;GO:0035987|endodermal cell differentiation;GO:0042472|inner ear morphogenesis;GO:0001503|ossification;GO:0006029|proteoglycan metabolic process;GO:0035989|tendon development;GO:0055010|ventricular cardiac muscle tissue morphogenesis;GO:0007601|visual perception;	GO:0005592|collagen type XI trimer;GO:0031012|extracellular matrix;	GO:0005201|extracellular matrix structural constituent;GO:0046872|metal ion binding;	.	.	3.482758211	2.657751776	3.822534256	1.916734855	3.446133492	2.291852769	17.60066535	3.448982745	10.44226756	5.824646143	7.412458419	3.002876494	3.019721301	2.467537443	2.332845568	1.832102809	1.931366181	2.173510488	7.569809571	0.718049083	4.212744311	1.47871881	4.393246068	3.793696397	1.759530583	1.74300772	3.883790881	1.599301664	2.658922889	2.222246124	2.721450007	8.433764007	1.066062822	3.997391986	0.996528719	3.157232253	2.68578397	2.896774819	3.720566093	3.169014073	2.376456571	4.351048865	3.553157592	5.612540968	4.482248057	6.487956645	7.067515626	5.292987106
col5a3	protein_coding	chrNC_030679.1:126399455-126520015:+	gi|847169802|ref|XP_012808459.1|	5648	0	PREDICTED: collagen alpha-3(V) chain isoform X1 [Xenopus tropicalis]	gi|847169801|ref|XM_012953005.1|	6900	0	PREDICTED: Xenopus (Silurana) tropicalis collagen, type V, alpha 3 (col5a3), transcript variant X1, mRNA	Q61245	298	8.00E-80	Collagen alpha-1(XI) chain	.	.	.	.	pfam01410	COLFI	Fibrillar collagen C-terminal domain. Found at C-termini of fibrillar collagens: Ephydatia muelleri procollagen EMF1 alpha, vertebrate collagens alpha(1)III, alpha(1)II, alpha(2)V etc.	GO:0001502|cartilage condensation;GO:0051216|cartilage development;GO:0002063|chondrocyte development;GO:0030199|collagen fibril organization;GO:0050910|detection of mechanical stimulus involved in sensory perception of sound;GO:0048704|embryonic skeletal system morphogenesis;GO:0035987|endodermal cell differentiation;GO:0003007|heart morphogenesis;GO:0042472|inner ear morphogenesis;GO:0001503|ossification;GO:0006029|proteoglycan metabolic process;GO:0007605|sensory perception of sound;GO:0048705|skeletal system morphogenesis;GO:0035989|tendon development;GO:0055010|ventricular cardiac muscle tissue morphogenesis;GO:0007601|visual perception;	GO:0005581|collagen trimer;GO:0005592|collagen type XI trimer;GO:0005578|proteinaceous extracellular matrix;	GO:0005201|extracellular matrix structural constituent;GO:0046872|metal ion binding;	.	.	19.53191835	17.10116501	11.30640859	5.324948135	11.05567249	7.735124239	6.542576934	4.474367005	2.997026004	5.245978621	3.615450368	2.468092859	15.45843803	15.89920964	15.52824651	11.94608802	16.02508121	10.33337846	2.224794598	2.884837929	2.076881499	0.720179312	2.274655674	3.337029766	5.992069504	10.55851707	24.40785077	9.349505606	10.90514221	8.584286922	2.383407918	1.554884424	1.856577481	2.669825393	1.57143789	2.343640711	10.79624009	12.23853507	17.51499563	9.800389304	10.39896854	14.00531327	2.157224356	7.07129885	2.834520523	3.907326693	3.065269985	2.325002311
ptn	protein_coding	chrNC_030679.1:1055144-1089135:-	gi|134026006|gb|AAI35416.1|	672	5.00E-85	ptn protein, partial [Xenopus tropicalis]	gi|847110852|ref|XM_004912472.2|	945	0	PREDICTED: Xenopus (Silurana) tropicalis pleiotrophin (ptn), transcript variant X1, mRNA	P48532	224	4.00E-71	Pleiotrophin-A	.	.	.	.	pfam01091	PTN_MK_C	PTN/MK heparin-binding protein family, C-terminal domain.	GO:0042742|defense response to bacterium;GO:0007275|multicellular organism development;GO:0051781|positive regulation of cell division;GO:0008284|positive regulation of cell proliferation;GO:0009617|response to bacterium;	GO:0005615|extracellular space;	GO:0035374|chondroitin sulfate binding;GO:0008083|growth factor activity;GO:0008201|heparin binding;	K16642	PTN; pleiotrophin	280.0602405	282.7389383	264.2868623	226.4090877	204.1115057	292.052221	3.969558961	13.73786587	8.526071738	7.592674452	9.628429776	6.38805186	217.0511532	277.9143468	171.3641153	194.1776603	171.4487575	251.4159528	13.16920247	4.664530267	2.704605655	4.099914422	1.467443126	9.596737676	219.7073275	263.8799532	176.2645362	265.9030665	247.0139725	332.4773708	5.605319633	4.552088489	7.823927126	1.654879416	13.93696184	1.22407382	253.111834	261.7509195	296.2429794	260.5879473	292.7532085	231.9399152	9.161925877	13.56701704	16.95469483	15.31824731	13.79523613	1.703586814
snca	protein_coding	chrNC_030677.1:68998998-69122153:+	gi|148235931|ref|NP_001090876.1|	436	1.00E-48	alpha-synuclein [Xenopus tropicalis]	gi|148235930|ref|NM_001097407.1|	1264	0	Xenopus tropicalis synuclein alpha (snca), mRNA	P37377	133	2.00E-35	Alpha-synuclein	.	.	.	.	pfam01387	Synuclein	Synuclein. There are three types of synucleins in humans, these are called alpha, beta and gamma. Alpha synuclein has been found mutated in families with autosomal dominant Parkinson's disease. A peptide of alpha synuclein has also been found in amyloid plaques in Alzheimer's patients.	GO:0006919|activation of cysteine-type endopeptidase activity involved in apoptotic process;GO:0008344|adult locomotory behavior;GO:0007568|aging;GO:0048148|behavioral response to cocaine;GO:0071280|cellular response to copper ion;GO:0044344|cellular response to fibroblast growth factor stimulus;GO:0034599|cellular response to oxidative stress;GO:0042416|dopamine biosynthetic process;GO:0060079|excitatory postsynaptic potential;GO:0006631|fatty acid metabolic process;GO:0060291|long-term synaptic potentiation;GO:0001774|microglial cell activation;GO:0042775|mitochondrial ATP synthesis coupled electron transport;GO:0007006|mitochondrial membrane organization;GO:1904715|negative regulation of chaperone-mediated autophagy;GO:0045963|negative regulation of dopamine metabolic process;GO:0051585|negative regulation of dopamine uptake involved in synaptic transmission;GO:0045920|negative regulation of exocytosis;GO:0035067|negative regulation of histone acetylation;GO:0031115|negative regulation of microtubule polymerization;GO:0032769|negative regulation of monooxygenase activity;GO:0043524|negative regulation of neuron apoptotic process;GO:0051622|negative regulation of norepinephrine uptake;GO:0010642|negative regulation of platelet-derived growth factor receptor signaling pathway;GO:0001933|negative regulation of protein phosphorylation;GO:0051612|negative regulation of serotonin uptake;GO:0070495|negative regulation of thrombin-activated receptor signaling pathway;GO:0032410|negative regulation of transporter activity;GO:0006638|neutral lipid metabolic process;GO:0006644|phospholipid metabolic process;GO:0045807|positive regulation of endocytosis;GO:1903284|positive regulation of glutathione peroxidase activity;GO:1903285|positive regulation of hydrogen peroxide catabolic process;GO:0060732|positive regulation of inositol phosphate biosynthetic process;GO:0001956|positive regulation of neurotransmitter secretion;GO:0033138|positive regulation of peptidyl-serine phosphorylation;GO:0071902|positive regulation of protein serine/threonine kinase activity;GO:0001921|positive regulation of receptor recycling;GO:0051281|positive regulation of release of sequestered calcium ion into cytosol;GO:0031648|protein destabilization;GO:0031623|receptor internalization;GO:0050812|regulation of acyl-CoA biosynthetic process;GO:0014059|regulation of dopamine secretion;GO:0014048|regulation of glutamate secretion;GO:0040012|regulation of locomotion;GO:0048169|regulation of long-term neuronal synaptic plasticity;GO:0043030|regulation of macrophage activation;GO:1901214|regulation of neuron death;GO:0010517|regulation of phospholipase activity;GO:0042220|response to cocaine;GO:0042493|response to drug;GO:0034341|response to interferon-gamma;GO:0070555|response to interleukin-1;GO:0010040|response to iron(II) ion;GO:0032496|response to lipopolysaccharide;GO:0032026|response to magnesium ion;GO:0050808|synapse organization;GO:0001963|synaptic transmission, dopaminergic;GO:0048488|synaptic vesicle endocytosis;	GO:0015629|actin cytoskeleton;GO:0043679|axon terminus;GO:0005938|cell cortex;GO:0030054|cell junction;GO:0005737|cytoplasm;GO:0030659|cytoplasmic vesicle membrane;GO:0005829|cytosol;GO:0005615|extracellular space;GO:0005794|Golgi apparatus;GO:0030426|growth cone;GO:0016234|inclusion body;GO:0043231|intracellular membrane-bounded organelle;GO:0005739|mitochondrion;GO:0005640|nuclear outer membrane;GO:0048471|perinuclear region of cytoplasm;GO:0005886|plasma membrane;GO:0031092|platelet alpha granule membrane;GO:0098794|postsynapse;GO:0005840|ribosome;GO:0005791|rough endoplasmic reticulum;GO:0008021|synaptic vesicle;GO:0043195|terminal bouton;	GO:0050544|arachidonic acid binding;GO:0048487|beta-tubulin binding;GO:0005509|calcium ion binding;GO:0005507|copper ion binding;GO:0043027|cysteine-type endopeptidase inhibitor activity involved in apoptotic process;GO:0019899|enzyme binding;GO:0008198|ferrous iron binding;GO:0042802|identical protein binding;GO:0000287|magnesium ion binding;GO:0008017|microtubule binding;GO:0016491|oxidoreductase activity;GO:0043274|phospholipase binding;GO:0005543|phospholipid binding;GO:0019904|protein domain specific binding;GO:0047485|protein N-terminus binding;GO:0008270|zinc ion binding;	K04528	SNCA; synuclein, alpha (non A4 component of amyloid precursor)	253.4818453	277.7174662	339.6720376	323.7473027	197.8853239	258.4132338	9.088606089	6.242748289	10.93783955	7.484624383	4.984011153	3.747568965	262.0322349	244.417648	246.9261005	272.6012294	280.2041801	242.6772187	6.727841007	4.25671567	8.444181309	3.276962122	5.021798384	6.462640022	280.6463621	283.9796322	275.9621059	291.0605004	272.4552472	281.8524386	6.12540787	4.137387831	1.255058796	3.685595388	2.30314329	1.732274261	238.0938545	265.0219359	281.1040877	317.4859098	279.9223156	332.3649497	4.601772364	8.20031524	5.299880761	5.378820674	6.13659537	3.238841978
chga	protein_coding	chrNC_030684.1:66553174-66569449:+	gi|847153951|ref|XP_012823716.1|	1988	0	PREDICTED: chromogranin-A isoform X1 [Xenopus tropicalis]	gi|847153956|ref|XM_012968264.1|	4195	0	PREDICTED: Xenopus (Silurana) tropicalis chromogranin A (chga), transcript variant X3, mRNA	P04404	145	2.00E-36	Chromogranin-A (Fragment)	.	.	.	.	pfam01271	Granin	Granin (chromogranin or secretogranin).	GO:0050829|defense response to Gram-negative bacterium;GO:0050830|defense response to Gram-positive bacterium;GO:0045576|mast cell activation;GO:0002551|mast cell chemotaxis;GO:0032762|mast cell cytokine production;GO:0043303|mast cell degranulation;GO:0033604|negative regulation of catecholamine secretion;GO:2000707|positive regulation of dense core granule biogenesis;	GO:0005576|extracellular region;GO:0042629|mast cell granule;GO:0030141|secretory granule;GO:0030658|transport vesicle membrane;	.	.	.	95.20125452	97.39035403	97.66172666	227.3562655	208.2339834	103.3954348	2.985573368	2.421623504	3.212687432	2.116737885	2.532114352	1.523345658	114.2602283	150.4888034	95.12641266	197.5476062	199.789995	213.188525	1.888251737	2.834269979	2.568915553	1.678158338	2.41941708	3.037566817	104.0054689	96.27570619	81.15736733	103.3465099	98.57823616	108.9445685	2.38951502	5.187933902	1.290859977	2.384412237	1.832735348	2.420368079	166.4158003	242.0495794	99.75433563	202.604161	109.3324166	89.68402275	1.715851636	2.906285359	3.026440584	3.18904937	2.624644384	1.921594631
nampt	protein_coding	chrNC_030679.1:67220810-67247172:+	gi|58332628|ref|NP_001011388.1|	2559	0	nicotinamide phosphoribosyltransferase [Xenopus tropicalis]	gi|89886121|ref|NM_001011388.2|	2507	0	Xenopus (Silurana) tropicalis nicotinamide phosphoribosyltransferase (nampt), mRNA	Q52I78	887	0	Nicotinamide phosphoribosyltransferase	PM0999	392	7.00E-126	COG1488	pfam04095	NAPRTase	Nicotinate phosphoribosyltransferase (NAPRTase) family. Nicotinate phosphoribosyltransferase (EC:2.4.2.11) is the rate limiting enzyme that catalyses the first reaction in the NAD salvage synthesis. This family also includes Pre-B cell enhancing factor that is a cytokine. This family is related to Quinolinate phosphoribosyltransferase pfam01729.	GO:0032922|circadian regulation of gene expression;GO:0009435|NAD biosynthetic process;GO:0051770|positive regulation of nitric-oxide synthase biosynthetic process;GO:0045944|positive regulation of transcription from RNA polymerase II promoter;	GO:0030054|cell junction;GO:0005737|cytoplasm;GO:0070062|extracellular exosome;GO:0005615|extracellular space;GO:0005654|nucleoplasm;	GO:0047280|nicotinamide phosphoribosyltransferase activity;GO:0004514|nicotinate-nucleotide diphosphorylase (carboxylating) activity;	K03462	NAMPT; nicotinamide phosphoribosyltransferase [EC:2.4.2.12]	17.21447896	13.69338264	16.97166924	15.24237917	12.82870324	14.68025181	9.681400582	18.05186853	14.23478596	16.7934776	10.64566749	12.82325226	16.87362719	17.6669677	15.40170821	15.20538403	17.47388453	13.10143135	21.71079934	19.59878594	13.91800782	25.18402879	13.29525266	10.25166421	14.51218076	15.33540201	14.24852553	16.64634571	17.91806216	17.61600459	18.04135947	39.97585583	78.12246913	14.77266615	23.70469058	23.87039629	16.93050405	16.97066172	15.79456325	17.64699455	17.60253742	14.77876476	22.5698011	13.70940355	10.28477068	19.26914179	10.79107152	12.35016104
tnc	protein_coding	chrNC_030684.1:14856879-14917280:+	gi|512858279|ref|XP_004916768.1|	9680	0	PREDICTED: tenascin isoform X1 [Xenopus tropicalis]	gi|847159454|ref|XM_004916711.2|	7530	0	PREDICTED: Xenopus (Silurana) tropicalis tenascin C (tnc), transcript variant X1, mRNA	P10039	2519	0	Tenascin	.	.	.	.	pfam00147	Fibrinogen_C	Fibrinogen beta and gamma chains, C-terminal globular domain.	GO:0007155|cell adhesion;GO:0042127|regulation of cell proliferation;	GO:0005578|proteinaceous extracellular matrix;	.	K06252	TN; tenascin	15.64245202	26.89503961	25.15078427	14.06584363	13.12852962	19.09254424	26.99449977	23.60971695	19.26715422	24.06091602	24.47177128	14.06151566	23.02203529	22.13599097	18.76834448	16.78329555	16.94664045	19.26322126	14.50915312	11.50077387	15.71473023	11.13788358	14.05473399	19.08076453	15.80579119	14.54991666	21.63796978	20.48287562	19.74562454	14.9624452	10.83216355	12.53011818	5.188531264	17.04319706	11.435992	12.0908145	16.86273495	19.46567555	19.51430374	22.93434384	17.78997596	23.86268264	19.00508006	20.35199618	16.99743204	15.49480898	22.07168132	14.10853362
gpi	protein_coding	chrNC_030680.1:19407485-19430385:-	gi|58332406|ref|NP_001011010.1|	2989	0	glucose-6-phosphate isomerase [Xenopus tropicalis]	gi|58332405|ref|NM_001011010.1|	2119	0	Xenopus (Silurana) tropicalis glucose-6-phosphate isomerase (gpi), mRNA	P06744	965	0	Glucose-6-phosphate isomerase	HI1576	722	0	COG0166	pfam00342	PGI	Phosphoglucose isomerase. Phosphoglucose isomerase catalyses the interconversion of glucose-6-phosphate and fructose-6-phosphate.	GO:0046185|aldehyde catabolic process;GO:0001525|angiogenesis;GO:0061621|canonical glycolysis;GO:0005975|carbohydrate metabolic process;GO:0034101|erythrocyte homeostasis;GO:0006094|gluconeogenesis;GO:0051156|glucose 6-phosphate metabolic process;GO:0042593|glucose homeostasis;GO:0007599|hemostasis;GO:0006959|humoral immune response;GO:0001701|in utero embryonic development;GO:0007611|learning or memory;GO:0001707|mesoderm formation;GO:0019242|methylglyoxal biosynthetic process;GO:0043154|negative regulation of cysteine-type endopeptidase activity involved in apoptotic process;GO:0043524|negative regulation of neuron apoptotic process;GO:0046686|response to cadmium ion;GO:0032355|response to estradiol;GO:0035902|response to immobilization stress;GO:0043278|response to morphine;GO:0035994|response to muscle stretch;GO:0032570|response to progesterone;GO:0033574|response to testosterone;	GO:0060170|ciliary membrane;GO:0005737|cytoplasm;GO:0005829|cytosol;GO:0070062|extracellular exosome;GO:0005615|extracellular space;GO:0016020|membrane;GO:0043209|myelin sheath;GO:0043005|neuron projection;GO:0005654|nucleoplasm;GO:0005886|plasma membrane;	GO:0004347|glucose-6-phosphate isomerase activity;GO:0016866|intramolecular transferase activity;GO:0048029|monosaccharide binding;GO:0031625|ubiquitin protein ligase binding;	K01810	GPI, pgi; glucose-6-phosphate isomerase [EC:5.3.1.9]	237.6345075	214.7103377	223.825775	265.4303572	249.2569562	232.2825349	56.52704191	150.4749012	63.13100221	147.1131855	58.82694857	88.1470924	218.2109572	208.8711513	236.3573549	238.3823723	238.4081107	224.8116199	173.6905174	101.5548027	109.3782077	136.8693236	85.61191114	78.40415934	253.5528951	246.772394	173.3640646	243.7211528	219.140907	242.5227795	98.54321115	219.658727	514.7873413	94.14848518	137.7876337	173.9187225	245.0137191	235.5309408	238.3464766	228.5092811	244.6943291	180.2651851	182.9484917	93.24788511	62.16507197	98.44745291	59.77158898	71.67393209
scg3	protein_coding	chrNC_030679.1:92450614-92479917:-	gi|452881615|ref|NP_001263623.1|	2186	0	secretogranin-3 isoform 1 precursor [Xenopus tropicalis]	gi|452881614|ref|NM_001276694.1|	2418	0	Xenopus (Silurana) tropicalis secretogranin III (scg3), transcript variant 1, mRNA	F7E728	835	0	Secretogranin-3	.	.	.	.	pfam15467	SGIII	Secretogranin-3. Secretogranin_3 is a family of vertebrate proteins that is one of the granin family. Granins are rich in acidic amino acids, exhibit aggregation at low pH, and possess a high capacity for calcium binding. Because granins are restricted in their localisation to secretory granules of neuroendocrine cells, two interesting characteristics of their sorting mechanisms have been observed. These are, first, that they aggregate on low pH/high calcium concentrations and second that two of them carry an N-terminal disulfide loop, mutations in which lead to mis-sorting. Thus, granins are thought to be essential for the sorting of secretory proteins at the trans-Golgi network. Chromogranin A (CgA) binds to SGIII in secretory granules of endocrine cells. SGIII directly binds to cholesterol components of the secretory granule membrane and targets CgA to secretory granules in pituitary and pancreatic endocrine cells. Mutations in the SGIII gene may influence the risk of obesity through possible regulation of hypothalamic neuropeptide secretion.	.	GO:0031410|cytoplasmic vesicle;GO:0005576|extracellular region;GO:0030658|transport vesicle membrane;	.	.	.	100.1370835	99.16161729	100.9741806	107.4017275	98.1873617	110.0053285	7.239766343	7.426746061	7.656854457	6.056333855	7.206214228	2.632747744	97.86990707	101.9941689	99.44126033	105.8549619	115.5200302	107.9154053	2.496184748	5.371733243	3.435285409	4.171128817	3.321546591	3.974130929	101.5046417	97.75794638	85.98607407	103.2901152	109.3099844	116.3012717	2.989612894	3.006831595	2.962183948	3.8326405	2.685055818	6.722654343	106.2918722	114.0933324	106.1718326	113.6387142	110.7072912	83.76582796	2.795852665	6.338594216	3.941242815	10.28660218	4.930009022	8.58134301
crhbp	protein_coding	chrNC_030677.1:164885851-164898367:+	gi|301623231|ref|XP_002940913.1|	1639	0	PREDICTED: corticotropin-releasing factor-binding protein [Xenopus tropicalis]	gi|847089755|ref|XM_002940867.3|	1244	0	PREDICTED: Xenopus (Silurana) tropicalis corticotropin releasing hormone binding protein (crhbp), mRNA	Q91653	611	0	Corticotropin-releasing factor-binding protein	.	.	.	.	pfam05428	CRF-BP	Corticotropin-releasing factor binding protein (CRF-BP). This family consists of several eukaryotic corticotropin-releasing factor binding proteins (CRF-BP or CRH-BP). Corticotropin-releasing hormone (CRH) plays multiple roles in vertebrate species. In mammals, it is the major hypothalamic releasing factor for pituitary adrenocorticotropin secretion, and is a neurotransmitter or neuromodulator at other sites in the central nervous system. In non-mammalian vertebrates, CRH not only acts as a neurotransmitter and hypophysiotropin, it also acts as a potent thyrotropin-releasing factor, allowing CRH to regulate both the adrenal and thyroid axes, especially in development. CRH-BP is thought to play an inhibitory role in which it binds CRH and other CRH-like ligands and prevents the activation of CRH receptors. There is however evidence that CRH-BP may also exhibit diverse extra and intracellular roles in a cell specific fashion and at specific times in development.	.	GO:0005576|extracellular region;	GO:0051424|corticotropin-releasing hormone binding;	.	.	21.82178821	11.58992329	12.26025556	13.03846829	19.78641484	16.04843835	0.541943333	0.045067514	0.315208628	0.2317262	0.656088248	0.129737997	10.44762175	12.27175303	21.26859587	14.22618346	15.3209528	15.19073783	0.490342645	0.926289698	1.235905389	1.502332708	0.500856031	2.65036013	23.02875109	20.04098173	8.980454206	14.97697737	15.91447898	18.28556073	2.651828312	0.811654975	0.819327475	0.775928489	0.535983449	1.871064685	16.94555871	16.98827881	17.99509003	13.98313602	14.1807522	8.174267631	0.514039852	0.275539031	1.220341082	1.04113383	0.323924943	0.42287616
