GeneName	Biotype	Position	NR:Seq-id	NR:Score	NR:Evalue	NR:Description	NT:Seq-id	NT:Score	NT:Evalue	NT:Description	Uniprot:UniProtKB-AC	Uniprot:Score	Uniprot:Evalue	Uniprot:Description	COG:gene	COG:Score	COG:Eval	COG:num	Pfam:pfam_ID	Pfam:pfam_Name	Pfam:pfam_Description	GO:biological_process	GO:cellular_component	GO:molecular_function	KEGG:KO	KEGG:Description	Lbra1	Lbra2	Lbra3	Lbra4	Lbra5	Lbra6	Lint1	Lint2	Lint3	Lint4	Lint5	Lint6	LMbra1	LMbra2	LMbra3	LMbra4	LMbra5	LMbra6	LMint1	LMint2	LMint3	LMint4	LMint5	LMint6	Mbra1	Mbra2	Mbra3	Mbra4	Mbra5	Mbra6	Mint1	Mint2	Mint3	Mint4	Mint5	Mint6	MLbra1	MLbra2	MLbra3	MLbra4	MLbra5	MLbra6	MLint1	MLint2	MLint3	MLint4	MLint5	MLint6
col1a1	protein_coding	chrNC_030686.1:13936262-13962423:+	gi|58332412|ref|NP_001011005.1|	1566	0	collagen alpha-1(I) chain precursor [Xenopus tropicalis]	gi|58332411|ref|NM_001011005.1|	5663	0	Xenopus (Silurana) tropicalis collagen, type I, alpha 1 (col1a1), mRNA	Q9YIB4	60.8	1.00E-07	Collagen alpha-1(I) chain	.	.	.	.	pfam01410	COLFI	Fibrillar collagen C-terminal domain. Found at C-termini of fibrillar collagens: Ephydatia muelleri procollagen EMF1 alpha, vertebrate collagens alpha(1)III, alpha(1)II, alpha(2)V etc.	.	GO:0005581|collagen trimer;GO:0005578|proteinaceous extracellular matrix;	GO:0005201|extracellular matrix structural constituent;GO:0046872|metal ion binding;	.	.	9.011884411	7.56571439	8.543248978	13.36642114	7.077722045	11.90046212	62.07944491	51.38375626	25.04804007	104.5079644	30.01232524	69.57340872	4.198580883	3.851110536	3.46005411	3.685391634	2.002889396	4.961534101	41.47982176	79.78721712	22.33734407	18.30535661	21.65623721	42.85004987	3.547840871	2.092577331	1.910698214	2.763552244	2.813260372	3.729867587	66.60924951	16.30538753	52.33139251	27.11530629	59.69319416	32.17046701	4.235443421	10.25258286	4.964951731	8.95614084	5.807570824	2.23855789	33.39108849	116.3209112	43.45469959	98.55644807	51.19678056	37.44067292
ifi30	protein_coding	chrNC_030677.1:84907019-84926542:-	gi|847087884|ref|XP_012818874.1|	1369	0	PREDICTED: gamma-interferon-inducible lysosomal thiol reductase isoform X1 [Xenopus tropicalis]	gi|847087883|ref|XM_012963420.1|	1901	0	PREDICTED: Xenopus (Silurana) tropicalis interferon, gamma-inducible protein 30 (ifi30), transcript variant X1, mRNA	P13284	214	2.00E-63	Gamma-interferon-inducible lysosomal thiol reductase	.	.	.	.	pfam03227	GILT	Gamma interferon inducible lysosomal thiol reductase (GILT). This family includes the two characterized human gamma-interferon-inducible lysosomal thiol reductase (GILT) sequences. It also contains several other eukaryotic putative proteins with similarity to GILT. The aligned region contains three conserved cysteine residues. In addition, the two GILT sequences possess a C-X(2)-C motif that is shared by some of the other sequences in the family. This motif is thought to be associated with disulphide bond reduction.	GO:0042590|antigen processing and presentation of exogenous peptide antigen via MHC class I;GO:0019886|antigen processing and presentation of exogenous peptide antigen via MHC class II;GO:0060333|interferon-gamma-mediated signaling pathway;GO:0048147|negative regulation of fibroblast proliferation;GO:0050821|protein stabilization;	GO:0030054|cell junction;GO:0005737|cytoplasm;GO:0005576|extracellular region;GO:0043231|intracellular membrane-bounded organelle;GO:0043202|lysosomal lumen;GO:0005764|lysosome;GO:0005886|plasma membrane;	GO:0016667|oxidoreductase activity, acting on a sulfur group of donors;	K08059	IFI30, GILT; interferon, gamma-inducible protein 30	22.4302667	29.62371109	19.63502721	46.29382376	24.53448381	27.95839294	134.5706167	115.4753439	92.34583607	129.9346359	101.7512636	112.4182208	15.60740324	13.44651084	13.1136491	17.43210561	13.53322745	17.72184265	76.49776446	169.3253285	68.9488465	109.4614159	84.16182295	65.25621743	14.68793839	14.87175611	15.75388953	13.26628814	15.14208689	21.36966255	79.18696703	81.81681069	69.71629248	80.52894205	92.61600773	98.02686051	22.92951861	31.33443448	22.45071888	27.79562041	22.27804322	31.42905022	106.7147613	100.0108059	128.6607333	95.10057371	88.05506195	86.21880991
ccl5	protein_coding	chrNC_030678.1:44440323-44444827:+	gi|512820816|ref|XP_004911784.1|	493	2.00E-61	PREDICTED: C-C motif chemokine 5-like isoform X2 [Xenopus tropicalis]	gi|512820815|ref|XM_004911727.1|	446	0	PREDICTED: Xenopus (Silurana) tropicalis C-C motif chemokine 5-like (LOC100496523), transcript variant X2, mRNA	Q91ZL1	97.1	7.00E-25	C-C motif chemokine 5	.	.	.	.	pfam00048	IL8	Small cytokines (intecrine/chemokine), interleukin-8 like. Includes a number of secreted growth factors and interferons involved in mitogenic, chemotactic, and inflammatory activity. Structure contains two highly conserved disulfide bonds.	GO:0060326|cell chemotaxis;GO:0070098|chemokine-mediated signaling pathway;GO:0007186|G-protein coupled receptor signaling pathway;GO:0006955|immune response;GO:0006954|inflammatory response;GO:0050796|regulation of insulin secretion;GO:1901214|regulation of neuron death;GO:0009615|response to virus;	GO:0005615|extracellular space;	.	.	.	3.552375635	4.772944869	4.284000083	9.140146763	3.294800773	3.619587217	345.1404243	198.7300378	173.8859917	119.1122502	192.3209375	187.4200776	1.875946015	1.391104157	1.341473378	1.940708699	1.908092572	1.636166949	89.9295508	99.64741712	99.49227809	197.2680214	120.2090767	88.84963536	2.480845563	2.573459042	1.931256557	1.502411946	1.323155789	2.161817873	110.9306839	93.22881981	70.48219239	114.3207475	205.7512638	217.903297	5.067648299	3.718200382	3.646814554	2.947118354	3.402874865	4.228758917	179.6919117	105.0638947	316.2285915	122.0966361	168.4517006	234.0220803
col12a1	protein_coding	chrNC_030681.1:82007932-82160037:-	gi|512841700|ref|XP_002936246.2|	15050	0	PREDICTED: collagen alpha-1(XII) chain isoform X1 [Xenopus tropicalis]	gi|512841699|ref|XM_002936200.2|	10383	0	PREDICTED: Xenopus (Silurana) tropicalis collagen, type XII, alpha 1 (col12a1), transcript variant X1, mRNA	P13944	162	4.00E-38	Collagen alpha-1(XII) chain	.	.	.	.	pfam00092	VWA	von Willebrand factor type A domain.	GO:0007155|cell adhesion;	GO:0005581|collagen trimer;GO:0005578|proteinaceous extracellular matrix;	.	K08132	COL12A; collagen, type XII, alpha	3.755740746	3.561912296	3.732321985	4.915785992	3.083410342	3.509425867	22.52763635	20.3919362	11.105229	19.28200914	12.74466135	19.17053478	2.434463453	3.253224084	2.329601373	2.419256124	1.929713367	3.521742652	14.68821029	19.87865947	10.85795515	15.99429192	10.41448211	14.09148646	1.941252136	1.560116849	2.408296304	1.922826001	2.822348827	1.788606648	17.71702192	6.469857354	15.25049521	10.29473485	19.17887416	10.41084652	2.498822753	4.504855187	3.066267046	4.451865732	2.199539406	1.487735171	18.17771252	21.66084958	21.49957803	20.67217297	30.57606147	18.30689032
col3a1	protein_coding	chrNC_030685.1:39803845-39864240:-	gi|218847780|ref|NP_001136379.1|	1436	1.00E-166	collagen alpha-1(III) chain precursor [Xenopus tropicalis]	gi|218847779|ref|NM_001142907.1|	5222	0	Xenopus (Silurana) tropicalis collagen, type III, alpha 1 (Ehlers-Danlos syndrome type IV, autosomal dominant) (col3a1), mRNA	P13941	147	4.00E-34	Collagen alpha-1(III) chain	.	.	.	.	pfam01410	COLFI	Fibrillar collagen C-terminal domain. Found at C-termini of fibrillar collagens: Ephydatia muelleri procollagen EMF1 alpha, vertebrate collagens alpha(1)III, alpha(1)II, alpha(2)V etc.	GO:0007568|aging;GO:0060414|aorta smooth muscle tissue morphogenesis;GO:0007160|cell-matrix adhesion;GO:0071230|cellular response to amino acid stimulus;GO:0021987|cerebral cortex development;GO:0030199|collagen fibril organization;GO:0048565|digestive tract development;GO:0007507|heart development;GO:0007229|integrin-mediated signaling pathway;GO:0050777|negative regulation of immune response;GO:2001223|negative regulation of neuron migration;GO:0018149|peptide cross-linking;GO:0035025|positive regulation of Rho protein signal transduction;GO:0034097|response to cytokine;GO:0009612|response to mechanical stimulus;GO:0009314|response to radiation;GO:0001501|skeletal system development;GO:0043588|skin development;GO:0007179|transforming growth factor beta receptor signaling pathway;GO:0042060|wound healing;	GO:0005586|collagen type III trimer;GO:0031012|extracellular matrix;GO:0005615|extracellular space;	GO:0005201|extracellular matrix structural constituent;GO:0046872|metal ion binding;	.	.	3.746893566	5.054567156	3.555955185	5.541084879	2.733997532	7.096994142	73.79016621	83.06121195	36.04316176	199.9085448	46.44551541	153.870346	2.044126328	2.041362011	1.972324749	2.551563187	1.269902965	2.208991343	53.20058846	133.432037	45.68103796	30.44503582	32.08732161	72.45873299	1.856762448	1.263777508	1.625551025	1.911589181	2.469152644	2.224915435	120.7531788	26.09516505	90.22332501	50.23541428	84.04647312	60.71632653	2.001890431	5.311157192	3.41504971	6.199598078	2.350374527	2.011262816	40.72298036	184.9149057	63.9490184	162.7533007	65.1385469	60.78991829
col2a1	protein_coding	chrNC_030678.1:140468231-140516271:+	gi|847099118|ref|XP_012812117.1|	1562	0	PREDICTED: collagen alpha-1(II) chain isoform X2 [Xenopus tropicalis]	gi|45361284|ref|NM_203889.1|	6071	0	Xenopus tropicalis collagen, type II, alpha 1 (col2a1), mRNA	Q6P4Z2	306	6.00E-83	Collagen alpha-1(II) chain	.	.	.	.	pfam01410	COLFI	Fibrillar collagen C-terminal domain. Found at C-termini of fibrillar collagens: Ephydatia muelleri procollagen EMF1 alpha, vertebrate collagens alpha(1)III, alpha(1)II, alpha(2)V etc.	.	GO:0005581|collagen trimer;GO:0005578|proteinaceous extracellular matrix;	GO:0005201|extracellular matrix structural constituent;GO:0046872|metal ion binding;	.	.	5.951375023	4.530139053	4.769861925	3.651940454	5.227687859	4.218418158	1.071281223	0.067462467	0.194113026	0.58235816	0.131965811	0.339406888	3.531724845	3.374228436	2.953106111	3.342188265	2.961463995	2.989396106	0.028073479	1.465071671	0.305943159	0.194307297	0.187982833	0.180299896	2.487352089	2.357936796	2.391440016	2.397640051	3.544598627	2.278023381	0.059051425	0.189422527	0.009560392	0.152325658	0.110865093	0.057369037	2.742094196	4.203345678	4.250150034	5.023241221	3.08061759	2.871216902	0.049957171	0.244891704	0.357342831	0.087096619	0.25963252	0.300992248
cfb	protein_coding	chrNC_030684.1:53744892-53777706:-	gi|512861354|ref|XP_002943021.2|	3444	0	PREDICTED: complement factor B-like [Xenopus tropicalis]	gi|847158885|ref|XM_002942975.3|	3130	0	PREDICTED: Xenopus (Silurana) tropicalis complement factor B-like (LOC100491419), mRNA	P04186	448	3.00E-141	Complement factor B	.	.	.	.	pfam00092	VWA	von Willebrand factor type A domain.	GO:0008283|cell proliferation;GO:0006957|complement activation, alternative pathway;	GO:0072562|blood microparticle;GO:0070062|extracellular exosome;GO:0005615|extracellular space;	GO:0004252|serine-type endopeptidase activity;	K01335	CFB; component factor B [EC:3.4.21.47]	3.398219462	3.408075789	2.910213933	6.42987952	3.21282513	3.181560982	15.9209124	10.32963438	2.26967675	12.07969241	9.178973995	4.115515558	6.00168617	7.108710483	5.014372269	6.670535398	5.792013461	5.477236368	10.32165867	197.5970547	1.863154404	13.49915931	6.82536578	4.068390523	7.415876911	7.825043254	7.443890953	6.533635792	6.490191912	10.4129625	6.501849455	6.515299947	9.427234577	4.076684494	33.95902513	7.229630757	3.740576046	4.496774028	4.5346781	4.120619237	5.17532801	3.087067072	3.037459597	5.010965945	5.382790304	3.526618423	8.976125516	8.094545637
lgi1	protein_coding	chrNC_030683.1:27854473-27880573:+	gi|118403591|ref|NP_001072366.1|	2858	0	leucine-rich glioma-inactivated protein 1 precursor [Xenopus tropicalis]	gi|847146535|ref|XM_012966735.1|	2791	0	PREDICTED: Xenopus (Silurana) tropicalis leucine-rich, glioma inactivated 1 (lgi1), transcript variant X1, mRNA	Q1EGL2	863	0	Leucine-rich glioma-inactivated protein 1	SPy1798	52.8	5.00E-06	COG4886	pfam13855	LRR_8	Leucine rich repeat.	GO:0007411|axon guidance;GO:0030307|positive regulation of cell growth;GO:0050806|positive regulation of synaptic transmission;	GO:0030054|cell junction;GO:0005615|extracellular space;GO:0045202|synapse;	.	.	.	121.1205317	134.984937	125.0354715	122.5564835	117.2032221	120.5145838	0.706604773	0.412227622	0.684985748	0.506631638	0.412491109	0.483918587	135.2153904	138.5191842	124.9674054	150.277051	145.7867007	133.6862124	0.960636607	0.409581514	0.511179806	0.831116715	0.973341707	0.953855622	154.9280943	128.7506332	139.0863793	146.4706858	133.9335396	134.8649161	0.7787961	0.850734082	0.817859346	0.999039237	2.026156127	0.879301228	134.0246188	129.1668787	125.0963115	126.2995137	133.9391198	128.6932392	0.662418477	0.305515873	0.950132323	0.807172403	1.233927055	0.729551382
tf	protein_coding	chrNC_030681.1:126324097-126345250:+	gi|73853808|ref|NP_001027487.1|	3678	0	serotransferrin precursor [Xenopus tropicalis]	gi|73853807|ref|NM_001032316.1|	2302	0	Xenopus (Silurana) tropicalis transferrin (tf), mRNA	Q501K5	1421	0	Serotransferrin	.	.	.	.	pfam00405	Transferrin	Transferrin.	GO:0006811|ion transport;GO:0055072|iron ion homeostasis;	GO:0005615|extracellular space;	GO:0046872|metal ion binding;	K14736	TF; transferrin	611.3187192	843.8040766	581.6237289	478.4690726	258.3651263	471.4728248	0.426087347	0.384515969	0.129078416	2.257852384	0.189005769	0.050154174	372.5966287	438.3724527	144.9104635	429.3134522	101.0370914	322.2553531	0.547591382	32.65234715	0.050860392	2.506627433	1.184229959	0.631016657	36.0205032	125.9342758	50.80083705	257.3183941	423.4402523	164.3809247	0.052356194	0.251918795	0.203434518	0.027011005	20.2130769	0.10172911	361.4534586	320.3678979	358.9841869	430.2395922	58.36273202	303.3162229	0.664395652	0.108562982	1.027548385	0	0.051154549	0.853970709
igfbp5	protein_coding	chrNC_030685.1:80037309-80055187:+	gi|847163481|ref|XP_012825854.1|	1320	5.00E-164	PREDICTED: insulin-like growth factor-binding protein 5 isoform X1 [Xenopus tropicalis]	gi|847163480|ref|XM_012970400.1|	6100	0	PREDICTED: Xenopus (Silurana) tropicalis insulin-like growth factor binding protein 5 (igfbp5), transcript variant X1, mRNA	Q90WV8	330	2.00E-111	Insulin-like growth factor-binding protein 5	.	.	.	.	pfam00086	Thyroglobulin_1	Thyroglobulin type-1 repeat. Thyroglobulin type 1 repeats are thought to be involved in the control of proteolytic degradation. The domain usually contains six conserved cysteines. These form three disulphide bridges. Cysteines 1 pairs with 2, 3 with 4 and 5 with 6.	GO:0009952|anterior/posterior pattern specification;GO:0048009|insulin-like growth factor receptor signaling pathway;GO:0007399|nervous system development;GO:0001558|regulation of cell growth;	GO:0005576|extracellular region;	GO:0005520|insulin-like growth factor binding;	.	.	4.08392423	4.870252323	3.687936527	3.995919445	4.834163751	4.169150889	6.013869464	9.316411764	4.204514847	1.939999796	3.277792154	2.221741219	3.942090995	3.149919107	3.505689755	3.969140229	2.808894571	3.256658208	7.150516517	3.572052549	4.170493851	7.44320417	6.468739247	3.206854345	3.581526297	3.353832868	3.938957572	3.900777321	3.178617292	3.526555393	4.095761778	1.747539144	3.480084608	4.134426689	8.48963244	1.505335919	3.638102441	5.388309307	4.400497525	4.488298115	3.823026121	2.868179332	5.410395984	3.765460619	8.493572582	3.939964237	12.43920126	6.318313333
igfbp2	protein_coding	chrNC_030685.1:80084240-80116589:-	gi|154147617|ref|NP_001093707.1|	1322	2.00E-178	insulin-like growth factor-binding protein 2 precursor [Xenopus tropicalis]	gi|154147616|ref|NM_001100237.1|	1508	0	Xenopus tropicalis insulin like growth factor binding protein 2 (igfbp2), mRNA	A4IIA2	513	6.00E-180	Insulin-like growth factor-binding protein 2	.	.	.	.	pfam00219	IGFBP	Insulin-like growth factor binding protein.	GO:0007275|multicellular organism development;GO:0001558|regulation of cell growth;GO:0043567|regulation of insulin-like growth factor receptor signaling pathway;	GO:0005576|extracellular region;GO:0005615|extracellular space;	GO:0031994|insulin-like growth factor I binding;GO:0031995|insulin-like growth factor II binding;	.	.	12.60763554	7.1436878	7.783114209	6.996654708	10.67665922	10.41692977	0.162608268	0.195657772	0.0	0.440852955	0.288522069	0.34452725	5.1641146	8.927973639	9.081138233	6.559727775	6.29444739	8.226404384	0.911904047	0.038880367	0.427018186	0.157790925	0.441896125	4.816314136	6.085600486	4.887165063	3.514957864	5.978490939	7.26136822	7.757695861	0.439576772	0.153824155	0.03881849	0.989591513	0.122768321	0.776460248	10.44868811	8.973388423	7.895111678	7.495999443	7.332492581	1.56335086	0.0	0.994344764	0.235286775	0.550110254	0.117133062	0.122213232
lama2	protein_coding	chrNC_030681.1:45463751-45812478:-	gi|512844752|ref|XP_002936356.2|	16330	0	PREDICTED: laminin subunit alpha-2 [Xenopus tropicalis]	gi|512844751|ref|XM_002936310.2|	9510	0	PREDICTED: Xenopus (Silurana) tropicalis laminin, alpha 2 (lama2), mRNA	P24043	259	2.00E-67	Laminin subunit alpha-2	.	.	.	.	pfam00055	Laminin_N	Laminin N-terminal (Domain VI).	GO:0007411|axon guidance;GO:0007155|cell adhesion;GO:0030198|extracellular matrix organization;GO:0007517|muscle organ development;GO:0022011|myelination in peripheral nervous system;GO:0032224|positive regulation of synaptic transmission, cholinergic;GO:0030155|regulation of cell adhesion;GO:0030334|regulation of cell migration;GO:0045995|regulation of embryonic development;	GO:0005605|basal lamina;GO:0005604|basement membrane;GO:0043197|dendritic spine;GO:0070062|extracellular exosome;GO:0005576|extracellular region;GO:0042383|sarcolemma;	GO:0005198|structural molecule activity;	K05637	LAMA1_2; laminin, alpha 1/2	1.889256461	2.527401899	2.59817184	2.354822822	2.766405349	2.170711785	0.431106309	0.73511027	0.370154469	0.910743406	0.555743907	0.684331894	2.081948958	2.399703584	1.422513428	2.273267927	1.591507454	2.657497404	0.725290771	1.142709381	0.499892151	0.466144259	0.438191258	0.741331098	1.261959274	1.316923707	1.664078655	1.211710177	1.679754737	1.821017732	0.865728656	0.372862088	0.946821731	0.75584683	1.078743057	0.546985589	2.374415562	4.4181813	2.078442494	3.717176635	1.742509475	3.02482073	0.528558312	0.784584037	0.605968633	1.113184156	0.668406079	0.586305927
penk	protein_coding	chrNC_030682.1:100990380-100999169:-	gi|349585135|ref|NP_001015744.2|	1414	0	proenkephalin-A preproprotein [Xenopus tropicalis]	gi|349585134|ref|NM_001015744.2|	1390	0	Xenopus (Silurana) tropicalis proenkephalin (penk), mRNA	P01212	511	3.00E-180	Proenkephalin-A-A	.	.	.	.	pfam01160	Opiods_neuropep	Vertebrate endogenous opioids neuropeptide.	GO:0007218|neuropeptide signaling pathway;	GO:0005576|extracellular region;	.	.	.	300.0718478	320.5862308	336.5262583	332.7363478	239.7961568	289.4994732	14.50992182	27.00043472	15.64786997	15.0874932	9.971773433	23.46475682	296.4235555	277.7662705	382.7953799	372.5538399	323.4023672	332.3598502	27.12378768	28.17690979	21.35247329	24.30842993	26.8033554	31.392888	395.7117702	385.1371956	351.8768685	406.5593542	336.0094368	394.5932466	28.26677015	24.74034678	19.37238132	24.42440003	35.38424414	35.21129917	313.4042039	301.7421794	296.7447109	307.8000093	312.843225	373.425489	16.46072253	19.28277719	18.93183975	23.10508297	23.55155438	8.839211202
c1ql1	protein_coding	chrNC_030686.1:6561657-6590110:-	gi|313760697|ref|NP_001186529.1|	678	4.00E-82	C1q-related factor precursor [Xenopus tropicalis]	gi|313760696|ref|NM_001199600.1|	1319	0	Xenopus (Silurana) tropicalis complement component 1, q subcomponent-like 1 (c1ql1), mRNA	O88992	191	4.00E-55	C1q-related factor	.	.	.	.	pfam00386	C1q	C1q domain. C1q is a subunit of the C1 enzyme complex that activates the serum complement system.	GO:0099558|maintenance of synapse structure;GO:0061743|motor learning;GO:0016322|neuron remodeling;	GO:0044301|climbing fiber;GO:0005581|collagen trimer;GO:0005737|cytoplasm;GO:0098793|presynapse;GO:0043083|synaptic cleft;	GO:0005102|receptor binding;	.	.	17.6678221	15.73122735	21.80555613	18.35847401	11.05882949	16.27302103	12.93083283	11.70283019	15.45036985	11.39280646	8.667851114	8.050289777	21.42305877	17.08689239	24.96980923	19.40980698	23.44163365	22.11691827	31.03807395	17.05123433	17.35287436	29.68105912	18.80652703	11.8081037	16.32844096	15.74771278	22.51900738	26.97890424	21.59619376	17.43209944	17.1875442	13.12636386	17.43431685	17.51653261	53.01916684	14.89269255	15.74811407	17.19908695	16.41296552	18.28390575	17.82708082	15.86006848	15.21936288	11.20838611	15.12573545	13.1215807	20.96038827	19.41560305
a2m	protein_coding	chrNW_016683499.1:32552-61070:+	gi|847172643|ref|XP_012809557.1|	7666	0	PREDICTED: alpha-2-macroglobulin [Xenopus tropicalis]	gi|847172642|ref|XM_012954103.1|	4773	0	PREDICTED: Xenopus (Silurana) tropicalis alpha-2-macroglobulin (a2m), mRNA	P01023	1418	0	Alpha-2-macroglobulin	TM0984	86.7	5.00E-16	COG2373	pfam07678	A2M_comp	A-macroglobulin complement component. This family includes the complement components region of the alpha-2-macroglobulin family.	GO:0007597|blood coagulation, intrinsic pathway;GO:0022617|extracellular matrix disassembly;GO:0001869|negative regulation of complement activation, lectin pathway;GO:0002576|platelet degranulation;GO:0051056|regulation of small GTPase mediated signal transduction;GO:0048863|stem cell differentiation;	GO:0072562|blood microparticle;GO:0005829|cytosol;GO:0070062|extracellular exosome;GO:0005576|extracellular region;GO:0031093|platelet alpha granule lumen;	GO:0048306|calcium-dependent protein binding;GO:0019899|enzyme binding;GO:0019838|growth factor binding;GO:0005096|GTPase activator activity;GO:0019966|interleukin-1 binding;GO:0019959|interleukin-8 binding;GO:0002020|protease binding;GO:0005102|receptor binding;GO:0004867|serine-type endopeptidase inhibitor activity;GO:0043120|tumor necrosis factor binding;	K03910	A2M; alpha-2-macroglobulin	6.939011478	6.484480644	7.788421093	5.938364893	9.7274099	6.046445372	0.064191955	0.111223761	0.062227961	0.202511187	0.338440487	0.048358077	7.911823093	5.885987468	5.29035272	7.755693222	7.485317291	4.686576075	0.215992351	0.7244532	0.147117013	0.124580479	0.279111772	0.121683798	5.738447157	6.5152693	4.273747093	6.965470677	6.975794318	5.344164694	0.138823408	0.0	0.232927198	0.0	0.077543299	0.012260754	10.45392546	6.251248726	10.34134268	7.101968896	9.08112006	8.054757804	0.179368738	0.0	0.260071958	0.012409368	0.246613135	0.115789039
nampt	protein_coding	chrNC_030679.1:67220810-67247172:+	gi|58332628|ref|NP_001011388.1|	2559	0	nicotinamide phosphoribosyltransferase [Xenopus tropicalis]	gi|89886121|ref|NM_001011388.2|	2507	0	Xenopus (Silurana) tropicalis nicotinamide phosphoribosyltransferase (nampt), mRNA	Q52I78	887	0	Nicotinamide phosphoribosyltransferase	PM0999	392	7.00E-126	COG1488	pfam04095	NAPRTase	Nicotinate phosphoribosyltransferase (NAPRTase) family. Nicotinate phosphoribosyltransferase (EC:2.4.2.11) is the rate limiting enzyme that catalyses the first reaction in the NAD salvage synthesis. This family also includes Pre-B cell enhancing factor that is a cytokine. This family is related to Quinolinate phosphoribosyltransferase pfam01729.	GO:0032922|circadian regulation of gene expression;GO:0009435|NAD biosynthetic process;GO:0051770|positive regulation of nitric-oxide synthase biosynthetic process;GO:0045944|positive regulation of transcription from RNA polymerase II promoter;	GO:0030054|cell junction;GO:0005737|cytoplasm;GO:0070062|extracellular exosome;GO:0005615|extracellular space;GO:0005654|nucleoplasm;	GO:0047280|nicotinamide phosphoribosyltransferase activity;GO:0004514|nicotinate-nucleotide diphosphorylase (carboxylating) activity;	K03462	NAMPT; nicotinamide phosphoribosyltransferase [EC:2.4.2.12]	17.21447896	13.69338264	16.97166924	15.24237917	12.82870324	14.68025181	24.18142726	23.93133991	24.31240281	18.0951766	35.39809115	22.70232184	16.87362719	17.6669677	15.40170821	15.20538403	17.47388453	13.10143135	11.75459364	21.1538146	10.17789968	15.85539461	9.116981291	11.16057294	14.51218076	15.33540201	14.24852553	16.64634571	17.91806216	17.61600459	13.24570238	12.70075792	10.68758349	9.899442388	12.26898785	10.43378068	16.93050405	16.97066172	15.79456325	17.64699455	17.60253742	14.77876476	14.82798479	11.97598023	21.99134637	8.917543988	13.54797336	14.20855066
tnfsf10l	protein_coding	chrNC_030684.1:18400127-18406521:+	gi|512858823|ref|XP_004916844.1|	1763	0	PREDICTED: tumor necrosis factor ligand superfamily member 10-like isoform X1 [Xenopus tropicalis]	gi|847156288|ref|XM_004916787.2|	1953	0	PREDICTED: Xenopus (Silurana) tropicalis tumor necrosis factor ligand superfamily member 10-like (LOC100497331), transcript variant X1, mRNA	P50591	130	3.00E-32	Tumor necrosis factor ligand superfamily member 10	.	.	.	.	pfam00229	TNF	TNF(tumor Necrosis Factor) family.	GO:0006919|activation of cysteine-type endopeptidase activity involved in apoptotic process;GO:0097296|activation of cysteine-type endopeptidase activity involved in apoptotic signaling pathway;GO:0006915|apoptotic process;GO:0007166|cell surface receptor signaling pathway;GO:0007267|cell-cell signaling;GO:0006955|immune response;GO:0008584|male gonad development;GO:1902042|negative regulation of extrinsic apoptotic signaling pathway via death domain receptors;GO:0043065|positive regulation of apoptotic process;GO:0043280|positive regulation of cysteine-type endopeptidase activity involved in apoptotic process;GO:2001238|positive regulation of extrinsic apoptotic signaling pathway;GO:0043123|positive regulation of I-kappaB kinase/NF-kappaB signaling;GO:0090200|positive regulation of release of cytochrome c from mitochondria;GO:1902041|regulation of extrinsic apoptotic signaling pathway via death domain receptors;GO:0032868|response to insulin;GO:0007165|signal transduction;	GO:0070062|extracellular exosome;GO:0005576|extracellular region;GO:0005615|extracellular space;GO:0005887|integral component of plasma membrane;	GO:0046872|metal ion binding;GO:0005102|receptor binding;	K04721	TNFSF10, TRAIL; tumor necrosis factor ligand superfamily member 10	2.42010112	4.335505929	4.655749581	3.113420664	2.602463729	3.825290689	114.9281128	52.85094988	103.9682216	41.01956768	37.21758406	51.67253849	1.966172464	3.348566197	1.455463705	1.857281376	1.999865159	2.10546806	84.77999162	150.1912159	83.66733913	83.96051927	104.2875673	67.63023188	1.789525714	2.614423632	2.125350413	2.450286173	3.6390527	3.436453869	67.16571931	104.7925493	75.61691608	77.15429507	67.96439225	60.39326783	2.992079922	3.748945583	2.120054473	4.617852354	1.435108268	1.886300848	90.20885414	77.39763969	107.0097992	130.2759355	123.9934177	163.1527562
mmp15	protein_coding	chrNC_030680.1:27645917-27683484:+	gi|62860164|ref|NP_001015921.1|	3159	0	matrix metalloproteinase-15 [Xenopus tropicalis]	gi|77682534|ref|NM_001015921.2|	3469	0	Xenopus tropicalis matrix metallopeptidase 15 (mmp15), mRNA	P51511	786	0	Matrix metalloproteinase-15	.	.	.	.	pfam00413	Peptidase_M10	Matrixin. The members of this family are enzymes that cleave peptides. These proteases require zinc for catalysis.	GO:0006464|cellular protein modification process;GO:0030574|collagen catabolic process;GO:0035987|endodermal cell differentiation;GO:0022617|extracellular matrix disassembly;GO:0006508|proteolysis;GO:0032355|response to estradiol;	GO:0031012|extracellular matrix;GO:0005887|integral component of plasma membrane;GO:0005886|plasma membrane;	GO:0005509|calcium ion binding;GO:0008047|enzyme activator activity;GO:0070006|metalloaminopeptidase activity;GO:0004222|metalloendopeptidase activity;GO:0004252|serine-type endopeptidase activity;GO:0008270|zinc ion binding;	K07995	MMP15; matrix metalloproteinase-15 (membrane-inserted) [EC:3.4.24.-]	23.56859229	18.99446995	19.28934022	20.70043919	23.03434591	23.20565492	12.45086044	8.086168686	8.297001899	10.95538764	6.517352046	8.557129185	22.7411766	21.95842525	25.99133038	21.93461975	25.53798891	24.52699332	19.32427977	10.76288089	15.58944805	16.32009647	14.20087108	12.28513476	26.83079522	23.96559267	18.08219131	24.90187669	22.69793532	24.26353334	13.88397225	12.84447164	14.27721977	14.39716826	19.94412102	20.75399503	19.99806698	21.17081986	22.72678906	20.52239116	20.55382783	15.11251568	15.39544247	16.29704694	16.63130306	16.2052588	20.88923417	21.28342905
sparc	protein_coding	chrNC_030679.1:11519289-11535993:-	gi|45361541|ref|NP_989347.1|	1434	0	SPARC precursor [Xenopus tropicalis]	gi|51491873|ref|NM_204016.2|	1679	0	Xenopus (Silurana) tropicalis secreted protein, acidic, cysteine-rich (osteonectin) (sparc), mRNA	P36378	516	5.00E-180	SPARC	.	.	.	.	pfam10591	SPARC_Ca_bdg	Secreted protein acidic and rich in cysteine Ca binding region. The SPARC_Ca_bdg domain of Secreted Protein Acidic and Rich in Cysteine is responsible for the anti-spreading activity of human urothelial cells. It is rich in alpha-helices. This extracellular calcium-binding domain contains two EF-hands that each coordinates one Ca2+ ion, forming a helix-loop-helix structure that not only drives the conformation of the protein but is also necessary for biological activity. The anti-spreading activity was dependent on the coordination of Ca2+ by a Glu residue at the Z position of EF-hand 2.	GO:0007165|signal transduction;	GO:0005604|basement membrane;GO:0005615|extracellular space;	GO:0005509|calcium ion binding;	.	.	321.4916048	395.3027247	367.2415604	490.8716412	318.4630525	402.8628598	90.07461781	106.6334159	46.15469004	242.5756329	62.56311271	187.2446212	398.6908263	368.8228899	415.810762	389.5481056	360.56874	412.7098762	68.45725414	253.2787071	36.53975362	38.4771151	38.49839044	73.15776357	394.6233224	370.6545773	262.0681614	390.0218784	368.5807144	399.5652309	98.91722155	23.03780125	87.68539664	65.69752082	83.47046633	64.61231403	302.9971625	393.6898772	322.6996911	388.6487317	361.1376833	321.385138	52.57844372	203.2488471	61.95305862	209.5620042	80.93655079	61.17639658
trak2	protein_coding	chrNC_030685.1:49057888-49088681:-	gi|512866633|ref|XP_004917836.1|	4125	0	PREDICTED: trafficking kinesin-binding protein 2 isoform X1 [Xenopus tropicalis]	gi|847166525|ref|XM_004917779.2|	5092	0	PREDICTED: Xenopus (Silurana) tropicalis trafficking protein, kinesin binding 2 (trak2), transcript variant X1, mRNA	O60296	848	0	Trafficking kinesin-binding protein 2	.	.	.	.	pfam04849	HAP1_N	HAP1 N-terminal conserved region. This family represents an N-terminal conserved region found in several huntingtin-associated protein 1 (HAP1) homologues. HAP1 binds to huntingtin in a polyglutamine repeat-length-dependent manner. However, its possible role in the pathogenesis of Huntington's disease is unclear. This family also includes a similar N-terminal conserved region from hypothetical protein products of ALS2CR3 genes found in the human juvenile amyotrophic lateral sclerosis critical region 2q33-2q34.	GO:0006493|protein O-linked glycosylation;GO:0006605|protein targeting;GO:0006357|regulation of transcription from RNA polymerase II promoter;	GO:0005737|cytoplasm;GO:0005769|early endosome;GO:0005739|mitochondrion;GO:0005634|nucleus;GO:0005886|plasma membrane;	GO:0050811|GABA receptor binding;GO:0005102|receptor binding;	K15374	TRAK2, GRIF1; trafficking kinesin-binding protein 2	24.96751603	24.72630963	25.2921629	21.80659986	24.02586856	23.82288602	75.21045814	34.20382104	39.32699356	36.02126723	23.06100711	40.82532054	24.88546658	24.27879653	22.33662417	20.94625907	24.2267641	23.62664895	82.61195623	36.80172673	78.53713222	76.04032569	87.1295042	49.42466581	21.78413602	20.5112337	23.58298425	23.28172494	22.98420813	21.66944926	53.61733566	59.64429202	70.6842404	69.95030243	79.04456651	85.28240791	22.43152052	23.16517094	25.56804846	25.13031808	24.68695187	27.29953446	75.28405357	72.52055714	75.84399893	75.8094173	90.57193502	78.68717178
cxcl12	protein_coding	chrNC_030683.1:37782394-37841002:-	gi|62751610|ref|NP_001015764.1|	482	3.00E-53	stromal cell-derived factor 1 precursor [Xenopus tropicalis]	gi|62751609|ref|NM_001015764.1|	2962	0	Xenopus (Silurana) tropicalis chemokine (C-X-C motif) ligand 12 (cxcl12), mRNA	Q5EBF6	190	8.00E-55	Stromal cell-derived factor 1	.	.	.	.	pfam00048	IL8	Small cytokines (intecrine/chemokine), interleukin-8 like. Includes a number of secreted growth factors and interferons involved in mitogenic, chemotactic, and inflammatory activity. Structure contains two highly conserved disulfide bonds.	GO:0007411|axon guidance;GO:0060326|cell chemotaxis;GO:0070098|chemokine-mediated signaling pathway;GO:0007186|G-protein coupled receptor signaling pathway;GO:0006955|immune response;GO:0050930|induction of positive chemotaxis;GO:0006954|inflammatory response;GO:0007509|mesoderm migration involved in gastrulation;GO:0030335|positive regulation of cell migration;	GO:0009897|external side of plasma membrane;GO:0005615|extracellular space;	GO:0042056|chemoattractant activity;GO:0008009|chemokine activity;GO:0045236|CXCR chemokine receptor binding;	K10031	CXCL12; C-X-C motif chemokine 12	38.4674556	61.53948778	48.11947709	68.10145952	31.81651732	38.09205568	36.76552194	21.0836295	29.93336278	31.49701784	30.61877138	21.16802575	41.92652605	41.31355124	24.55513915	41.35536101	22.57546464	38.45093058	74.57586815	34.43474057	39.86559822	42.72769497	47.49971905	39.21728261	19.80109334	25.15333124	15.99689428	50.25874788	45.09294392	40.34106048	35.93864179	26.36694787	41.31882814	55.08028258	76.83895215	41.71682602	34.00123141	40.6727672	33.55637597	42.57061992	23.73426048	28.02440282	30.54768948	24.46250617	57.18938198	26.90141005	57.53443859	40.76247659
tnfsf10	protein_coding	chrNC_030681.1:92949458-92959835:-	gi|512841018|ref|XP_002931598.2|	1444	0	PREDICTED: tumor necrosis factor ligand superfamily member 10 [Xenopus tropicalis]	gi|847129371|ref|XM_002931552.3|	2869	0	PREDICTED: Xenopus (Silurana) tropicalis tumor necrosis factor (ligand) superfamily, member 10 (tnfsf10), mRNA	P50591	239	4.00E-70	Tumor necrosis factor ligand superfamily member 10	.	.	.	.	pfam00229	TNF	TNF(tumor Necrosis Factor) family.	GO:0006919|activation of cysteine-type endopeptidase activity involved in apoptotic process;GO:0097296|activation of cysteine-type endopeptidase activity involved in apoptotic signaling pathway;GO:0006915|apoptotic process;GO:0007166|cell surface receptor signaling pathway;GO:0007267|cell-cell signaling;GO:0006955|immune response;GO:0008584|male gonad development;GO:1902042|negative regulation of extrinsic apoptotic signaling pathway via death domain receptors;GO:0043065|positive regulation of apoptotic process;GO:0043280|positive regulation of cysteine-type endopeptidase activity involved in apoptotic process;GO:2001238|positive regulation of extrinsic apoptotic signaling pathway;GO:0043123|positive regulation of I-kappaB kinase/NF-kappaB signaling;GO:0090200|positive regulation of release of cytochrome c from mitochondria;GO:1902041|regulation of extrinsic apoptotic signaling pathway via death domain receptors;GO:0032868|response to insulin;GO:0007165|signal transduction;	GO:0070062|extracellular exosome;GO:0005576|extracellular region;GO:0005615|extracellular space;GO:0005887|integral component of plasma membrane;	GO:0046872|metal ion binding;GO:0005102|receptor binding;	K04721	TNFSF10, TRAIL; tumor necrosis factor ligand superfamily member 10	1.675456497	2.017246899	2.062788782	3.749391848	2.863750003	2.200543402	80.9851326	33.35993567	47.76104128	44.26721805	19.69637882	30.4282658	2.146803457	3.255222395	3.39547825	3.437133247	2.069862756	2.535547114	98.23078131	132.0942507	54.45184627	105.9524944	93.39583055	50.37161719	2.962553302	3.631230619	2.900756228	2.624593791	2.847885694	2.858787555	66.25048733	70.46455803	48.08356507	81.83992875	54.8070544	107.7124109	2.602798098	2.512252861	2.102329035	2.808773778	2.109356762	1.825549305	87.3236213	67.62298736	99.07955	78.54649294	97.46317328	78.0393625
twsg2	protein_coding	chrNC_030677.1:127448458-127457611:-	gi|62751630|ref|NP_001015756.1|	1283	7.00E-175	twisted gastrulation homolog 2 [Xenopus tropicalis]	gi|62751629|ref|NM_001015756.1|	1195	0	Xenopus (Silurana) tropicalis twisted gastrulation homolog 2 (twsg2), mRNA	Q98T88	200	4.00E-60	Twisted gastrulation protein homolog 1-A	.	.	.	.	pfam04668	Tsg	Twisted gastrulation (Tsg) protein conserved region. Tsg was identified in Drosophila as being required to specify the dorsal-most structures in the embryo, for example amnioserosa. Biochemical experiments have revealed three key properties of Tsg: it can synergistically inhibit Dpp/BMP action in both Drosophila and vertebrates by forming a tripartite complete between itself, SOG/chordin and a BMP ligand; Tsg seems to enhance the Tld/BMP-1-mediated cleavage rate of SOG/chordin and may change the preference of site utilisation; Tsg can promote the dissociation of chordin cysteine-rich-containing fragments from the ligand to inhibit BMP signalling.	GO:0007275|multicellular organism development;	GO:0005576|extracellular region;	.	.	.	9.165478108	10.74218204	8.108616056	18.511328	10.74643297	12.46992648	5.796882705	4.543058856	4.724378055	5.967830985	3.953011034	3.864599487	14.16444903	12.09713487	13.07297302	13.1928751	10.84646533	12.16217432	11.84317893	12.06976741	6.760303742	9.259092277	8.212510894	6.515429156	13.07160763	14.50816579	8.205882384	15.44564059	14.21134522	16.99737594	6.656553363	3.542589609	9.405314039	7.076476438	13.11693037	6.417915022	13.77988383	9.325433246	10.12636479	9.734368918	9.736873185	8.680456589	3.532427667	6.953617968	5.740341012	5.950266083	6.405234455	4.832348685
slit1	protein_coding	chrNC_030683.1:24005256-24225376:-	gi|148235731|ref|NP_001090702.1|	7935	0	slit homolog 1 protein precursor [Xenopus tropicalis]	gi|847141429|ref|XM_012965817.1|	7251	0	PREDICTED: Xenopus (Silurana) tropicalis slit homolog 1 (slit1), transcript variant X1, mRNA	O75093	2466	0	Slit homolog 1 protein	SPy1798	62.8	1.00E-08	COG4886	pfam02210	Laminin_G_2	Laminin G domain. This family includes the Thrombospondin N-terminal-like domain, a Laminin G subfamily.	GO:0048846|axon extension involved in axon guidance;GO:0007411|axon guidance;GO:0033563|dorsal/ventral axon guidance;GO:0048853|forebrain morphogenesis;GO:0008045|motor neuron axon guidance;GO:0050919|negative chemotaxis;GO:0051964|negative regulation of synapse assembly;GO:0050770|regulation of axonogenesis;GO:0031290|retinal ganglion cell axon guidance;GO:0035385|Roundabout signaling pathway;GO:0022028|tangential migration from the subventricular zone to the olfactory bulb;	GO:0005623|cell;GO:0005615|extracellular space;GO:0005578|proteinaceous extracellular matrix;	GO:0005509|calcium ion binding;GO:0008201|heparin binding;GO:0048495|Roundabout binding;	K06838	SLIT1; slit 1	45.1058548	43.49274117	41.63093068	27.90486383	40.50681033	39.49177246	0.249945571	0.192477469	0.234221716	0.197130522	0.228079536	0.149065186	50.17197553	44.99357942	46.96246662	38.54216731	44.02999312	44.78582676	0.233614994	0.876525592	0.095472103	0.242540822	0.090565284	0.094760555	39.94659961	38.43061867	56.19864919	41.68414452	43.26460881	37.34556535	0.171989884	0.023644349	0.087513062	0.076055178	0.226448987	0.01591332	40.85386815	38.6384792	44.55465696	43.89123579	41.66509953	43.34609254	0.149659681	0.084911655	0.200922158	0.128849651	0.280070808	0.158632487
adamts1	protein_coding	chrNC_030678.1:13984311-13993034:+	gi|188528959|ref|NP_001120905.1|	4938	0	A disintegrin and metalloproteinase with thrombospondin motifs 1 precursor [Xenopus tropicalis]	gi|188528958|ref|NM_001127433.1|	4466	0	Xenopus tropicalis ADAM metallopeptidase with thrombospondin type 1 motif 1 (adamts1), mRNA	Q9UHI8	1370	0	A disintegrin and metalloproteinase with thrombospondin motifs 1	.	.	.	.	pfam05986	ADAM_spacer1	ADAM-TS Spacer 1. This family represents the Spacer-1 region from the ADAM-TS family of metalloproteinases.	GO:0060347|heart trabecula formation;GO:0007229|integrin-mediated signaling pathway;GO:0001822|kidney development;GO:0008285|negative regulation of cell proliferation;GO:0001542|ovulation from ovarian follicle;	GO:0005604|basement membrane;GO:0005737|cytoplasm;GO:0031410|cytoplasmic vesicle;	GO:0008201|heparin binding;GO:0004222|metalloendopeptidase activity;GO:0008237|metallopeptidase activity;GO:0008270|zinc ion binding;	K08617	ADAMTS1; a disintegrin and metalloproteinase with thrombospondin motifs 1 [EC:3.4.24.-]	3.822673726	3.969443968	2.855338162	2.642621638	3.559796521	3.376109123	10.45270254	6.443738514	6.848347951	8.628051665	10.347726	6.058218017	2.649837922	3.984428603	3.079175188	3.417069203	2.123971059	3.238529301	4.910522011	20.47973099	4.912198874	4.539075408	2.67045166	5.317641893	2.228264509	2.946759262	3.380305641	3.489480793	3.403932667	2.775937329	4.368959789	3.153274716	3.798635485	3.909687332	5.578756581	2.6724549	2.239724623	3.176369812	3.362870586	3.426478464	3.007905117	2.426639571	3.285435756	5.214654849	8.653962375	3.009806312	4.17646159	5.182380674
adamts5	protein_coding	chrNC_030678.1:13779225-13856693:+	gi|301612468|ref|XP_002935740.1|	4578	0	PREDICTED: A disintegrin and metalloproteinase with thrombospondin motifs 5 [Xenopus tropicalis]	gi|847105989|ref|XM_002935694.3|	6361	0	PREDICTED: Xenopus (Silurana) tropicalis ADAM metallopeptidase with thrombospondin type 1 motif, 5 (adamts5), mRNA	Q9UNA0	1333	0	A disintegrin and metalloproteinase with thrombospondin motifs 5	.	.	.	.	pfam05986	ADAM_spacer1	ADAM-TS Spacer 1. This family represents the Spacer-1 region from the ADAM-TS family of metalloproteinases.	GO:0042742|defense response to bacterium;GO:0022617|extracellular matrix disassembly;GO:0036066|protein O-linked fucosylation;GO:0006508|proteolysis;GO:0044691|tooth eruption;	GO:0005788|endoplasmic reticulum lumen;GO:0005576|extracellular region;GO:0005615|extracellular space;GO:0005578|proteinaceous extracellular matrix;	GO:0050840|extracellular matrix binding;GO:0008201|heparin binding;GO:0005178|integrin binding;GO:0004222|metalloendopeptidase activity;GO:0008237|metallopeptidase activity;GO:0008270|zinc ion binding;	K08620	ADAMTS5; a disintegrin and metalloproteinase with thrombospondin motifs 5 [EC:3.4.24.-]	7.293600006	4.751772195	5.827017316	3.497158492	5.595663333	5.476801851	0.824536326	1.356666634	0.576246103	0.945213207	0.651305147	0.677128419	3.996038994	4.046298612	5.000884822	4.264156477	4.422848489	5.525667252	0.501827709	0.63271504	0.604263458	0.660555161	0.606367885	0.454363573	4.010599143	3.949136709	4.901398196	4.830215741	5.240245078	4.865589129	0.885928379	0.199533554	0.329586828	0.534855073	0.617694513	0.338781483	4.948763838	4.875878411	5.993095417	4.923402272	5.436682704	4.213830996	0.650621444	0.947820709	1.174569442	0.685775766	1.252350405	1.037646532
gal.2	protein_coding	chrNC_030683.1:104560079-104569835:+	gi|512855145|ref|XP_004916350.1|	622	3.00E-76	PREDICTED: galanin peptides [Xenopus tropicalis]	gi|512855144|ref|XM_004916293.1|	1353	0	PREDICTED: Xenopus (Silurana) tropicalis galanin prepropeptide, gene 2 (gal.2), mRNA	E7EZ53	111	7.00E-28	Galanin peptides	.	.	.	.	pfam06540	GMAP	Galanin message associated peptide (GMAP). This family consists of several galanin message associated peptides. In rat preprogalanin, galanin is C-terminally flanked by a 60 amino acid long peptide: galanin message-associated peptide (GMAP). GMAP sequences in different species show high degree of homology, but the biological function of this family is unknown.	GO:0007218|neuropeptide signaling pathway;GO:0045944|positive regulation of transcription from RNA polymerase II promoter;	GO:0005615|extracellular space;GO:0030141|secretory granule;	GO:0004966|galanin receptor activity;GO:0031763|galanin receptor binding;GO:0005184|neuropeptide hormone activity;GO:0031764|type 1 galanin receptor binding;GO:0031765|type 2 galanin receptor binding;GO:0031766|type 3 galanin receptor binding;	K05244	GAL; galanin	129.8788897	47.91545339	84.37707037	124.8597058	85.99007566	68.78985481	0.045309177	0.043614475	0.0	0.044668834	0.0	0.0	37.72135053	7.474537323	34.44249699	131.6475064	53.12457771	42.06871828	0.042348833	0.0	0.0	0.0	0.0	0.171778311	70.37723438	37.50420879	8.129086957	72.8020192	69.15594291	81.61839789	0.044539526	0.0	0.0	0.0	0.045610896	0.0	46.63049742	68.04861818	78.6672615	71.2096111	21.84676084	6.720873572	0.045216224	0.0	0.0	0.0	0.0	0.0
spock3	protein_coding	chrNC_030677.1:41555269-41686899:+	gi|847152761|ref|XP_012823314.1|	2052	0	PREDICTED: testican-3 isoform X1 [Xenopus tropicalis]	gi|847152760|ref|XM_012967860.1|	5319	0	PREDICTED: Xenopus (Silurana) tropicalis sparc/osteonectin, cwcv and kazal-like domains proteoglycan (testican) 3 (spock3), transcript variant X1, mRNA	Q9BQ16	628	0	Testican-3	.	.	.	.	pfam10591	SPARC_Ca_bdg	Secreted protein acidic and rich in cysteine Ca binding region. The SPARC_Ca_bdg domain of Secreted Protein Acidic and Rich in Cysteine is responsible for the anti-spreading activity of human urothelial cells. It is rich in alpha-helices. This extracellular calcium-binding domain contains two EF-hands that each coordinates one Ca2+ ion, forming a helix-loop-helix structure that not only drives the conformation of the protein but is also necessary for biological activity. The anti-spreading activity was dependent on the coordination of Ca2+ by a Glu residue at the Z position of EF-hand 2.	GO:2000146|negative regulation of cell motility;GO:0010951|negative regulation of endopeptidase activity;GO:0019800|peptide cross-linking via chondroitin 4-sulfate glycosaminoglycan;GO:0007165|signal transduction;	GO:0031012|extracellular matrix;GO:0005615|extracellular space;GO:0005578|proteinaceous extracellular matrix;	GO:0005509|calcium ion binding;GO:0005539|glycosaminoglycan binding;GO:0008191|metalloendopeptidase inhibitor activity;	K08136	SPOCK; sparc/osteonectin, cwcv and kazal-like domains proteoglycan (testican)	111.4803115	86.54304821	109.5477145	82.44483542	95.54143902	95.73205422	1.78642868	1.963684523	1.005544888	3.238301512	1.577560842	1.432604632	80.25864986	93.88721227	79.53798572	90.41926175	96.68574139	80.39519632	1.561986423	5.698915953	1.276682858	0.704585875	0.990873267	1.409177998	88.95903996	89.53959869	75.10118183	70.06654193	100.7399424	73.49861041	1.03099081	0.556040052	0.682341329	1.297594662	0.870157113	0.990610874	88.32350363	84.56514449	95.34428331	104.6663626	83.16755463	84.99858804	0.828122526	1.726690246	2.001198293	1.615329253	2.114282237	1.039467307
col4a2	protein_coding	chrNC_030678.1:113644049-113761497:-	gi|512822856|ref|XP_002933063.2|	6619	0	PREDICTED: collagen alpha-2(IV) chain [Xenopus tropicalis]	gi|847104841|ref|XM_004911987.2|	5843	0	PREDICTED: Xenopus (Silurana) tropicalis collagen, type IV, alpha 2 (col4a2), transcript variant X1, mRNA	P08122	72.4	5.00E-11	Collagen alpha-2(IV) chain	.	.	.	.	pfam01413	C4	C-terminal tandem repeated domain in type 4 procollagen. Duplicated domain in C-terminus of type 4 collagens. Mutations in alpha-5 collagen IV are associated with X-linked Alport syndrome.	GO:0001525|angiogenesis;GO:0071560|cellular response to transforming growth factor beta stimulus;GO:0038063|collagen-activated tyrosine kinase receptor signaling pathway;GO:0035987|endodermal cell differentiation;GO:0030198|extracellular matrix organization;GO:0016525|negative regulation of angiogenesis;GO:0006351|transcription, DNA-templated;	GO:0005604|basement membrane;GO:0005587|collagen type IV trimer;GO:0070062|extracellular exosome;GO:0031012|extracellular matrix;GO:0005576|extracellular region;GO:0043231|intracellular membrane-bounded organelle;	GO:0005201|extracellular matrix structural constituent;	K06237	COL4A; collagen, type IV, alpha	2.798134586	5.001391137	3.036378282	2.081478778	2.186038828	3.11862009	2.448826252	4.256943263	1.612651301	3.911643697	1.571445235	3.162215206	3.937713543	6.127986144	4.818019074	4.095296759	4.413433532	4.827561189	4.065809163	6.62113059	3.226475952	4.181047293	3.03257081	4.622466625	3.247155073	3.421081712	4.288331536	2.977521123	4.564350994	3.206860479	6.277077906	2.189472827	4.449817208	2.871588969	6.116026795	2.437323506	2.655759594	3.588874943	2.927827209	3.733000024	2.436223849	1.407787455	1.897298079	3.696237419	2.053243615	3.565471045	3.066505269	2.329734791
npb	protein_coding	chrNC_030686.1:19945214-19947060:+	gi|301615810|ref|XP_002937351.1|	644	2.00E-81	PREDICTED: neuropeptide B [Xenopus tropicalis]	gi|847150976|ref|XM_002937305.3|	875	0	PREDICTED: Xenopus (Silurana) tropicalis neuropeptide B (npb), mRNA	Q8MJV4	110	5.00E-28	Neuropeptide B	.	.	.	.	pfam15180	NPBW	Neuropeptides B and W. The function of this family, NPBW, which includes Neuropeptides B and W, is thought to be involved in activating G-protein coupled receptors, GPR7 and GPR8. It is thought to play a regulatory role in the organisation of neuroendocrine signals accessing the anterior pituitary gland. It is predicted that this effect will stimulate the increase in water-drinking and food-intake. This suggests it plays a role in the hypothalamic response to stress. This family of proteins is found in eukaryotes.	GO:0007218|neuropeptide signaling pathway;	GO:0005576|extracellular region;	.	K05267	NPB; preproneuropeptide B	29.52222733	6.413846123	16.76705175	40.76505456	37.01997219	17.66899511	0.0	0.0	0.0	0.0	0.0	0.0	14.19584009	12.90499504	11.85198118	18.15901327	11.14728649	20.43245286	0.0	0.067007536	0.0	0.0	0.0	0.0	19.78605675	22.23035187	2.498833759	21.02471374	17.90990072	20.86281898	0.0	0.0	0.0	0.071062095	0.0	0.0	20.36921584	22.13616787	14.42454777	17.50049401	22.79620596	4.002994972	0.0	0.0	0.13516665	0.0	0.0	0.0
them6	protein_coding	chrNC_030682.1:133746521-133754036:-	gi|847171357|ref|XP_012809068.1|	1097	2.00E-142	PREDICTED: protein THEM6 isoform X1 [Xenopus tropicalis]	gi|187607566|ref|NM_001126505.1|	2145	0	Xenopus tropicalis thioesterase superfamily member 6 (them6), mRNA	B0BLZ5	423	1.00E-143	Protein THEM6	.	.	.	.	pfam13279	4HBT_2	Thioesterase-like superfamily. This family contains a wide variety of enzymes, principally thioesterases. These enzymes are part of the Hotdog fold superfamily.	.	GO:0005576|extracellular region;	.	.	.	63.96281675	64.95485594	64.16991304	52.40913568	75.60417486	66.45058251	10.3632394	9.373229644	5.654003583	9.821926953	14.39052417	10.86662175	55.26654688	54.26567236	71.09206365	65.18304259	62.97634452	67.11791996	2.620405367	8.953946937	6.238881695	5.052402289	2.869445982	7.426115272	60.48798807	56.48657148	62.55046209	54.57315218	62.4907011	52.72952442	7.431244489	5.351623394	4.828392447	4.21468736	5.694899387	4.518180648	66.05295117	61.53853925	60.83524012	64.91566696	58.13517498	58.36417465	4.771299454	7.01569984	8.475511946	3.411562827	3.942889872	4.565421907
sfrp1	protein_coding	chrNC_030679.1:107234062-107245908:+	gi|183986759|ref|NP_001116878.1|	1602	0	secreted frizzled-related protein 1 precursor [Xenopus tropicalis]	gi|183986758|ref|NM_001123406.1|	1554	0	Xenopus (Silurana) tropicalis secreted frizzled-related protein 1 (sfrp1), mRNA	Q8C4U3	401	2.00E-135	Secreted frizzled-related protein 1	.	.	.	.	pfam01392	Fz	Fz domain. Also known as the CRD (cysteine rich domain), the C6 box in MuSK receptor. This domain of unknown function has been independently identified by several groups. The domain contains 10 conserved cysteines.	GO:0030036|actin cytoskeleton organization;GO:0009952|anterior/posterior pattern specification;GO:0060346|bone trabecula formation;GO:0060070|canonical Wnt signaling pathway;GO:0071773|cellular response to BMP stimulus;GO:0071392|cellular response to estradiol stimulus;GO:0071391|cellular response to estrogen stimulus;GO:0044344|cellular response to fibroblast growth factor stimulus;GO:0071363|cellular response to growth factor stimulus;GO:0071504|cellular response to heparin;GO:0071456|cellular response to hypoxia;GO:0071347|cellular response to interleukin-1;GO:0071380|cellular response to prostaglandin E stimulus;GO:0009267|cellular response to starvation;GO:0071560|cellular response to transforming growth factor beta stimulus;GO:0071356|cellular response to tumor necrosis factor;GO:0071305|cellular response to vitamin D;GO:0071481|cellular response to X-ray;GO:0090246|convergent extension involved in somitogenesis;GO:0046546|development of primary male sexual characteristics;GO:0048546|digestive tract morphogenesis;GO:0071542|dopaminergic neuron differentiation;GO:0009950|dorsal/ventral axis specification;GO:0008585|female gonad development;GO:0002244|hematopoietic progenitor cell differentiation;GO:0060218|hematopoietic stem cell differentiation;GO:0030097|hemopoiesis;GO:0008584|male gonad development;GO:0060766|negative regulation of androgen receptor signaling pathway;GO:0043066|negative regulation of apoptotic process;GO:0045578|negative regulation of B cell differentiation;GO:0030514|negative regulation of BMP signaling pathway;GO:0046851|negative regulation of bone remodeling;GO:0090090|negative regulation of canonical Wnt signaling pathway;GO:2000080|negative regulation of canonical Wnt signaling pathway involved in controlling type B pancreatic cell proliferation;GO:0030308|negative regulation of cell growth;GO:0030336|negative regulation of cell migration;GO:0008285|negative regulation of cell proliferation;GO:0050680|negative regulation of epithelial cell proliferation;GO:0010719|negative regulation of epithelial to mesenchymal transition;GO:2000270|negative regulation of fibroblast apoptotic process;GO:0048147|negative regulation of fibroblast proliferation;GO:0010629|negative regulation of gene expression;GO:0046676|negative regulation of insulin secretion;GO:0043508|negative regulation of JUN kinase activity;GO:0030279|negative regulation of ossification;GO:0045668|negative regulation of osteoblast differentiation;GO:0033689|negative regulation of osteoblast proliferation;GO:0045671|negative regulation of osteoclast differentiation;GO:0050732|negative regulation of peptidyl-tyrosine phosphorylation;GO:2000041|negative regulation of planar cell polarity pathway involved in axis elongation;GO:0045892|negative regulation of transcription, DNA-templated;GO:0030178|negative regulation of Wnt signaling pathway;GO:2000054|negative regulation of Wnt signaling pathway involved in dorsal/ventral axis specification;GO:0014034|neural crest cell fate commitment;GO:0001843|neural tube closure;GO:0021915|neural tube development;GO:0001649|osteoblast differentiation;GO:0090179|planar cell polarity pathway involved in neural tube closure;GO:0043065|positive regulation of apoptotic process;GO:0090263|positive regulation of canonical Wnt signaling pathway;GO:0030307|positive regulation of cell growth;GO:0008284|positive regulation of cell proliferation;GO:0050679|positive regulation of epithelial cell proliferation;GO:2001238|positive regulation of extrinsic apoptotic signaling pathway;GO:1902043|positive regulation of extrinsic apoptotic signaling pathway via death domain receptors;GO:0045600|positive regulation of fat cell differentiation;GO:2000271|positive regulation of fibroblast apoptotic process;GO:2000052|positive regulation of non-canonical Wnt signaling pathway;GO:0045880|positive regulation of smoothened signaling pathway;GO:0045893|positive regulation of transcription, DNA-templated;GO:0030177|positive regulation of Wnt signaling pathway;GO:0060527|prostate epithelial cord arborization involved in prostate glandular acinus morphogenesis;GO:0060687|regulation of branching involved in prostate gland morphogenesis;GO:0010564|regulation of cell cycle process;GO:0090175|regulation of establishment of planar polarity;GO:1904956|regulation of midbrain dopaminergic neuron differentiation;GO:0010975|regulation of neuron projection development;GO:0042493|response to drug;GO:0014070|response to organic cyclic compound;GO:0035019|somatic stem cell population maintenance;GO:0001756|somitogenesis;GO:0044345|stromal-epithelial cell signaling involved in prostate gland development;GO:0034446|substrate adhesion-dependent cell spreading;GO:0001657|ureteric bud development;GO:0090244|Wnt signaling pathway involved in somitogenesis;GO:0060071|Wnt signaling pathway, planar cell polarity pathway;	GO:0009986|cell surface;GO:0005829|cytosol;GO:0070062|extracellular exosome;GO:0031012|extracellular matrix;GO:0005615|extracellular space;GO:0016021|integral component of membrane;GO:0005622|intracellular;GO:0005886|plasma membrane;GO:0005578|proteinaceous extracellular matrix;	GO:0004197|cysteine-type endopeptidase activity;GO:0008144|drug binding;GO:0005109|frizzled binding;GO:0004930|G-protein coupled receptor activity;GO:0008201|heparin binding;GO:0042802|identical protein binding;GO:0042813|Wnt-activated receptor activity;GO:0017147|Wnt-protein binding;	K02166	SFRP1; secreted frizzled-related protein 1	4.65440521	18.47210265	6.323212478	14.31205546	7.852691473	18.01963891	7.771398629	5.088411495	5.506814168	5.911463146	5.519635657	7.243792595	7.496169586	16.56882036	6.288408239	10.94079435	4.254625186	8.64813554	7.189899828	3.357922677	6.215670128	3.904563865	6.19833378	4.673746279	4.104504424	5.481086002	2.21709247	17.99255639	17.17302196	13.15342365	4.420762961	3.134686844	7.496215094	5.841816395	14.41524448	4.897595462	11.88470209	6.317399506	11.30371708	12.22219669	6.464356941	6.458401017	5.550858932	6.633764057	8.866506067	11.13409399	6.857836781	6.918076335
lpl	protein_coding	chrNC_030677.1:77715979-77740078:+	gi|301608942|ref|XP_002934038.1|	2530	0	PREDICTED: lipoprotein lipase [Xenopus tropicalis]	gi|847094016|ref|XM_002933992.3|	4999	0	PREDICTED: Xenopus (Silurana) tropicalis lipoprotein lipase (lpl), mRNA	P11602	763	0	Lipoprotein lipase	.	.	.	.	pfam00151	Lipase	Lipase.	GO:0042632|cholesterol homeostasis;GO:0006633|fatty acid biosynthetic process;GO:0090197|positive regulation of chemokine secretion;GO:0010886|positive regulation of cholesterol storage;GO:0010744|positive regulation of macrophage derived foam cell differentiation;GO:0010890|positive regulation of sequestering of triglyceride;GO:0019433|triglyceride catabolic process;GO:0070328|triglyceride homeostasis;GO:0034372|very-low-density lipoprotein particle remodeling;	GO:0031225|anchored component of membrane;GO:0009986|cell surface;GO:0042627|chylomicron;GO:0070062|extracellular exosome;GO:0005615|extracellular space;GO:0005886|plasma membrane;GO:0034361|very-low-density lipoprotein particle;	GO:0008201|heparin binding;GO:0004465|lipoprotein lipase activity;	K01059	LPL; lipoprotein lipase [EC:3.1.1.34]	5.594596924	5.510006042	5.159824865	5.444422641	3.271847179	5.03028328	5.248613667	4.957863834	9.082369477	3.119169547	2.486733234	4.16875599	4.930914588	4.38112935	4.149023217	4.180235404	3.679714554	3.880509711	12.00059523	9.382931581	8.208993455	9.8292478	8.991861687	5.858056196	4.41369408	4.011931094	2.451997762	5.422606318	4.866246489	4.808960039	4.375894877	6.055545279	5.866709267	4.962903386	19.24550805	6.125042749	5.722606325	4.750371023	5.453049193	4.588225248	4.149161152	3.422475389	7.134729466	4.78677185	7.677311623	4.409434028	9.799406504	7.410243702
svbp	protein_coding	chrNW_016684385.1:1720-8787:-	gi|847175562|ref|XP_012810579.1|	322	2.00E-34	PREDICTED: coiled-coil domain-containing protein 23 [Xenopus tropicalis]	gi|110289764|emb|CU025074.1|	537	0	Xenopus tropicalis finished cDNA, clone TTpA034n18	Q32LJ0	94.7	3.00E-23	Small vasohibin-binding protein	.	.	.	.	pfam14303	NAM-associated	No apical meristem-associated C-terminal domain. This domain is found in a number of different types of plant proteins including NAM-like proteins.	GO:0010596|negative regulation of endothelial cell migration;GO:0031397|negative regulation of protein ubiquitination;GO:0009306|protein secretion;	GO:0045177|apical part of cell;GO:0005576|extracellular region;	.	.	.	32.67077102	45.00117017	42.20995565	65.81560031	30.14155858	32.33034447	7.768676321	8.440632099	10.06617301	10.76793526	8.578605634	12.74784448	32.94683374	42.5817506	40.28684124	57.71408169	49.93858186	51.73120572	13.94705942	25.67431143	14.83706763	12.46469118	12.16159427	14.07035715	62.14583136	45.47696226	41.48333866	45.70608933	36.85725804	49.19650109	12.40020653	15.7166984	17.26034684	19.66021583	12.77591532	15.35247987	34.27325301	33.95701315	30.52964893	37.43690796	44.16031705	43.60950269	7.98301803	7.917537766	7.790737772	11.96990216	8.200196162	7.091332048
nppc	protein_coding	chrNC_030681.1:108233022-108239347:-	gi|163915239|ref|NP_001106395.1|	516	8.00E-59	C-type natriuretic peptide precursor [Xenopus tropicalis]	gi|163915238|ref|NM_001112924.1|	1967	0	Xenopus (Silurana) tropicalis natriuretic peptide C (nppc), mRNA	P40756	161	4.00E-45	C-type natriuretic peptide 2	.	.	.	.	pfam00212	ANP	Atrial natriuretic peptide.	GO:0050880|regulation of blood vessel size;	GO:0005576|extracellular region;	.	.	.	38.13725452	55.25898227	52.52279309	43.88713671	49.63124575	48.16934382	9.162773375	18.63012125	17.22104253	36.93197396	36.27603964	37.41866035	55.88501207	39.86917243	52.65474346	43.50096647	49.55429309	50.51599605	3.262517918	5.991332149	7.321259075	8.437683227	3.911363786	16.54206797	45.66257445	34.39633587	47.79797671	46.2986187	45.43544924	36.5342458	9.619858416	4.717169831	8.422132182	5.405524155	1.066696718	6.845639866	47.7346044	52.27029841	51.76288949	47.67844178	47.10263557	62.80362697	8.708548275	16.96148952	9.259637084	6.567123442	4.430134785	6.090158099
sfrp5	protein_coding	chrNC_030683.1:25554744-25597275:-	gi|52345596|ref|NP_001004846.1|	1579	0	secreted frizzled-related protein 5 precursor [Xenopus tropicalis]	gi|52345595|ref|NM_001004846.1|	1897	0	Xenopus (Silurana) tropicalis secreted frizzled-related protein 5 (sfrp5), mRNA	Q9XSC1	407	7.00E-136	Secreted frizzled-related protein 5	.	.	.	.	pfam01392	Fz	Fz domain. Also known as the CRD (cysteine rich domain), the C6 box in MuSK receptor. This domain of unknown function has been independently identified by several groups. The domain contains 10 conserved cysteines.	GO:0060070|canonical Wnt signaling pathway;GO:0030154|cell differentiation;GO:0007275|multicellular organism development;GO:0090090|negative regulation of canonical Wnt signaling pathway;GO:0035414|negative regulation of catenin import into nucleus;GO:0008285|negative regulation of cell proliferation;GO:0051898|negative regulation of protein kinase B signaling;GO:0043433|negative regulation of DNA binding transcription factor activity;GO:0030178|negative regulation of Wnt signaling pathway;GO:2000057|negative regulation of Wnt signaling pathway involved in digestive tract morphogenesis;GO:0035567|non-canonical Wnt signaling pathway;	GO:0005576|extracellular region;GO:0016021|integral component of membrane;	GO:0004930|G-protein coupled receptor activity;GO:0042813|Wnt-activated receptor activity;GO:0017147|Wnt-protein binding;	K02222	SFRP5; secreted frizzled-related protein 5	16.90456492	21.3893658	18.71793835	35.69194679	16.48461793	23.62219958	11.21048573	10.13998717	5.777259609	11.65546726	12.90151308	12.7710239	24.68856879	25.59324626	15.37051064	24.04141953	24.11405111	25.81985511	4.094862873	4.775563335	5.106511661	5.532964089	3.660900299	12.88486274	28.18214793	25.61729472	19.56721446	25.38432389	22.08627991	24.0493813	7.568372599	3.108331095	2.676211558	8.789406561	1.037713799	8.183393228	17.17058175	23.91183849	21.19636701	20.03049332	23.50787668	27.04234345	2.378948408	10.53885272	8.669878753	3.643091839	2.011102253	6.585514263
col27a1	protein_coding	chrNC_030684.1:2648556-2825063:+	gi|512858203|ref|XP_004916755.1|	4148	0	PREDICTED: collagen alpha-1(XXVII) chain isoform X2 [Xenopus tropicalis]	gi|847159349|ref|XM_002935498.3|	6820	0	PREDICTED: Xenopus (Silurana) tropicalis collagen, type XXVII, alpha 1 (col27a1), transcript variant X1, mRNA	Q5QNQ9	58.9	6.00E-07	Collagen alpha-1(XXVII) chain	.	.	.	.	pfam01410	COLFI	Fibrillar collagen C-terminal domain. Found at C-termini of fibrillar collagens: Ephydatia muelleri procollagen EMF1 alpha, vertebrate collagens alpha(1)III, alpha(1)II, alpha(2)V etc.	GO:0030198|extracellular matrix organization;GO:0003431|growth plate cartilage chondrocyte development;	GO:0005583|fibrillar collagen trimer;	GO:0005201|extracellular matrix structural constituent;GO:0046872|metal ion binding;	.	.	3.433571694	2.971378948	2.858690513	1.453370094	2.893411199	2.263943046	0.879838143	0.526469679	0.662741062	0.586083519	0.548505299	0.598995119	2.733650878	3.128635337	2.694683637	2.54208535	2.96459194	2.712664948	1.000158531	0.358203104	0.442799097	0.582642074	0.704964408	0.518383365	2.183830169	2.290510945	3.231889908	2.687816984	2.263655973	2.374896974	0.788922344	0.376788629	0.936657937	0.524592902	1.956911791	0.465544843	2.586309103	2.437945242	3.053591842	2.064926254	2.361829482	2.194755404	0.789043286	0.672523037	1.055170225	0.821705472	1.70150388	1.394027267
LOC100495918	protein_coding	chrNC_030683.1:54214330-54218021:-	gi|301616248|ref|XP_002937572.1|	593	3.00E-74	PREDICTED: C-type natriuretic peptide 1-like isoform X2 [Xenopus tropicalis]	gi|301616247|ref|XM_002937526.1|	776	0	PREDICTED: Xenopus (Silurana) tropicalis C-type natriuretic peptide 1-like (LOC100495918), transcript variant X2, mRNA	P20968	145	8.00E-42	C-type natriuretic peptide 1	.	.	.	.	pfam00212	ANP	Atrial natriuretic peptide.	GO:0006182|cGMP biosynthetic process;GO:0003418|growth plate cartilage chondrocyte differentiation;GO:0003419|growth plate cartilage chondrocyte proliferation;GO:0007168|receptor guanylyl cyclase signaling pathway;GO:0050880|regulation of blood vessel size;	GO:0005576|extracellular region;	.	.	.	106.4347311	61.18196621	86.26479291	198.0776226	100.2817142	79.2125565	2.053977119	0.380221547	6.586059858	1.791300832	1.922347336	2.082949401	72.8189877	60.5241453	73.41647159	111.7797478	60.65381418	99.05275996	17.05648362	5.893381843	0.528069819	3.066349427	4.449815289	1.64727874	80.4345345	113.8109818	12.72201856	107.2309564	95.39718315	116.9595472	2.562687265	0.0	3.47005284	3.525632306	4.532935465	2.338786318	87.79383484	81.46270381	85.93511718	48.35894606	100.2102379	13.02024906	0.0	0.161025763	3.505449536	0.229077576	4.780115741	2.058306011
itih6	protein_coding	chrNC_030684.1:8547722-8591530:-	gi|301620566|ref|XP_002939640.1|	5729	0	PREDICTED: inter-alpha-trypsin inhibitor heavy chain H6 [Xenopus tropicalis]	gi|847172987|ref|XM_002939594.3|	2859	0	PREDICTED: Xenopus (Silurana) tropicalis inter-alpha-trypsin inhibitor heavy chain family, member 6 (itih6), mRNA	Q6UXX5	194	9.00E-49	Inter-alpha-trypsin inhibitor heavy chain H6	alr4412	140	4.00E-33	COG2304	pfam08487	VIT	Vault protein inter-alpha-trypsin domain. Inter-alpha-trypsin inhibitors (ITIs) consist of one light chain and a variable set of heavy chains. ITIs play a role in extracellular matrix (ECM) stabilisation and tumor metastasis as well as in plasma protease inhibition. The vault protein inter-alpha-trypsin (VIT) domain described here is found to the N-terminus of a von Willebrand factor type A domain (pfam00092) in ITI heavy chains (ITIHs) and their precursors.	GO:0030212|hyaluronan metabolic process;	GO:0005576|extracellular region;	GO:0004867|serine-type endopeptidase inhibitor activity;	.	.	20.34216232	14.34187905	17.03045229	17.65939341	19.17802431	16.88553725	1.163137615	1.449780781	1.416666233	0.602752184	0.846686996	0.645940871	16.87652887	18.72918208	19.72816818	17.56558191	17.22942291	19.48137142	0.822325538	0.627533477	0.768955683	1.128679142	1.370453553	0.777358491	17.44696077	19.29371094	5.979404179	18.58152103	15.85412355	18.95037663	0.425102749	0.423194162	0.911323301	0.665504906	3.062309576	0.370268224	18.50423327	15.02207221	22.56735071	18.08079692	21.81653865	6.685015834	1.711364251	0.896667907	1.25146695	0.850408478	2.277242244	1.912761441
masp1	protein_coding	chrNC_030681.1:100914922-100946300:+	gi|147901778|ref|NP_001090874.1|	3661	0	mannan-binding lectin serine peptidase 1 (C4/C2 activating component of Ra-reactive factor) precursor [Xenopus tropicalis]	gi|147901777|ref|NM_001097405.1|	2684	0	Xenopus (Silurana) tropicalis mannan-binding lectin serine peptidase 1 (C4/C2 activating component of Ra-reactive factor) (masp1), mRNA	P48740	758	0	Mannan-binding lectin serine protease 1	mlr3307	112	1.00E-25	COG5640	pfam00089	Trypsin	Trypsin.	GO:0006956|complement activation;GO:0001867|complement activation, lectin pathway;GO:0045916|negative regulation of complement activation;GO:0006898|receptor-mediated endocytosis;	GO:0005576|extracellular region;GO:0005615|extracellular space;	GO:0005509|calcium ion binding;GO:0048306|calcium-dependent protein binding;GO:0008233|peptidase activity;GO:0042803|protein homodimerization activity;GO:0004252|serine-type endopeptidase activity;	K03992	MASP1; mannan-binding lectin serine protease 1 [EC:3.4.21.-]	3.30271493	2.767246466	3.443878942	3.328077104	2.902019125	2.864996326	1.104962457	0.616907404	0.964039881	0.784329332	1.008296818	0.998888908	2.969718986	2.862846218	2.540234536	1.939009655	3.16219967	2.827902826	0.826214433	0.782036398	0.548683524	0.943560155	0.655154378	0.607432011	3.941744695	2.896301055	1.886914024	3.535498203	2.718283282	3.03548116	0.564820282	0.250865349	0.73858684	0.336225667	1.179059752	0.569833371	3.282357925	2.82165032	2.720570984	2.748235674	2.891865333	1.141250958	0.749833005	0.83334025	1.044569239	0.683544145	1.188614857	1.30660366
LOC100494394	protein_coding	chrNC_030680.1:122474148-122488238:-	gi|301617718|ref|XP_002938270.1|	3407	0	PREDICTED: netrin-4-like [Xenopus tropicalis]	gi|847121230|ref|XM_002938224.3|	2527	0	PREDICTED: Xenopus (Silurana) tropicalis netrin-4-like (LOC100494394), mRNA	Q9JI33	687	0	Netrin-4	.	.	.	.	pfam00055	Laminin_N	Laminin N-terminal (Domain VI).	GO:0030198|extracellular matrix organization;GO:0016322|neuron remodeling;GO:0060668|regulation of branching involved in salivary gland morphogenesis by extracellular matrix-epithelial cell signaling;	GO:0005604|basement membrane;GO:0005886|plasma membrane;	GO:0043237|laminin-1 binding;	K06845	NTN4; netrin 4	2.862265808	2.680349297	2.781366892	2.372323295	1.870952061	2.678192642	2.959637787	6.842122093	3.292393513	2.272065129	2.48426815	2.421491972	2.266713376	2.627078455	2.525459445	2.568923862	3.264045849	2.935863212	4.897650068	2.041780865	6.046308378	4.07252946	5.825455393	5.357433795	2.704392507	2.773008914	3.015255208	2.868619333	2.594765343	2.670833162	5.985657621	2.639116051	3.636925359	4.010776156	4.395756884	2.409454166	2.657671985	2.703706991	2.70328968	3.406971448	3.746516044	2.105773244	3.195661581	5.340422296	3.674024258	5.018010636	4.007585431	3.865362223
chga	protein_coding	chrNC_030684.1:66553174-66569449:+	gi|847153951|ref|XP_012823716.1|	1988	0	PREDICTED: chromogranin-A isoform X1 [Xenopus tropicalis]	gi|847153956|ref|XM_012968264.1|	4195	0	PREDICTED: Xenopus (Silurana) tropicalis chromogranin A (chga), transcript variant X3, mRNA	P04404	145	2.00E-36	Chromogranin-A (Fragment)	.	.	.	.	pfam01271	Granin	Granin (chromogranin or secretogranin).	GO:0050829|defense response to Gram-negative bacterium;GO:0050830|defense response to Gram-positive bacterium;GO:0045576|mast cell activation;GO:0002551|mast cell chemotaxis;GO:0032762|mast cell cytokine production;GO:0043303|mast cell degranulation;GO:0033604|negative regulation of catecholamine secretion;GO:2000707|positive regulation of dense core granule biogenesis;	GO:0005576|extracellular region;GO:0042629|mast cell granule;GO:0030141|secretory granule;GO:0030658|transport vesicle membrane;	.	.	.	95.20125452	97.39035403	97.66172666	227.3562655	208.2339834	103.3954348	109.5989673	98.93366436	60.42026157	90.69094142	75.08128253	87.33127782	114.2602283	150.4888034	95.12641266	197.5476062	199.789995	213.188525	147.0930973	169.9364541	135.2995905	155.3999345	139.9851247	139.7722052	104.0054689	96.27570619	81.15736733	103.3465099	98.57823616	108.9445685	124.0112432	195.4611085	118.0818099	150.6433674	194.323855	166.7247737	166.4158003	242.0495794	99.75433563	202.604161	109.3324166	89.68402275	67.39460698	77.55737122	92.57731137	85.26492642	89.04548525	58.26768101
vip	protein_coding	chrNC_030681.1:43999375-44010570:-	gi|512842427|ref|XP_002936422.2|	1001	1.00E-129	PREDICTED: VIP peptides [Xenopus tropicalis]	gi|847130978|ref|XM_002936376.3|	1821	0	PREDICTED: Xenopus (Silurana) tropicalis vasoactive intestinal peptide (vip), mRNA	P48143	233	7.00E-71	VIP peptides	.	.	.	.	pfam00123	Hormone_2	Peptide hormone. This family contains glucagon, GIP, secretin and VIP.	GO:0048242|epinephrine secretion;GO:0010467|gene expression;GO:0048255|mRNA stabilization;GO:0030819|positive regulation of cAMP biosynthetic process;GO:0032812|positive regulation of epinephrine secretion;GO:0010628|positive regulation of gene expression;GO:0090277|positive regulation of peptide hormone secretion;GO:0070459|prolactin secretion;	GO:0005576|extracellular region;GO:0005615|extracellular space;	.	K05264	VIP; vasoactive intestinal peptide	14.4745161	11.97436686	12.29547003	20.10252779	14.53795457	14.56762222	6.741028881	3.597802403	11.29029304	4.112474988	4.26327874	4.085230881	11.24624962	8.240910111	11.39923758	17.1980386	14.68178997	11.91720946	17.5293738	39.06645112	0.701081573	6.444174522	9.761384146	3.637431453	16.5105837	16.08045086	2.452625471	14.42484988	15.63393438	16.58562677	6.298475791	0.189412215	8.062158694	10.42527746	11.01871853	2.772685864	14.30732801	13.25209526	11.12062052	11.41258347	16.28743621	1.68670227	2.897358188	2.040653109	7.983441247	3.032087593	11.15397513	8.728300033
lipg	protein_coding	chrNC_030677.1:191708348-191716434:+	gi|512809666|ref|XP_002934486.2|	2714	0	PREDICTED: endothelial lipase isoform X1 [Xenopus tropicalis]	gi|847089267|ref|XM_002934440.3|	1923	0	PREDICTED: Xenopus (Silurana) tropicalis lipase, endothelial (lipg), transcript variant X1, mRNA	Q9Y5X9	666	0	Endothelial lipase	.	.	.	.	pfam00151	Lipase	Lipase.	GO:0008283|cell proliferation;GO:0042632|cholesterol homeostasis;GO:0034375|high-density lipoprotein particle remodeling;GO:0044241|lipid digestion;GO:0006629|lipid metabolic process;GO:0009395|phospholipid catabolic process;GO:0055091|phospholipid homeostasis;GO:0032376|positive regulation of cholesterol transport;GO:0010983|positive regulation of high-density lipoprotein particle clearance;GO:0050746|regulation of lipoprotein metabolic process;GO:0007584|response to nutrient;GO:0043691|reverse cholesterol transport;	GO:0009986|cell surface;GO:0005769|early endosome;GO:0005576|extracellular region;GO:0005615|extracellular space;GO:0005794|Golgi apparatus;	GO:0008201|heparin binding;GO:0004465|lipoprotein lipase activity;GO:0008970|phosphatidylcholine 1-acylhydrolase activity;GO:0004620|phospholipase activity;	K01046	E3.1.1.3; triacylglycerol lipase [EC:3.1.1.3]	5.405187673	13.56213396	4.393881487	4.434653065	4.994134911	11.52911117	2.57036969	2.615614507	1.477238497	2.570243907	2.792268517	2.679771039	4.529635814	10.85152899	5.853361128	8.776656439	5.70515591	5.172293363	1.218375543	8.024749424	1.490244525	1.977561203	1.433307989	1.966383214	2.63149783	4.631504225	4.980681608	8.757013512	12.25382013	9.56759256	0.956539354	1.511014817	1.490192881	1.042839973	2.273291322	1.244894367	5.511904979	3.794412911	7.482097008	7.5384975	5.15136213	7.000076878	1.557380021	1.085272168	4.463049778	1.313222596	1.974973114	1.674261493
enpp2	protein_coding	chrNC_030682.1:122888601-122942850:-	gi|847135208|ref|XP_012820111.1|	4946	0	PREDICTED: ectonucleotide pyrophosphatase/phosphodiesterase family member 2 isoform X1 [Xenopus tropicalis]	gi|847135211|ref|XM_012964658.1|	3508	0	PREDICTED: Xenopus (Silurana) tropicalis ectonucleotide pyrophosphatase/phosphodiesterase 2 (enpp2), transcript variant X2, mRNA	Q64610	1380	0	Ectonucleotide pyrophosphatase/phosphodiesterase family member 2	SPBC725.05c	214	3.00E-59	COG1524	pfam01663	Phosphodiest	Type I phosphodiesterase / nucleotide pyrophosphatase. This family consists of phosphodiesterases, including human plasma-cell membrane glycoprotein PC-1 / alkaline phosphodiesterase i / nucleotide pyrophosphatase (nppase). These enzymes catalyse the cleavage of phosphodiester and phosphosulfate bonds in NAD, deoxynucleotides and nucleotide sugars. Also in this family is ATX an autotaxin, tumor cell motility-stimulating protein which exhibits type I phosphodiesterases activity. The alignment encompasses the active site. Also present with in this family is 60-kDa Ca2+-ATPase form F. odoratum.	GO:0006935|chemotaxis;GO:0006955|immune response;GO:0034638|phosphatidylcholine catabolic process;GO:0009395|phospholipid catabolic process;GO:0010634|positive regulation of epithelial cell migration;GO:2000394|positive regulation of lamellipodium morphogenesis;GO:0050731|positive regulation of peptidyl-tyrosine phosphorylation;GO:0045765|regulation of angiogenesis;GO:0030334|regulation of cell migration;	GO:0005615|extracellular space;GO:0005887|integral component of plasma membrane;	GO:0047391|alkylglycerophosphoethanolamine phosphodiesterase activity;GO:0005509|calcium ion binding;GO:0004622|lysophospholipase activity;GO:0003676|nucleic acid binding;GO:0004551|nucleotide diphosphatase activity;GO:0004528|phosphodiesterase I activity;GO:0030247|polysaccharide binding;GO:0005044|scavenger receptor activity;GO:0008270|zinc ion binding;	K01122	ENPP2; ectonucleotide pyrophosphatase/phosphodiesterase family member 2 [EC:3.1.4.39]	49.78211546	60.45706982	26.6717061	31.76011032	60.37420354	63.25102018	25.36971365	29.73379223	20.75127109	13.61163079	19.69460167	9.423316832	42.9005209	88.49823326	61.61108833	56.73800875	37.95166677	36.22982734	25.05925152	32.83243933	25.49310915	37.57084982	27.95125806	22.33814474	48.04483704	49.12735011	19.94966314	74.71686945	59.3508448	62.23447993	17.32350781	7.576260895	23.13067595	17.4427732	40.70686572	7.585993802	68.04408215	40.84874741	54.33475035	61.73500384	53.40647224	20.10125162	32.32946757	17.29286772	37.23808719	19.85183951	54.82044284	35.74673361
angptl4	protein_coding	chrNC_030677.1:82447884-82456834:+	gi|301618393|ref|XP_002938598.1|	2191	0	PREDICTED: angiopoietin-related protein 4 [Xenopus tropicalis]	gi|847093596|ref|XM_002938552.3|	2548	0	PREDICTED: Xenopus (Silurana) tropicalis angiopoietin-like 4 (angptl4), mRNA	Q9Z1P8	300	3.00E-91	Angiopoietin-related protein 4	.	.	.	.	pfam00147	Fibrinogen_C	Fibrinogen beta and gamma chains, C-terminal globular domain.	GO:0001525|angiogenesis;GO:0009267|cellular response to starvation;GO:0043066|negative regulation of apoptotic process;GO:2000352|negative regulation of endothelial cell apoptotic process;GO:0051005|negative regulation of lipoprotein lipase activity;GO:0045834|positive regulation of lipid metabolic process;GO:0051260|protein homooligomerization;GO:0001666|response to hypoxia;GO:0070328|triglyceride homeostasis;	GO:0072562|blood microparticle;GO:0005576|extracellular region;GO:0005615|extracellular space;GO:0005578|proteinaceous extracellular matrix;	GO:0004857|enzyme inhibitor activity;GO:0042802|identical protein binding;	K08767	ANGPTL4, PGAR; angiopoietin-like 4	8.894517208	10.50645028	9.935752939	11.50505107	9.954679108	9.844700265	3.945739405	8.916404184	9.189370072	11.97827742	10.22108356	17.17323813	10.28032461	12.00444269	10.80128251	11.6711279	9.865582849	9.069125281	21.31808338	6.097869833	12.95790252	15.50215337	30.5515011	21.89162213	9.349046687	9.056543085	8.009082562	12.45573905	13.58744595	14.48022038	25.47180209	27.24335667	17.62121775	20.79151965	20.36868415	41.58816164	9.757410736	11.0120604	10.21337074	9.6724008	9.473459136	10.73288223	26.12291059	12.70157062	10.55989456	10.8835224	14.95080032	16.85295525
