GeneName	Biotype	Position	NR:Seq-id	NR:Score	NR:Evalue	NR:Description	NT:Seq-id	NT:Score	NT:Evalue	NT:Description	Uniprot:UniProtKB-AC	Uniprot:Score	Uniprot:Evalue	Uniprot:Description	COG:gene	COG:Score	COG:Eval	COG:num	Pfam:pfam_ID	Pfam:pfam_Name	Pfam:pfam_Description	GO:biological_process	GO:cellular_component	GO:molecular_function	KEGG:KO	KEGG:Description	Lbra1	Lbra2	Lbra3	Lbra4	Lbra5	Lbra6	Lhea1	Lhea2	Lhea3	Lhea4	Lhea5	Lhea6	LMbra1	LMbra2	LMbra3	LMbra4	LMbra5	LMbra6	LMhea1	LMhea2	LMhea3	LMhea4	LMhea5	LMhea6	Mbra1	Mbra2	Mbra3	Mbra4	Mbra5	Mbra6	Mhea1	Mhea2	Mhea3	Mhea4	Mhea5	Mhea6	MLbra1	MLbra2	MLbra3	MLbra4	MLbra5	MLbra6	MLhea1	MLhea2	MLhea3	MLhea4	MLhea5	MLhea6
cfb	protein_coding	chrNC_030684.1:53744892-53777706:-	gi|512861354|ref|XP_002943021.2|	3444	0	PREDICTED: complement factor B-like [Xenopus tropicalis]	gi|847158885|ref|XM_002942975.3|	3130	0	PREDICTED: Xenopus (Silurana) tropicalis complement factor B-like (LOC100491419), mRNA	P04186	448	3.00E-141	Complement factor B	.	.	.	.	pfam00092	VWA	von Willebrand factor type A domain.	GO:0008283|cell proliferation;GO:0006957|complement activation, alternative pathway;	GO:0072562|blood microparticle;GO:0070062|extracellular exosome;GO:0005615|extracellular space;	GO:0004252|serine-type endopeptidase activity;	K01335	CFB; component factor B [EC:3.4.21.47]	3.398219462	3.408075789	2.910213933	6.42987952	3.21282513	3.181560982	7.118800849	27.50918872	13.52663325	26.31311263	11.03945338	17.98538259	6.00168617	7.108710483	5.014372269	6.670535398	5.792013461	5.477236368	26.11275216	19.32816411	2.586868327	25.47872681	8.174783904	13.90785502	7.415876911	7.825043254	7.443890953	6.533635792	6.490191912	10.4129625	17.61828951	49.02331221	47.55880111	10.10645421	34.58179626	27.13131622	3.740576046	4.496774028	4.5346781	4.120619237	5.17532801	3.087067072	12.37421557	7.192915839	6.178634945	14.36647683	11.82788354	12.09019188
ifi30	protein_coding	chrNC_030677.1:84907019-84926542:-	gi|847087884|ref|XP_012818874.1|	1369	0	PREDICTED: gamma-interferon-inducible lysosomal thiol reductase isoform X1 [Xenopus tropicalis]	gi|847087883|ref|XM_012963420.1|	1901	0	PREDICTED: Xenopus (Silurana) tropicalis interferon, gamma-inducible protein 30 (ifi30), transcript variant X1, mRNA	P13284	214	2.00E-63	Gamma-interferon-inducible lysosomal thiol reductase	.	.	.	.	pfam03227	GILT	Gamma interferon inducible lysosomal thiol reductase (GILT). This family includes the two characterized human gamma-interferon-inducible lysosomal thiol reductase (GILT) sequences. It also contains several other eukaryotic putative proteins with similarity to GILT. The aligned region contains three conserved cysteine residues. In addition, the two GILT sequences possess a C-X(2)-C motif that is shared by some of the other sequences in the family. This motif is thought to be associated with disulphide bond reduction.	GO:0042590|antigen processing and presentation of exogenous peptide antigen via MHC class I;GO:0019886|antigen processing and presentation of exogenous peptide antigen via MHC class II;GO:0060333|interferon-gamma-mediated signaling pathway;GO:0048147|negative regulation of fibroblast proliferation;GO:0050821|protein stabilization;	GO:0030054|cell junction;GO:0005737|cytoplasm;GO:0005576|extracellular region;GO:0043231|intracellular membrane-bounded organelle;GO:0043202|lysosomal lumen;GO:0005764|lysosome;GO:0005886|plasma membrane;	GO:0016667|oxidoreductase activity, acting on a sulfur group of donors;	K08059	IFI30, GILT; interferon, gamma-inducible protein 30	22.4302667	29.62371109	19.63502721	46.29382376	24.53448381	27.95839294	41.71601638	65.96001148	53.20310455	88.09101708	47.06594831	79.44639694	15.60740324	13.44651084	13.1136491	17.43210561	13.53322745	17.72184265	45.5124096	37.3446832	26.54443061	53.56818246	26.98628231	28.06732333	14.68793839	14.87175611	15.75388953	13.26628814	15.14208689	21.36966255	47.21934896	75.70964127	72.5592618	29.16763107	52.45531709	75.74436786	22.92951861	31.33443448	22.45071888	27.79562041	22.27804322	31.42905022	59.29023491	65.36930408	41.14890192	55.53545798	52.79015442	47.11621772
col1a1	protein_coding	chrNC_030686.1:13936262-13962423:+	gi|58332412|ref|NP_001011005.1|	1566	0	collagen alpha-1(I) chain precursor [Xenopus tropicalis]	gi|58332411|ref|NM_001011005.1|	5663	0	Xenopus (Silurana) tropicalis collagen, type I, alpha 1 (col1a1), mRNA	Q9YIB4	60.8	1.00E-07	Collagen alpha-1(I) chain	.	.	.	.	pfam01410	COLFI	Fibrillar collagen C-terminal domain. Found at C-termini of fibrillar collagens: Ephydatia muelleri procollagen EMF1 alpha, vertebrate collagens alpha(1)III, alpha(1)II, alpha(2)V etc.	.	GO:0005581|collagen trimer;GO:0005578|proteinaceous extracellular matrix;	GO:0005201|extracellular matrix structural constituent;GO:0046872|metal ion binding;	.	.	9.011884411	7.56571439	8.543248978	13.36642114	7.077722045	11.90046212	307.3608065	596.4435474	343.9676991	445.0445246	272.3699121	368.6885579	4.198580883	3.851110536	3.46005411	3.685391634	2.002889396	4.961534101	301.6402138	72.35917013	157.9519724	217.3358022	217.3277057	152.1489378	3.547840871	2.092577331	1.910698214	2.763552244	2.813260372	3.729867587	247.4974163	244.5179056	218.220909	262.1995171	174.5515488	221.6330845	4.235443421	10.25258286	4.964951731	8.95614084	5.807570824	2.23855789	157.2419663	550.1796271	174.7473504	575.9117423	343.8065042	331.8008802
cdnf	protein_coding	chrNC_030679.1:71666287-71677464:+	gi|301611545|ref|XP_002935290.1|	887	2.00E-114	PREDICTED: cerebral dopamine neurotrophic factor [Xenopus tropicalis]	gi|847114683|ref|XM_002935244.3|	1109	0	PREDICTED: Xenopus (Silurana) tropicalis cerebral dopamine neurotrophic factor (cdnf), mRNA	Q8CC36	217	1.00E-65	Cerebral dopamine neurotrophic factor	.	.	.	.	pfam10208	Armet	Degradation arginine-rich protein for mis-folding. This is a family of small proteins of approximately 170 residues which contain four di-sulfide bridges that are highly conserved from nematodes to humans. Armet is a soluble protein resident in the endoplasmic reticulum and induced by ER stress. It appears to be involved with dealing with mis-folded proteins in the ER, thus in quality control of ER stress.	GO:0071542|dopaminergic neuron differentiation;GO:0031175|neuron projection development;	GO:0005783|endoplasmic reticulum;GO:0005615|extracellular space;	.	.	.	2.288693845	2.227280047	3.956470435	2.577594943	2.122745741	1.617976346	0.34343633	0.466517902	0.49846996	0.221647967	0.56728163	0.502242554	4.444361001	3.718552818	3.681162198	4.833258706	3.155834991	3.68430688	1.000291091	0.766558311	1.588522531	0.773904242	0.994935756	0.624691092	4.706523872	5.942471202	4.532234757	3.968467443	3.75904585	3.391871117	1.468432489	0.901987319	1.626038763	1.506996874	2.064926203	0.731261409	2.90277913	2.981730256	3.517857489	2.740148088	1.930354267	3.949334177	0.485396087	0.307649358	0.604456129	0.77386371	0.917728821	0.670144545
loxl1	protein_coding	chrNC_030679.1:82947858-82954271:+	gi|156717522|ref|NP_001096301.1|	2232	0	lysyl oxidase homolog 1 precursor [Xenopus tropicalis]	gi|156717521|ref|NM_001102831.1|	2300	0	Xenopus tropicalis lysyl oxidase like 1 (loxl1), mRNA	Q08397	84.3	2.00E-15	Lysyl oxidase homolog 1	.	.	.	.	pfam01186	Lysyl_oxidase	Lysyl oxidase.	GO:0035904|aorta development;GO:0030198|extracellular matrix organization;GO:0055114|oxidation-reduction process;GO:0018277|protein deamination;GO:0032496|response to lipopolysaccharide;	GO:0001669|acrosomal vesicle;GO:0005604|basement membrane;GO:0005576|extracellular region;GO:0005615|extracellular space;	GO:0005507|copper ion binding;GO:0016641|oxidoreductase activity, acting on the CH-NH2 group of donors, oxygen as acceptor;	K14678	LOXL1; lysyl oxidase-like protein 1 [EC:1.4.3.-]	7.746967455	8.795145873	8.533453921	8.512025774	8.600108646	10.35280045	31.52388038	60.78963239	42.82890574	52.17937691	24.63988456	43.5182378	7.321822495	7.83959375	6.898876503	6.765093113	6.253450121	7.41982411	23.16113223	19.0178727	14.76417	22.20909525	19.32167752	12.8777389	6.66966056	7.318275987	5.897818466	5.872056667	6.918559276	6.503163692	27.03056365	35.47046528	23.7007868	24.04583954	24.36083912	28.64839256	7.963384457	7.488710661	8.22067692	7.590845269	8.096313401	7.516729803	21.91161057	52.52338459	28.07786443	53.73961368	38.1284512	32.06424033
nid2	protein_coding	chrNC_030684.1:74879973-74925486:+	gi|847152618|ref|XP_012823263.1|	7812	0	PREDICTED: nidogen-2 isoform X1 [Xenopus tropicalis]	gi|847152617|ref|XM_012967809.1|	5237	0	PREDICTED: Xenopus (Silurana) tropicalis nidogen 2 (osteonidogen) (nid2), transcript variant X1, mRNA	Q14112	186	7.00E-46	Nidogen-2	.	.	.	.	pfam07474	G2F	G2F domain. Nidogen, an invariant component of basement membranes, is a multifunctional protein that interacts with most other major basement membrane proteins. The G2 fragment or (G2F domain) contains binding sites for collagen IV and perlecan. The structure is composed of an 11-stranded beta-barrel with a central helix. This domain is structurally related to that of green fluorescent protein pfam01353. A large surface patch on the beta-barrel is conserved in all metazoan nidogens.	GO:0071711|basement membrane organization;GO:0007155|cell adhesion;GO:0007160|cell-matrix adhesion;GO:0030198|extracellular matrix organization;	GO:0005604|basement membrane;GO:0070062|extracellular exosome;GO:0031012|extracellular matrix;GO:0005576|extracellular region;	GO:0005509|calcium ion binding;GO:0005518|collagen binding;	K06826	NID; nidogen (entactin)	2.709633493	2.50046512	2.25418641	2.941911912	2.293567137	2.809870654	39.20124432	40.18775126	31.51881274	45.84037165	35.41637679	52.48060669	1.695931689	1.765217407	2.208722128	1.94790847	1.524994243	2.40363766	19.68211055	26.66243107	22.3232527	25.02763268	25.34463563	30.93101902	1.739927405	1.69563854	1.379035359	1.674985762	1.878071039	1.472859685	25.06490505	24.46823601	30.02598408	21.88476939	19.33148662	25.83959422	1.726309827	3.052545245	2.00010056	2.660453835	1.62839956	1.260472154	35.55528236	51.85010776	44.15625669	52.32561597	28.80781619	35.81929816
col2a1	protein_coding	chrNC_030678.1:140468231-140516271:+	gi|847099118|ref|XP_012812117.1|	1562	0	PREDICTED: collagen alpha-1(II) chain isoform X2 [Xenopus tropicalis]	gi|45361284|ref|NM_203889.1|	6071	0	Xenopus tropicalis collagen, type II, alpha 1 (col2a1), mRNA	Q6P4Z2	306	6.00E-83	Collagen alpha-1(II) chain	.	.	.	.	pfam01410	COLFI	Fibrillar collagen C-terminal domain. Found at C-termini of fibrillar collagens: Ephydatia muelleri procollagen EMF1 alpha, vertebrate collagens alpha(1)III, alpha(1)II, alpha(2)V etc.	.	GO:0005581|collagen trimer;GO:0005578|proteinaceous extracellular matrix;	GO:0005201|extracellular matrix structural constituent;GO:0046872|metal ion binding;	.	.	5.951375023	4.530139053	4.769861925	3.651940454	5.227687859	4.218418158	1.131566659	0.268992561	0.965626892	0.777921739	0.3555354	0.566591612	3.531724845	3.374228436	2.953106111	3.342188265	2.961463995	2.989396106	0.359796244	0.192171649	0.696908157	0.431140513	0.385474271	0.391515934	2.487352089	2.357936796	2.391440016	2.397640051	3.544598627	2.278023381	0.389781918	0.407021225	0.407638331	0.560968677	0.300245598	0.387015061	2.742094196	4.203345678	4.250150034	5.023241221	3.08061759	2.871216902	0.43143196	1.333175928	0.431287904	0.945764964	0.58065085	0.69600533
col4a5	protein_coding	chrNC_030684.1:29716300-29809883:+	gi|512859351|ref|XP_004916925.1|	1470	1.00E-168	PREDICTED: collagen alpha-5(IV) chain isoform X4 [Xenopus tropicalis]	gi|847156843|ref|XM_004916865.2|	6633	0	PREDICTED: Xenopus (Silurana) tropicalis collagen, type IV, alpha 5 (col4a5), transcript variant X1, mRNA	P29400	55.8	6.00E-06	Collagen alpha-5(IV) chain	.	.	.	.	pfam01413	C4	C-terminal tandem repeated domain in type 4 procollagen. Duplicated domain in C-terminus of type 4 collagens. Mutations in alpha-5 collagen IV are associated with X-linked Alport syndrome.	GO:0030574|collagen catabolic process;GO:0030198|extracellular matrix organization;GO:0007528|neuromuscular junction development;	GO:0005605|basal lamina;GO:0005587|collagen type IV trimer;GO:0005788|endoplasmic reticulum lumen;GO:0005576|extracellular region;GO:0031594|neuromuscular junction;	GO:0005201|extracellular matrix structural constituent;	K06237	COL4A; collagen, type IV, alpha	4.429357046	4.13826189	3.496006899	3.845827052	3.70970886	4.914446975	64.02638089	47.90693392	44.40675298	55.97065387	48.54533887	57.66611922	3.220836146	3.528744132	3.139268163	2.965490833	2.994115515	3.287074142	37.14646797	21.81278062	32.11626735	32.998417	36.90546251	35.50768788	2.667605701	2.951354001	2.784484478	3.401307795	3.748788578	3.14994906	32.88189228	29.37081138	30.31541905	41.05542816	30.87760751	44.35789522	3.672814066	4.363733858	3.999776813	4.830972075	3.681141833	2.800752119	38.14232678	66.77184771	43.953224	53.23986818	38.56146412	53.49800813
lama2	protein_coding	chrNC_030681.1:45463751-45812478:-	gi|512844752|ref|XP_002936356.2|	16330	0	PREDICTED: laminin subunit alpha-2 [Xenopus tropicalis]	gi|512844751|ref|XM_002936310.2|	9510	0	PREDICTED: Xenopus (Silurana) tropicalis laminin, alpha 2 (lama2), mRNA	P24043	259	2.00E-67	Laminin subunit alpha-2	.	.	.	.	pfam00055	Laminin_N	Laminin N-terminal (Domain VI).	GO:0007411|axon guidance;GO:0007155|cell adhesion;GO:0030198|extracellular matrix organization;GO:0007517|muscle organ development;GO:0022011|myelination in peripheral nervous system;GO:0032224|positive regulation of synaptic transmission, cholinergic;GO:0030155|regulation of cell adhesion;GO:0030334|regulation of cell migration;GO:0045995|regulation of embryonic development;	GO:0005605|basal lamina;GO:0005604|basement membrane;GO:0043197|dendritic spine;GO:0070062|extracellular exosome;GO:0005576|extracellular region;GO:0042383|sarcolemma;	GO:0005198|structural molecule activity;	K05637	LAMA1_2; laminin, alpha 1/2	1.889256461	2.527401899	2.59817184	2.354822822	2.766405349	2.170711785	5.946774693	12.23723698	12.48068735	7.08213574	7.734702272	8.232988614	2.081948958	2.399703584	1.422513428	2.273267927	1.591507454	2.657497404	9.369269134	8.051446379	11.02342715	8.997157297	12.09992227	6.83965829	1.261959274	1.316923707	1.664078655	1.211710177	1.679754737	1.821017732	5.27486067	9.639275872	9.541712667	9.457692023	10.92855036	6.75977651	2.374415562	4.4181813	2.078442494	3.717176635	1.742509475	3.02482073	12.54802127	6.465722938	8.919747427	9.890056345	10.51983002	10.86573239
col3a1	protein_coding	chrNC_030685.1:39803845-39864240:-	gi|218847780|ref|NP_001136379.1|	1436	1.00E-166	collagen alpha-1(III) chain precursor [Xenopus tropicalis]	gi|218847779|ref|NM_001142907.1|	5222	0	Xenopus (Silurana) tropicalis collagen, type III, alpha 1 (Ehlers-Danlos syndrome type IV, autosomal dominant) (col3a1), mRNA	P13941	147	4.00E-34	Collagen alpha-1(III) chain	.	.	.	.	pfam01410	COLFI	Fibrillar collagen C-terminal domain. Found at C-termini of fibrillar collagens: Ephydatia muelleri procollagen EMF1 alpha, vertebrate collagens alpha(1)III, alpha(1)II, alpha(2)V etc.	GO:0007568|aging;GO:0060414|aorta smooth muscle tissue morphogenesis;GO:0007160|cell-matrix adhesion;GO:0071230|cellular response to amino acid stimulus;GO:0021987|cerebral cortex development;GO:0030199|collagen fibril organization;GO:0048565|digestive tract development;GO:0007507|heart development;GO:0007229|integrin-mediated signaling pathway;GO:0050777|negative regulation of immune response;GO:2001223|negative regulation of neuron migration;GO:0018149|peptide cross-linking;GO:0035025|positive regulation of Rho protein signal transduction;GO:0034097|response to cytokine;GO:0009612|response to mechanical stimulus;GO:0009314|response to radiation;GO:0001501|skeletal system development;GO:0043588|skin development;GO:0007179|transforming growth factor beta receptor signaling pathway;GO:0042060|wound healing;	GO:0005586|collagen type III trimer;GO:0031012|extracellular matrix;GO:0005615|extracellular space;	GO:0005201|extracellular matrix structural constituent;GO:0046872|metal ion binding;	.	.	3.746893566	5.054567156	3.555955185	5.541084879	2.733997532	7.096994142	530.5120416	766.0607238	531.4176023	619.401693	332.6138542	720.5334255	2.044126328	2.041362011	1.972324749	2.551563187	1.269902965	2.208991343	423.6971901	179.1158612	310.11797	366.1707186	275.5519026	298.1226471	1.856762448	1.263777508	1.625551025	1.911589181	2.469152644	2.224915435	420.581195	414.9438441	451.5016001	405.9908933	249.2928697	454.7632522	2.001890431	5.311157192	3.41504971	6.199598078	2.350374527	2.011262816	332.8126691	840.4533096	287.8375889	802.8164029	502.6910356	444.8420349
spon2	other	chrNC_030685.1:58952541-58953343:+	.	.	.	.	gi|118404863|ref|NM_001079092.1|	803	0	Xenopus (Silurana) tropicalis spondin 2, extracellular matrix protein (spon2), mRNA	.	.	.	.	.	.	.	.	pfam13853	7tm_4	Olfactory receptor. The members of this family are transmembrane olfactory receptors.	.	.	.	.	.	6.519645056	5.221618617	3.739068565	4.479348168	6.683437986	3.170216106	1956.201974	1273.828583	1044.081251	1040.772181	1249.325051	1353.133383	4.328027954	2.240665151	3.808173216	2.463778203	3.913061192	2.80199533	824.6303024	1246.189189	1019.788273	1093.016059	1185.316482	1075.586142	3.404234055	3.761429942	2.805400367	3.565443134	3.756173263	2.561516371	577.9176286	617.2715957	910.5699841	842.8368674	778.7973323	761.9921962	5.307642602	4.047698687	4.942228481	4.255888473	5.130041204	3.439205015	1246.050718	1206.942747	1040.542651	914.5794537	1074.224633	1732.509636
spon2	protein_coding	chrNC_030677.1:14487127-14498895:+	gi|118404864|ref|NP_001072560.1|	1676	0	spondin-2 [Xenopus tropicalis]	gi|118404863|ref|NM_001079092.1|	1671	0	Xenopus (Silurana) tropicalis spondin 2, extracellular matrix protein (spon2), mRNA	Q8BMS2	454	4.00E-155	Spondin-2	.	.	.	.	pfam06468	Spond_N	Spondin_N. This conserved region is found at the in the N-terminal half of several Spondin proteins. Spondins are involved in patterning axonal growth trajectory through either inhibiting or promoting adhesion of embryonic nerve cells.	GO:0007155|cell adhesion;GO:0071222|cellular response to lipopolysaccharide;GO:0042742|defense response to bacterium;GO:0050832|defense response to fungus;GO:0051607|defense response to virus;GO:0043152|induction of bacterial agglutination;GO:0045087|innate immune response;GO:0002448|mast cell mediated immunity;GO:0008228|opsonization;GO:0032755|positive regulation of interleukin-6 production;GO:0060907|positive regulation of macrophage cytokine production;GO:0032760|positive regulation of tumor necrosis factor production;GO:0032496|response to lipopolysaccharide;	GO:0070062|extracellular exosome;GO:0005615|extracellular space;GO:0005578|proteinaceous extracellular matrix;	GO:0003823|antigen binding;GO:0001530|lipopolysaccharide binding;GO:0046872|metal ion binding;	.	.	1.481402088	1.888199869	1.875118316	2.32775366	1.488487991	1.149811894	22.44924124	23.78460982	26.3028581	34.06361162	0.866962666	35.50755849	1.922323138	2.48321233	2.025298916	2.769956733	1.329579807	2.61552136	7.417617511	48.34440975	16.34651471	26.25680492	6.095967162	7.773986895	1.244171336	0.902158974	0.791600427	2.037810402	2.271830211	1.497517327	40.5930664	28.82412552	76.4344556	19.09484689	29.61380486	28.31174696	1.388738029	2.179389615	1.671173465	2.316322353	2.072274709	0.402378067	15.01171885	37.07649965	7.418628228	54.86143007	14.38607932	21.55136934
col4a6	protein_coding	chrNC_030684.1:29574851-29715402:-	gi|847156831|ref|XP_012824447.1|	2610	0	PREDICTED: collagen alpha-6(IV) chain isoform X1 [Xenopus tropicalis]	gi|847156830|ref|XM_012968993.1|	7482	0	PREDICTED: Xenopus (Silurana) tropicalis collagen, type IV, alpha 6 (col4a6), transcript variant X1, mRNA	Q14031	59.7	5.00E-07	Collagen alpha-6(IV) chain	.	.	.	.	pfam01413	C4	C-terminal tandem repeated domain in type 4 procollagen. Duplicated domain in C-terminus of type 4 collagens. Mutations in alpha-5 collagen IV are associated with X-linked Alport syndrome.	GO:0007155|cell adhesion;GO:0030574|collagen catabolic process;GO:0030198|extracellular matrix organization;	GO:0005587|collagen type IV trimer;GO:0005788|endoplasmic reticulum lumen;GO:0005576|extracellular region;	GO:0005201|extracellular matrix structural constituent;	K06237	COL4A; collagen, type IV, alpha	3.145193745	2.391988326	1.728912147	2.246688459	2.58833185	2.679252893	23.53334556	19.58941174	19.45051216	22.28688149	17.12138004	26.48143125	1.724063588	2.357938067	1.631671587	1.664342649	1.649945935	2.022214258	13.4257115	8.591832637	13.210495	14.79659817	13.94250437	14.2896939	1.769286999	1.777660328	1.722436036	1.752399393	1.886275931	1.747331564	12.87765116	11.72062771	11.99601961	16.33589336	12.67362763	15.11691199	1.746918086	2.976130409	2.309437473	2.341594037	2.441444788	1.537734139	12.62095045	27.94493265	14.94693476	22.99383268	14.96013661	19.75082583
lama1	protein_coding	chrNC_030682.1:90637677-90733842:+	gi|512847120|ref|XP_004915294.1|	16534	0	PREDICTED: laminin subunit alpha-1 isoform X1 [Xenopus tropicalis]	gi|847138261|ref|XM_004915237.2|	9999	0	PREDICTED: Xenopus (Silurana) tropicalis laminin, alpha 1 (lama1), transcript variant X1, mRNA	P19137	3937	0	Laminin subunit alpha-1	.	.	.	.	pfam00055	Laminin_N	Laminin N-terminal (Domain VI).	GO:0007411|axon guidance;GO:0060445|branching involved in salivary gland morphogenesis;GO:0007155|cell adhesion;GO:0007166|cell surface receptor signaling pathway;GO:0060441|epithelial tube branching involved in lung morphogenesis;GO:0045198|establishment of epithelial cell apical/basal polarity;GO:0022617|extracellular matrix disassembly;GO:0030198|extracellular matrix organization;GO:0002011|morphogenesis of an epithelial sheet;GO:0031175|neuron projection development;GO:0006468|protein phosphorylation;GO:0030155|regulation of cell adhesion;GO:0030334|regulation of cell migration;GO:0045995|regulation of embryonic development;GO:0060041|retina development in camera-type eye;GO:0061304|retinal blood vessel morphogenesis;GO:0009888|tissue development;	GO:0005605|basal lamina;GO:0005604|basement membrane;GO:0005911|cell-cell junction;GO:0031012|extracellular matrix;GO:0005576|extracellular region;GO:0005615|extracellular space;GO:0043256|laminin complex;GO:0005606|laminin-1 complex;GO:0005608|laminin-3 complex;GO:0005578|proteinaceous extracellular matrix;	GO:0005201|extracellular matrix structural constituent;GO:0043208|glycosphingolipid binding;	K05637	LAMA1_2; laminin, alpha 1/2	1.931232204	2.722387699	1.708843493	1.884047894	1.638217553	2.316831388	2.494577083	2.757822228	2.671884526	3.509901592	2.396382377	4.276603115	1.329182019	1.869406376	1.406088118	1.535920696	1.201741447	1.304433543	1.665134131	0.96526166	1.844863229	2.251912324	2.008542406	2.214078103	1.116905381	1.30183079	1.170056985	1.695655701	2.014913083	1.519894062	1.613895993	2.258545469	2.097045849	1.776408235	1.650766656	2.358033708	1.346547993	1.72731052	1.81747661	2.176921625	1.305095786	1.975783499	1.520536164	3.284645043	1.794455213	2.614748083	1.713348429	1.803375678
fstl5	protein_coding	chrNC_030677.1:42834595-43101851:+	gi|512816111|ref|XP_002934788.2|	4595	0	PREDICTED: follistatin-related protein 5 isoform X1 [Xenopus tropicalis]	gi|847095139|ref|XM_002934742.3|	5021	0	PREDICTED: Xenopus (Silurana) tropicalis follistatin-like 5 (fstl5), transcript variant X1, mRNA	Q8N475	1363	0	Follistatin-related protein 5	.	.	.	.	pfam07679	I-set	Immunoglobulin I-set domain.	.	GO:0005576|extracellular region;	GO:0005509|calcium ion binding;	.	.	42.70854781	42.07541611	40.86669388	28.67886086	33.94937518	41.77245313	2.084880435	1.497530826	2.590634058	2.127705707	1.531939089	2.564177804	38.67202657	33.73392948	34.80765554	35.94272907	35.37125911	38.82884972	1.023781903	0.32548491	1.578319414	1.406425261	0.953980741	0.845759968	35.81593807	34.81824074	35.35199849	38.03457128	37.11395038	35.69153702	1.346769889	0.96513182	0.91572168	1.31233413	1.098428878	0.720354547	40.20425634	41.5619713	45.45460548	44.18904917	42.44691134	42.32518803	1.2680886	2.055737044	0.980818576	1.656077587	2.41819773	1.946302098
tf	protein_coding	chrNC_030681.1:126324097-126345250:+	gi|73853808|ref|NP_001027487.1|	3678	0	serotransferrin precursor [Xenopus tropicalis]	gi|73853807|ref|NM_001032316.1|	2302	0	Xenopus (Silurana) tropicalis transferrin (tf), mRNA	Q501K5	1421	0	Serotransferrin	.	.	.	.	pfam00405	Transferrin	Transferrin.	GO:0006811|ion transport;GO:0055072|iron ion homeostasis;	GO:0005615|extracellular space;	GO:0046872|metal ion binding;	K14736	TF; transferrin	611.3187192	843.8040766	581.6237289	478.4690726	258.3651263	471.4728248	4.809152959	2.830823331	5.469252087	6.473526393	3.625086507	11.68804821	372.5966287	438.3724527	144.9104635	429.3134522	101.0370914	322.2553531	6.380053289	5.139895942	2.000796189	8.887497194	2.050615951	201.6405267	36.0205032	125.9342758	50.80083705	257.3183941	423.4402523	164.3809247	4.492651452	37.77140467	20.45829865	1.431196713	11.86902	6.068079031	361.4534586	320.3678979	358.9841869	430.2395922	58.36273202	303.3162229	6.120261542	3.839125673	3.906564857	4.386180171	3.322025699	7.022086788
kitlg	protein_coding	chrNC_030679.1:45163481-45200603:-	gi|847110277|ref|XP_012814626.1|	1520	0	PREDICTED: kit ligand isoform X1 [Xenopus tropicalis]	gi|847110276|ref|XM_012959172.1|	4614	0	PREDICTED: Xenopus (Silurana) tropicalis KIT ligand (kitlg), transcript variant X1, mRNA	Q09108	166	3.00E-43	Kit ligand	.	.	.	.	pfam02404	SCF	Stem cell factor. Stem cell factor (SCF) is a homodimer involved in hematopoiesis. SCF binds to and activates the SCF receptor (SCFR), a receptor tyrosine kinase. The crystal structure of human SCF has been resolved and a potential receptor-binding site identified.	GO:0007155|cell adhesion;GO:0035234|ectopic germ cell programmed cell death;GO:0035162|embryonic hemopoiesis;GO:0097192|extrinsic apoptotic signaling pathway in absence of ligand;GO:0008584|male gonad development;GO:0033026|negative regulation of mast cell apoptotic process;GO:0001755|neural crest cell migration;GO:0045740|positive regulation of DNA replication;GO:1902035|positive regulation of hematopoietic stem cell proliferation;GO:0002687|positive regulation of leukocyte migration;GO:0043406|positive regulation of MAP kinase activity;GO:0070668|positive regulation of mast cell proliferation;GO:0045636|positive regulation of melanocyte differentiation;GO:0002763|positive regulation of myeloid leukocyte differentiation;GO:0050731|positive regulation of peptidyl-tyrosine phosphorylation;GO:0046579|positive regulation of Ras protein signal transduction;	GO:0005737|cytoplasm;GO:0005856|cytoskeleton;GO:0005615|extracellular space;GO:0030175|filopodium;GO:0016021|integral component of membrane;GO:0030027|lamellipodium;GO:0005886|plasma membrane;	.	K05461	KITLG; KIT ligand	2.818640886	3.421570232	2.925118913	3.387440381	2.26846492	3.132048765	6.048985205	5.875812666	8.267592599	6.393576923	5.168610309	6.058715357	2.926059649	2.713300621	2.086865444	1.53927797	1.89909978	2.132790908	4.379268879	1.698299786	3.680654202	3.700623513	2.179218503	2.268762972	2.057266529	2.406403104	1.750021347	2.584873598	2.867521863	2.574461899	2.497380599	5.365545479	3.384423271	5.357146642	4.721210792	4.536279908	3.061747935	3.130661933	3.239577718	2.945268031	2.581650959	2.931148686	5.015221398	6.017493174	2.472303783	3.552198198	6.041556261	4.676793554
col4a2	protein_coding	chrNC_030678.1:113644049-113761497:-	gi|512822856|ref|XP_002933063.2|	6619	0	PREDICTED: collagen alpha-2(IV) chain [Xenopus tropicalis]	gi|847104841|ref|XM_004911987.2|	5843	0	PREDICTED: Xenopus (Silurana) tropicalis collagen, type IV, alpha 2 (col4a2), transcript variant X1, mRNA	P08122	72.4	5.00E-11	Collagen alpha-2(IV) chain	.	.	.	.	pfam01413	C4	C-terminal tandem repeated domain in type 4 procollagen. Duplicated domain in C-terminus of type 4 collagens. Mutations in alpha-5 collagen IV are associated with X-linked Alport syndrome.	GO:0001525|angiogenesis;GO:0071560|cellular response to transforming growth factor beta stimulus;GO:0038063|collagen-activated tyrosine kinase receptor signaling pathway;GO:0035987|endodermal cell differentiation;GO:0030198|extracellular matrix organization;GO:0016525|negative regulation of angiogenesis;GO:0006351|transcription, DNA-templated;	GO:0005604|basement membrane;GO:0005587|collagen type IV trimer;GO:0070062|extracellular exosome;GO:0031012|extracellular matrix;GO:0005576|extracellular region;GO:0043231|intracellular membrane-bounded organelle;	GO:0005201|extracellular matrix structural constituent;	K06237	COL4A; collagen, type IV, alpha	2.798134586	5.001391137	3.036378282	2.081478778	2.186038828	3.11862009	30.02018551	35.37676881	26.22686141	25.6906917	24.71825561	30.92605297	3.937713543	6.127986144	4.818019074	4.095296759	4.413433532	4.827561189	49.16031319	42.06710707	50.71115053	56.59731862	56.77108332	55.77098901	3.247155073	3.421081712	4.288331536	2.977521123	4.564350994	3.206860479	39.32134512	36.07812449	52.0551802	50.18997174	37.70684719	40.8553299	2.655759594	3.588874943	2.927827209	3.733000024	2.436223849	1.407787455	40.35775837	41.89012205	44.60619619	37.44036889	35.72861571	37.19031143
a2m	protein_coding	chrNW_016683499.1:32552-61070:+	gi|847172643|ref|XP_012809557.1|	7666	0	PREDICTED: alpha-2-macroglobulin [Xenopus tropicalis]	gi|847172642|ref|XM_012954103.1|	4773	0	PREDICTED: Xenopus (Silurana) tropicalis alpha-2-macroglobulin (a2m), mRNA	P01023	1418	0	Alpha-2-macroglobulin	TM0984	86.7	5.00E-16	COG2373	pfam07678	A2M_comp	A-macroglobulin complement component. This family includes the complement components region of the alpha-2-macroglobulin family.	GO:0007597|blood coagulation, intrinsic pathway;GO:0022617|extracellular matrix disassembly;GO:0001869|negative regulation of complement activation, lectin pathway;GO:0002576|platelet degranulation;GO:0051056|regulation of small GTPase mediated signal transduction;GO:0048863|stem cell differentiation;	GO:0072562|blood microparticle;GO:0005829|cytosol;GO:0070062|extracellular exosome;GO:0005576|extracellular region;GO:0031093|platelet alpha granule lumen;	GO:0048306|calcium-dependent protein binding;GO:0019899|enzyme binding;GO:0019838|growth factor binding;GO:0005096|GTPase activator activity;GO:0019966|interleukin-1 binding;GO:0019959|interleukin-8 binding;GO:0002020|protease binding;GO:0005102|receptor binding;GO:0004867|serine-type endopeptidase inhibitor activity;GO:0043120|tumor necrosis factor binding;	K03910	A2M; alpha-2-macroglobulin	6.939011478	6.484480644	7.788421093	5.938364893	9.7274099	6.046445372	1.829536963	1.244747922	5.44819837	1.710054681	3.951171002	2.567116837	7.911823093	5.885987468	5.29035272	7.755693222	7.485317291	4.686576075	3.998523031	1.34163312	3.333448458	1.644737853	2.849465698	4.288875795	5.738447157	6.5152693	4.273747093	6.965470677	6.975794318	5.344164694	1.06905684	1.246820377	2.627336318	1.130379156	1.659508755	1.371274666	10.45392546	6.251248726	10.34134268	7.101968896	9.08112006	8.054757804	3.900958084	1.55412398	4.783066461	2.254485801	4.340987739	4.939471543
col5a3	protein_coding	chrNC_030680.1:99399687-99522306:-	gi|512835852|ref|XP_004913770.1|	2096	0	PREDICTED: collagen alpha-1(XI) chain isoform X1 [Xenopus tropicalis]	gi|512835851|ref|XM_004913713.1|	7688	0	PREDICTED: Xenopus (Silurana) tropicalis collagen, type V, alpha 3 (col5a3), transcript variant X1, mRNA	P12107	525	3.00E-152	Collagen alpha-1(XI) chain	.	.	.	.	pfam01410	COLFI	Fibrillar collagen C-terminal domain. Found at C-termini of fibrillar collagens: Ephydatia muelleri procollagen EMF1 alpha, vertebrate collagens alpha(1)III, alpha(1)II, alpha(2)V etc.	GO:0001502|cartilage condensation;GO:0002063|chondrocyte development;GO:0030199|collagen fibril organization;GO:0050910|detection of mechanical stimulus involved in sensory perception of sound;GO:0048704|embryonic skeletal system morphogenesis;GO:0035987|endodermal cell differentiation;GO:0042472|inner ear morphogenesis;GO:0001503|ossification;GO:0006029|proteoglycan metabolic process;GO:0035989|tendon development;GO:0055010|ventricular cardiac muscle tissue morphogenesis;GO:0007601|visual perception;	GO:0005592|collagen type XI trimer;GO:0031012|extracellular matrix;	GO:0005201|extracellular matrix structural constituent;GO:0046872|metal ion binding;	.	.	3.482758211	2.657751776	3.822534256	1.916734855	3.446133492	2.291852769	0.097882351	0.660819515	0.831745253	0.94631064	0.905409204	0.290581327	3.019721301	2.467537443	2.332845568	1.832102809	1.931366181	2.173510488	0.694136289	0.050977689	0.123246647	0.060043909	0.442104195	0.044510603	1.759530583	1.74300772	3.883790881	1.599301664	2.658922889	2.222246124	0.19817967	0.188949579	0.102443579	0.428205723	0.593230164	0.121575932	2.68578397	2.896774819	3.720566093	3.169014073	2.376456571	4.351048865	0.044017948	0.227975154	0.037105443	0.472821021	0.165655124	0.563441279
col5a3	protein_coding	chrNC_030679.1:126399455-126520015:+	gi|847169802|ref|XP_012808459.1|	5648	0	PREDICTED: collagen alpha-3(V) chain isoform X1 [Xenopus tropicalis]	gi|847169801|ref|XM_012953005.1|	6900	0	PREDICTED: Xenopus (Silurana) tropicalis collagen, type V, alpha 3 (col5a3), transcript variant X1, mRNA	Q61245	298	8.00E-80	Collagen alpha-1(XI) chain	.	.	.	.	pfam01410	COLFI	Fibrillar collagen C-terminal domain. Found at C-termini of fibrillar collagens: Ephydatia muelleri procollagen EMF1 alpha, vertebrate collagens alpha(1)III, alpha(1)II, alpha(2)V etc.	GO:0001502|cartilage condensation;GO:0051216|cartilage development;GO:0002063|chondrocyte development;GO:0030199|collagen fibril organization;GO:0050910|detection of mechanical stimulus involved in sensory perception of sound;GO:0048704|embryonic skeletal system morphogenesis;GO:0035987|endodermal cell differentiation;GO:0003007|heart morphogenesis;GO:0042472|inner ear morphogenesis;GO:0001503|ossification;GO:0006029|proteoglycan metabolic process;GO:0007605|sensory perception of sound;GO:0048705|skeletal system morphogenesis;GO:0035989|tendon development;GO:0055010|ventricular cardiac muscle tissue morphogenesis;GO:0007601|visual perception;	GO:0005581|collagen trimer;GO:0005592|collagen type XI trimer;GO:0005578|proteinaceous extracellular matrix;	GO:0005201|extracellular matrix structural constituent;GO:0046872|metal ion binding;	.	.	19.53191835	17.10116501	11.30640859	5.324948135	11.05567249	7.735124239	29.76962638	10.08095959	9.88751299	17.67481691	12.8188428	16.60594583	15.45843803	15.89920964	15.52824651	11.94608802	16.02508121	10.33337846	10.70365811	6.270736233	10.21857033	10.65552471	10.68921828	18.2090299	5.992069504	10.55851707	24.40785077	9.349505606	10.90514221	8.584286922	12.04995642	7.080577979	18.55861084	19.15103104	10.93803784	19.40652162	10.79624009	12.23853507	17.51499563	9.800389304	10.39896854	14.00531327	12.58161369	25.82710034	18.93006963	19.24738331	22.99009591	18.46296585
nppc	protein_coding	chrNC_030681.1:108233022-108239347:-	gi|163915239|ref|NP_001106395.1|	516	8.00E-59	C-type natriuretic peptide precursor [Xenopus tropicalis]	gi|163915238|ref|NM_001112924.1|	1967	0	Xenopus (Silurana) tropicalis natriuretic peptide C (nppc), mRNA	P40756	161	4.00E-45	C-type natriuretic peptide 2	.	.	.	.	pfam00212	ANP	Atrial natriuretic peptide.	GO:0050880|regulation of blood vessel size;	GO:0005576|extracellular region;	.	.	.	38.13725452	55.25898227	52.52279309	43.88713671	49.63124575	48.16934382	10.29922379	26.94040084	22.70311002	22.34756893	14.27685205	38.01799954	55.88501207	39.86917243	52.65474346	43.50096647	49.55429309	50.51599605	3.224231302	16.94910957	5.681707111	14.02474663	1.94106048	6.755274899	45.66257445	34.39633587	47.79797671	46.2986187	45.43544924	36.5342458	12.20078174	22.4892677	30.82144664	7.555066519	11.53776204	16.01015541	47.7346044	52.27029841	51.76288949	47.67844178	47.10263557	62.80362697	8.781077021	8.814447916	6.168426219	20.0798355	10.606192	15.12862627
pm20d1	protein_coding	chrNC_030678.1:65198752-65225406:+	gi|187608159|ref|NP_001120523.1|	2611	0	probable carboxypeptidase PM20D1 precursor [Xenopus tropicalis]	gi|187608158|ref|NM_001127051.1|	3624	0	Xenopus (Silurana) tropicalis peptidase M20 domain containing 1 (pm20d1), mRNA	Q08BT9	1010	0	N-fatty-acyl-amino acid synthase/hydrolase PM20D1	RSp0487	348	9.00E-106	COG0624	pfam01546	Peptidase_M20	Peptidase family M20/M25/M40. This family includes a range of zinc metallopeptidases belonging to several families in the peptidase classification. Family M20 are Glutamate carboxypeptidases. Peptidase family M25 contains X-His dipeptidases.	GO:1990845|adaptive thermogenesis;GO:0043604|amide biosynthetic process;GO:0043605|cellular amide catabolic process;GO:0006520|cellular amino acid metabolic process;GO:0044255|cellular lipid metabolic process;GO:0097009|energy homeostasis;GO:0043171|peptide catabolic process;GO:2000275|regulation of oxidative phosphorylation uncoupler activity;	GO:0005615|extracellular space;	GO:0016811|hydrolase activity, acting on carbon-nitrogen (but not peptide) bonds, in linear amides;GO:0070573|metallodipeptidase activity;GO:0008270|zinc ion binding;	K13049	PM20D1; carboxypeptidase PM20D1 [EC:3.4.17.-]	7.357764922	6.837398208	7.195669349	6.011195736	7.503214944	7.224077015	6.01254211	10.79035568	13.19161175	7.731648793	11.3493681	3.739175287	7.64596433	6.356474186	6.35792587	7.176467303	7.1705247	6.810154833	8.640412768	5.147695505	6.385711484	8.038306484	5.504370549	4.88968502	5.710517599	6.501739271	8.160257219	7.436064553	6.914300197	6.462834053	14.43325094	10.41242364	10.98899523	7.334524296	18.0161154	7.935226831	7.108673734	6.976681253	7.551827553	7.861418135	7.679979941	8.222458755	16.27850386	6.617634685	5.173034626	10.6407578	11.4422577	4.965173717
lum	protein_coding	chrNC_030679.1:46030704-46040500:-	gi|58332414|ref|NP_001011006.1|	1735	0	lumican precursor [Xenopus tropicalis]	gi|58332413|ref|NM_001011006.1|	2090	0	Xenopus (Silurana) tropicalis lumican (lum), mRNA	Q9DE67	476	2.00E-161	Lumican	alr0124_1	80.9	3.00E-15	COG4886	pfam13855	LRR_8	Leucine rich repeat.	GO:0030199|collagen fibril organization;GO:0007601|visual perception;	GO:0005578|proteinaceous extracellular matrix;	.	K08122	LUM; lumican	3.686164393	3.975830113	5.966342208	7.246535233	4.120982042	4.894803618	63.79638675	109.5199254	101.4308317	143.9595602	76.51718046	150.5418664	3.782228177	4.742914124	2.890324284	6.144142537	6.067690901	4.241943266	107.4579936	42.94519124	56.82697538	69.5915015	64.04626135	70.16187872	4.198075134	3.954120109	2.722454942	3.696287079	3.32077895	3.961714588	83.93828528	79.91099119	80.40176357	88.61911384	59.66778397	63.49254724	5.306797302	6.338527933	3.916605651	6.87665643	4.557915252	4.087184536	45.82537114	131.6062468	23.59753719	85.23881837	106.5677698	79.58498211
sparc	protein_coding	chrNC_030679.1:11519289-11535993:-	gi|45361541|ref|NP_989347.1|	1434	0	SPARC precursor [Xenopus tropicalis]	gi|51491873|ref|NM_204016.2|	1679	0	Xenopus (Silurana) tropicalis secreted protein, acidic, cysteine-rich (osteonectin) (sparc), mRNA	P36378	516	5.00E-180	SPARC	.	.	.	.	pfam10591	SPARC_Ca_bdg	Secreted protein acidic and rich in cysteine Ca binding region. The SPARC_Ca_bdg domain of Secreted Protein Acidic and Rich in Cysteine is responsible for the anti-spreading activity of human urothelial cells. It is rich in alpha-helices. This extracellular calcium-binding domain contains two EF-hands that each coordinates one Ca2+ ion, forming a helix-loop-helix structure that not only drives the conformation of the protein but is also necessary for biological activity. The anti-spreading activity was dependent on the coordination of Ca2+ by a Glu residue at the Z position of EF-hand 2.	GO:0007165|signal transduction;	GO:0005604|basement membrane;GO:0005615|extracellular space;	GO:0005509|calcium ion binding;	.	.	321.4916048	395.3027247	367.2415604	490.8716412	318.4630525	402.8628598	1065.114611	2053.886323	1358.704042	1696.365883	1182.429829	1887.454141	398.6908263	368.8228899	415.810762	389.5481056	360.56874	412.7098762	1021.298577	568.0488264	769.0238515	790.8614056	733.0173964	783.4463693	394.6233224	370.6545773	262.0681614	390.0218784	368.5807144	399.5652309	933.7425893	795.9722474	682.2624387	869.3594803	635.3293365	862.6081477	302.9971625	393.6898772	322.6996911	388.6487317	361.1376833	321.385138	768.6025883	1832.312509	756.1895162	1967.58233	1470.721276	1072.258927
ache	protein_coding	chrNC_030679.1:131300805-131311379:-	gi|301621499|ref|XP_002940088.1|	3065	0	PREDICTED: acetylcholinesterase isoform X1 [Xenopus tropicalis]	gi|847170855|ref|XM_004919097.2|	3856	0	PREDICTED: Xenopus (Silurana) tropicalis acetylcholinesterase (Yt blood group) (ache), transcript variant X3, mRNA	P04058	736	0	Acetylcholinesterase	BS_pnbA	209	5.00E-58	COG2272	pfam00135	COesterase	Carboxylesterase family.	GO:0006581|acetylcholine catabolic process;GO:0071405|cellular response to methanol;GO:0030239|myofibril assembly;GO:0007528|neuromuscular junction development;GO:0048666|neuron development;GO:0050803|regulation of synapse structure or activity;GO:0001975|response to amphetamine;GO:0045471|response to ethanol;GO:0009749|response to glucose;	GO:0030054|cell junction;GO:0005615|extracellular space;GO:0031594|neuromuscular junction;GO:0005886|plasma membrane;	GO:0003990|acetylcholinesterase activity;	K01049	ACHE; acetylcholinesterase [EC:3.1.1.7]	36.43676255	24.76271081	28.98288717	16.20197294	33.86460903	32.63888147	1.513782533	1.157783886	2.674769984	2.259772936	3.297678223	1.094849264	31.4414618	31.40795271	41.0890824	30.7168533	35.18399433	32.45815149	4.156912588	2.72793191	3.980802447	3.028039139	2.532889808	2.768448652	27.9710722	29.86772609	24.78302561	28.73445282	34.62574039	28.05932854	4.953687901	3.297269134	4.176069852	3.706305764	6.080321154	3.065562219	34.2281294	27.76784865	32.74990856	29.85217763	26.57447825	17.02715935	2.308637001	1.783490541	2.089554481	2.17358568	1.846686135	1.220060905
bdnf	protein_coding	chrNC_030680.1:11752362-11784361:+	gi|847116197|ref|XP_012815831.1|	1123	4.00E-150	PREDICTED: brain-derived neurotrophic factor isoform X1 [Xenopus tropicalis]	gi|847116199|ref|XM_012960378.1|	1243	0	PREDICTED: Xenopus (Silurana) tropicalis brain-derived neurotrophic factor (bdnf), transcript variant X2, mRNA	Q5IS78	388	8.00E-135	Brain-derived neurotrophic factor	.	.	.	.	pfam00243	NGF	Nerve growth factor family.	GO:0007267|cell-cell signaling;GO:0048668|collateral sprouting;GO:0043524|negative regulation of neuron apoptotic process;GO:0048812|neuron projection morphogenesis;GO:0048672|positive regulation of collateral sprouting;GO:0051965|positive regulation of synapse assembly;GO:0045664|regulation of neuron differentiation;GO:0007416|synapse assembly;GO:0007169|transmembrane receptor protein tyrosine kinase signaling pathway;	GO:0005737|cytoplasm;GO:0005576|extracellular region;GO:0048471|perinuclear region of cytoplasm;	GO:0008083|growth factor activity;GO:0005169|neurotrophin TRKB receptor binding;	K04355	BDNF; brain-derived neurotrophic factor	16.04554792	22.27955134	20.77285341	14.97511454	17.75590976	19.99841506	0.846867096	2.415775833	1.340900572	1.639660863	3.963377276	2.476923118	11.16596449	15.34885107	15.27112702	16.83439536	16.77305917	17.09542576	0.37534932	0.997620399	1.523308754	1.21921862	1.728514711	0.990259028	13.27853101	13.48882011	13.94323085	17.76104338	19.5919164	14.09470525	0.905238502	0.333626635	1.160670662	0.619341419	0.712855648	0.601063594	14.99000482	13.15998042	14.68403794	18.26455887	16.4277705	14.93239551	0.598460236	0.704434071	2.637049569	1.43118168	2.155232342	4.072195039
nog	protein_coding	chrNC_030686.1:18049260-18049928:+	gi|284813512|ref|NP_001165369.1|	1016	1.00E-137	noggin [Xenopus tropicalis]	gi|284813511|ref|NM_001171898.1|	669	0	Xenopus tropicalis noggin (nog), mRNA	P49011	389	2.00E-136	Noggin	.	.	.	.	pfam05806	Noggin	Noggin. This family consists of the eukaryotic Noggin proteins. Noggin is a glycoprotein that binds bone morphogenetic proteins (BMPs) selectively and, when added to osteoblasts, it opposes the effects of BMPs. It has been found that noggin arrests the differentiation of stromal cells, preventing cellular maturation.	GO:0051216|cartilage development;GO:0030154|cell differentiation;GO:0007517|muscle organ development;GO:0030514|negative regulation of BMP signaling pathway;GO:0045596|negative regulation of cell differentiation;	GO:0005576|extracellular region;	.	K04658	NOG; noggin	11.12048025	12.05289108	13.87200027	10.75311384	11.17367219	10.20909215	34.672182	26.86731685	23.0824308	17.39290481	13.01610316	22.2409369	12.31390204	9.27402771	10.63241863	11.9214963	11.35070453	7.5445476	10.87695483	4.397111387	8.302081504	7.30009823	8.40503718	4.197622662	14.49592113	10.92591383	12.97408251	11.10874287	9.997177074	11.52969532	6.936739249	10.03747398	8.738151431	12.7832271	9.475819798	6.338570489	11.39014284	10.90672112	8.168864601	9.03782962	10.47869403	11.47805992	22.27452897	17.94982575	20.59022082	24.41459032	19.95402051	24.93150931
chid1	protein_coding	chrNC_030680.1:34569078-34732415:+	gi|56118422|ref|NP_001008105.1|	2004	0	chitinase domain-containing protein 1 precursor [Xenopus tropicalis]	gi|56118421|ref|NM_001008104.1|	1840	0	Xenopus (Silurana) tropicalis chitinase domain containing 1 (chid1), mRNA	Q66IL0	776	0	Chitinase domain-containing protein 1	CAC1556	64.3	4.00E-10	COG3858	pfam00704	Glyco_hydro_18	Glycosyl hydrolases family 18.	GO:0005975|carbohydrate metabolic process;GO:0006032|chitin catabolic process;GO:0006954|inflammatory response;	GO:0005576|extracellular region;GO:0005764|lysosome;	GO:0008061|chitin binding;GO:0004568|chitinase activity;	K17525	CHID1; chitinase domain-containing protein 1	5.970949994	6.254848417	5.814599525	8.220181539	7.82204757	6.506966819	15.04738387	16.09658107	9.43579978	23.52616241	15.84911347	21.63320028	6.398116487	7.778193349	7.910882675	8.507809516	6.860392807	7.861934431	8.532802905	13.09328561	8.358802445	8.952557795	9.110868829	8.251350326	6.024093907	6.715349768	6.359629444	7.010408513	6.518439375	8.341666811	10.09690102	6.780365007	8.781376282	8.92533245	5.805354966	7.848486489	6.641051346	7.763718933	6.467684546	6.275976574	6.512138495	6.135457617	12.20686234	18.76544858	13.31677466	15.0521134	12.54905668	15.07672858
pdgfrl	protein_coding	chrNC_030677.1:33242606-33275149:+	gi|71896169|ref|NP_001025586.1|	1907	0	platelet-derived growth factor receptor-like protein precursor [Xenopus tropicalis]	gi|402766827|ref|NM_001030415.2|	1597	0	Xenopus (Silurana) tropicalis platelet-derived growth factor receptor-like (pdgfrl), mRNA	Q15198	540	0	Platelet-derived growth factor receptor-like protein	.	.	.	.	pfam07679	I-set	Immunoglobulin I-set domain.	.	GO:0005576|extracellular region;	GO:0004992|platelet activating factor receptor activity;GO:0005019|platelet-derived growth factor beta-receptor activity;	.	.	15.19779661	21.81145408	18.63750411	18.84634416	11.22076635	15.36723596	23.581657	103.6561957	74.73268393	49.33329623	59.59382157	91.64576835	13.43502029	17.41088574	10.42865131	18.74083477	13.66524528	15.01268393	69.22027941	19.61111678	57.6999094	41.66050146	40.30662818	36.81494241	13.17985688	11.47762733	10.35264933	15.38128375	17.13008941	12.41369868	35.88238956	51.57450741	45.69102065	70.97441528	60.8178843	54.0976018	11.94661889	12.76904375	10.36880548	16.22480752	10.38889594	15.70285437	48.09172053	58.7350694	54.10913998	111.6422341	79.53362989	84.72766132
crtac1	protein_coding	chrNC_030683.1:25702245-26008905:-	gi|847146545|ref|XP_012822192.1|	3665	0	PREDICTED: cartilage acidic protein 1 isoform X3 [Xenopus tropicalis]	gi|847146544|ref|XM_012966738.1|	2719	0	PREDICTED: Xenopus (Silurana) tropicalis cartilage acidic protein 1 (crtac1), transcript variant X3, mRNA	Q0V9M0	1231	0	Cartilage acidic protein 1	.	.	.	.	pfam07645	EGF_CA	Calcium-binding EGF domain.	.	GO:0005578|proteinaceous extracellular matrix;	GO:0005509|calcium ion binding;	.	.	42.3256224	37.2518646	37.72539174	30.99605856	44.71052815	34.46866637	0.668757122	2.789752997	0.996264926	0.662721707	0.540442324	0.883348405	38.29115711	38.28162434	40.23685759	37.24402414	37.55969421	39.90767886	2.046166045	0.84264323	0.601466029	2.571059703	0.397704848	0.156958845	36.85890994	38.58811219	41.33705231	36.06798076	37.0954447	36.16215783	2.449758702	4.005717673	1.561650776	3.393467133	3.159674246	3.286824409	39.23413669	35.49397706	39.5088639	38.04686741	38.09162649	39.28417878	0.737302512	0.869618995	0.12266798	0.638005296	0.941563657	1.073418704
spock3	protein_coding	chrNC_030677.1:41555269-41686899:+	gi|847152761|ref|XP_012823314.1|	2052	0	PREDICTED: testican-3 isoform X1 [Xenopus tropicalis]	gi|847152760|ref|XM_012967860.1|	5319	0	PREDICTED: Xenopus (Silurana) tropicalis sparc/osteonectin, cwcv and kazal-like domains proteoglycan (testican) 3 (spock3), transcript variant X1, mRNA	Q9BQ16	628	0	Testican-3	.	.	.	.	pfam10591	SPARC_Ca_bdg	Secreted protein acidic and rich in cysteine Ca binding region. The SPARC_Ca_bdg domain of Secreted Protein Acidic and Rich in Cysteine is responsible for the anti-spreading activity of human urothelial cells. It is rich in alpha-helices. This extracellular calcium-binding domain contains two EF-hands that each coordinates one Ca2+ ion, forming a helix-loop-helix structure that not only drives the conformation of the protein but is also necessary for biological activity. The anti-spreading activity was dependent on the coordination of Ca2+ by a Glu residue at the Z position of EF-hand 2.	GO:2000146|negative regulation of cell motility;GO:0010951|negative regulation of endopeptidase activity;GO:0019800|peptide cross-linking via chondroitin 4-sulfate glycosaminoglycan;GO:0007165|signal transduction;	GO:0031012|extracellular matrix;GO:0005615|extracellular space;GO:0005578|proteinaceous extracellular matrix;	GO:0005509|calcium ion binding;GO:0005539|glycosaminoglycan binding;GO:0008191|metalloendopeptidase inhibitor activity;	K08136	SPOCK; sparc/osteonectin, cwcv and kazal-like domains proteoglycan (testican)	111.4803115	86.54304821	109.5477145	82.44483542	95.54143902	95.73205422	1.812326974	5.506428584	5.453317081	0.857130481	1.732605084	5.522260276	80.25864986	93.88721227	79.53798572	90.41926175	96.68574139	80.39519632	1.267646986	0.221219591	2.763306137	5.968128813	3.471621618	2.717053074	88.95903996	89.53959869	75.10118183	70.06654193	100.7399424	73.49861041	1.084358055	1.145332271	2.568555904	1.370598147	2.073777551	0.644824052	88.32350363	84.56514449	95.34428331	104.6663626	83.16755463	84.99858804	5.501304987	1.331759064	1.543112762	6.350885523	0.908042053	3.467309124
clu	protein_coding	chrNW_016683964.1:36869-39048:+	gi|49522319|gb|AAH75303.1|	796	6.00E-101	MGC89163 protein [Xenopus tropicalis]	gi|56789335|gb|BC088762.1|	702	0	Xenopus tropicalis MGC89163 protein, mRNA (cDNA clone MGC:108473 IMAGE:6998203), complete cds	P14018	185	7.00E-54	Clusterin	.	.	.	.	pfam01093	Clusterin	Clusterin.	GO:0008219|cell death;	GO:0042583|chromaffin granule;GO:0005829|cytosol;GO:0005783|endoplasmic reticulum;GO:0005576|extracellular region;GO:0031966|mitochondrial membrane;GO:0005634|nucleus;	.	.	.	285.2553675	335.1243526	371.9068277	350.2980011	407.279086	310.3607642	30.78940948	38.55949887	50.93082282	56.41414364	44.86198348	40.85335374	377.7217095	429.7953024	452.558083	388.1263374	357.804365	388.513902	65.52228801	106.5295233	29.71754044	101.8156285	35.99523467	25.46531497	338.5940511	296.0191783	212.7395701	299.026283	371.4683437	266.0854949	45.61350719	85.49895394	36.11651776	49.62791938	52.91799912	124.8983606	325.9172305	279.693414	311.6723565	365.3024569	326.2471076	270.3918708	33.3849671	37.28730249	38.83792903	49.70655035	36.12086512	35.58693918
gal.2	protein_coding	chrNC_030683.1:104560079-104569835:+	gi|512855145|ref|XP_004916350.1|	622	3.00E-76	PREDICTED: galanin peptides [Xenopus tropicalis]	gi|512855144|ref|XM_004916293.1|	1353	0	PREDICTED: Xenopus (Silurana) tropicalis galanin prepropeptide, gene 2 (gal.2), mRNA	E7EZ53	111	7.00E-28	Galanin peptides	.	.	.	.	pfam06540	GMAP	Galanin message associated peptide (GMAP). This family consists of several galanin message associated peptides. In rat preprogalanin, galanin is C-terminally flanked by a 60 amino acid long peptide: galanin message-associated peptide (GMAP). GMAP sequences in different species show high degree of homology, but the biological function of this family is unknown.	GO:0007218|neuropeptide signaling pathway;GO:0045944|positive regulation of transcription from RNA polymerase II promoter;	GO:0005615|extracellular space;GO:0030141|secretory granule;	GO:0004966|galanin receptor activity;GO:0031763|galanin receptor binding;GO:0005184|neuropeptide hormone activity;GO:0031764|type 1 galanin receptor binding;GO:0031765|type 2 galanin receptor binding;GO:0031766|type 3 galanin receptor binding;	K05244	GAL; galanin	129.8788897	47.91545339	84.37707037	124.8597058	85.99007566	68.78985481	0.0	0.052927197	0.0	0.0	0.0	0.0	37.72135053	7.474537323	34.44249699	131.6475064	53.12457771	42.06871828	0.049341136	0.048315144	0.0	0.0	0.051307747	0.0	70.37723438	37.50420879	8.129086957	72.8020192	69.15594291	81.61839789	0.0	0.0	0.0	0.0	0.0	0.0	46.63049742	68.04861818	78.6672615	71.2096111	21.84676084	6.720873572	0.0	0.0	0.0	0.0	0.0	0.054306403
ltbp1	protein_coding	chrNC_030681.1:56674598-56879202:+	gi|847131761|ref|XP_012819247.1|	8511	0	PREDICTED: latent-transforming growth factor beta-binding protein 1 isoform X1 [Xenopus tropicalis]	gi|847131760|ref|XM_012963793.1|	5632	0	PREDICTED: Xenopus (Silurana) tropicalis latent transforming growth factor beta binding protein 1 (ltbp1), transcript variant X1, mRNA	Q14766	1904	0	Latent-transforming growth factor beta-binding protein 1	.	.	.	.	pfam00683	TB	TB domain. This domain is also known as the 8 cysteine domain. This family includes the hybrid domains. This cysteine rich repeat is found in TGF binding protein and fibrillin.	GO:0035904|aorta development;GO:0060976|coronary vasculature development;GO:0035583|sequestering of TGFbeta in extracellular matrix;GO:0003281|ventricular septum development;	GO:0031012|extracellular matrix;GO:0005576|extracellular region;GO:0001527|microfibril;GO:0043234|protein complex;GO:0005578|proteinaceous extracellular matrix;	GO:0005509|calcium ion binding;GO:0050436|microfibril binding;GO:0050431|transforming growth factor beta binding;GO:0005024|transforming growth factor beta-activated receptor activity;	K19559	LTBP1; latent transforming growth factor beta binding protein 1	6.590653824	9.739539405	6.734593723	6.743249728	6.1953853	8.384492419	14.03217258	75.67401559	37.37271544	38.62224579	13.69776103	26.30351977	6.435013294	10.2142737	5.815941997	7.131995938	5.952823741	7.224621582	34.42942419	30.57692681	15.81178825	44.92070098	23.73482648	18.07520283	6.077533896	6.265620433	4.702045128	6.729548192	7.846512993	7.128667677	44.59059044	75.29401017	26.42056346	39.96835338	62.04541104	44.9897525	6.363935408	6.603728991	6.261980319	6.09906588	6.447353897	5.118866369	15.05326288	41.5187415	13.75975481	24.74396139	35.86808504	25.1536631
npb	protein_coding	chrNC_030686.1:19945214-19947060:+	gi|301615810|ref|XP_002937351.1|	644	2.00E-81	PREDICTED: neuropeptide B [Xenopus tropicalis]	gi|847150976|ref|XM_002937305.3|	875	0	PREDICTED: Xenopus (Silurana) tropicalis neuropeptide B (npb), mRNA	Q8MJV4	110	5.00E-28	Neuropeptide B	.	.	.	.	pfam15180	NPBW	Neuropeptides B and W. The function of this family, NPBW, which includes Neuropeptides B and W, is thought to be involved in activating G-protein coupled receptors, GPR7 and GPR8. It is thought to play a regulatory role in the organisation of neuroendocrine signals accessing the anterior pituitary gland. It is predicted that this effect will stimulate the increase in water-drinking and food-intake. This suggests it plays a role in the hypothalamic response to stress. This family of proteins is found in eukaryotes.	GO:0007218|neuropeptide signaling pathway;	GO:0005576|extracellular region;	.	K05267	NPB; preproneuropeptide B	29.52222733	6.413846123	16.76705175	40.76505456	37.01997219	17.66899511	0.774624148	0.736565121	2.146398701	0.622134179	1.07810523	1.938369263	14.19584009	12.90499504	11.85198118	18.15901327	11.14728649	20.43245286	1.831091865	0.448254098	0.696680596	1.131374297	1.98341089	0.861053803	19.78605675	22.23035187	2.498833759	21.02471374	17.90990072	20.86281898	1.136492708	1.424109121	1.501335039	1.201683222	1.738785859	1.282841442	20.36921584	22.13616787	14.42454777	17.50049401	22.79620596	4.002994972	0.774112202	0.308402785	0.73411529	1.187880795	0.68998224	0.923705359
olfm3	protein_coding	chrNC_030680.1:99134137-99161041:-	gi|512834087|ref|XP_002934209.2|	2517	0	PREDICTED: noelin-3 isoform X2 [Xenopus tropicalis]	gi|847124175|ref|XM_002934163.3|	2566	0	PREDICTED: Xenopus (Silurana) tropicalis olfactomedin 3 (olfm3), transcript variant X2, mRNA	Q96PB7	841	0	Noelin-3	.	.	.	.	pfam02191	OLF	Olfactomedin-like domain.	GO:0042462|eye photoreceptor cell development;	GO:0032281|AMPA glutamate receptor complex;GO:0030054|cell junction;GO:0005615|extracellular space;GO:0005794|Golgi apparatus;GO:0045202|synapse;	.	.	.	14.9828809	10.82308263	11.6871715	8.541674536	10.64531772	10.83277271	2.321294618	11.57762048	7.099530451	4.115601213	9.685150272	8.09276469	13.10019339	11.20350549	10.57376267	11.52372881	12.43002359	11.12243043	3.940676706	2.395076781	2.658892939	4.433052822	4.925364641	7.30936325	10.39024613	9.116616798	9.864367938	11.99189161	13.65161956	10.65382068	1.773532286	1.65067089	2.349246635	2.874046089	4.036963752	1.650128427	12.90024155	11.80448073	13.28047063	13.43462627	11.49520428	8.304690174	7.051196487	4.531543534	2.428194656	8.786483779	3.940239763	3.24758288
prss12	protein_coding	chrNC_030677.1:60989750-61061549:-	gi|512815621|ref|XP_002934300.2|	4469	0	PREDICTED: neurotrypsin isoform X1 [Xenopus tropicalis]	gi|847094617|ref|XM_002934254.3|	3813	0	PREDICTED: Xenopus (Silurana) tropicalis protease, serine, 12 (neurotrypsin, motopsin) (prss12), transcript variant X1, mRNA	Q5G267	1196	0	Neurotrypsin	VC1649	102	1.00E-21	COG5640	pfam00089	Trypsin	Trypsin.	GO:0006887|exocytosis;	GO:0030424|axon;GO:0005576|extracellular region;GO:0005886|plasma membrane;	GO:0005044|scavenger receptor activity;GO:0004252|serine-type endopeptidase activity;	.	.	2.637618352	2.250050018	2.917071654	2.279713716	2.010715486	2.230870283	1.125808764	0.544637933	1.003345645	0.874442792	0.85638995	0.808751451	2.633113839	1.936308996	1.917786635	2.561872178	2.231862804	2.089227428	0.962947985	1.200085825	0.781601041	0.605793126	0.637209111	0.431111982	2.01419201	1.948663383	1.841919042	2.540162618	1.925992306	1.938624682	0.956267358	0.308646198	0.310071163	0.551519968	0.581894363	0.376157357	1.676647132	2.278936014	2.576431922	2.430271241	2.028049334	1.572218692	0.639510473	0.955417753	0.992062143	0.642539769	0.985200622	1.002040718
chga	protein_coding	chrNC_030684.1:66553174-66569449:+	gi|847153951|ref|XP_012823716.1|	1988	0	PREDICTED: chromogranin-A isoform X1 [Xenopus tropicalis]	gi|847153956|ref|XM_012968264.1|	4195	0	PREDICTED: Xenopus (Silurana) tropicalis chromogranin A (chga), transcript variant X3, mRNA	P04404	145	2.00E-36	Chromogranin-A (Fragment)	.	.	.	.	pfam01271	Granin	Granin (chromogranin or secretogranin).	GO:0050829|defense response to Gram-negative bacterium;GO:0050830|defense response to Gram-positive bacterium;GO:0045576|mast cell activation;GO:0002551|mast cell chemotaxis;GO:0032762|mast cell cytokine production;GO:0043303|mast cell degranulation;GO:0033604|negative regulation of catecholamine secretion;GO:2000707|positive regulation of dense core granule biogenesis;	GO:0005576|extracellular region;GO:0042629|mast cell granule;GO:0030141|secretory granule;GO:0030658|transport vesicle membrane;	.	.	.	95.20125452	97.39035403	97.66172666	227.3562655	208.2339834	103.3954348	0.49604777	0.522212523	1.194500789	0.640281589	0.648661834	1.233217544	114.2602283	150.4888034	95.12641266	197.5476062	199.789995	213.188525	0.942252048	0.415196544	3.107010811	1.754326568	0.440913501	3.544681615	104.0054689	96.27570619	81.15736733	103.3465099	98.57823616	108.9445685	2.230120757	1.091094869	0.772564196	1.253225661	2.177231764	1.144226567	166.4158003	242.0495794	99.75433563	202.604161	109.3324166	89.68402275	0.41428023	0.841106748	1.024161729	1.554360602	1.341316529	0.432113401
ptn	protein_coding	chrNC_030679.1:1055144-1089135:-	gi|134026006|gb|AAI35416.1|	672	5.00E-85	ptn protein, partial [Xenopus tropicalis]	gi|847110852|ref|XM_004912472.2|	945	0	PREDICTED: Xenopus (Silurana) tropicalis pleiotrophin (ptn), transcript variant X1, mRNA	P48532	224	4.00E-71	Pleiotrophin-A	.	.	.	.	pfam01091	PTN_MK_C	PTN/MK heparin-binding protein family, C-terminal domain.	GO:0042742|defense response to bacterium;GO:0007275|multicellular organism development;GO:0051781|positive regulation of cell division;GO:0008284|positive regulation of cell proliferation;GO:0009617|response to bacterium;	GO:0005615|extracellular space;	GO:0035374|chondroitin sulfate binding;GO:0008083|growth factor activity;GO:0008201|heparin binding;	K16642	PTN; pleiotrophin	280.0602405	282.7389383	264.2868623	226.4090877	204.1115057	292.052221	7.013058128	2.27334914	7.36076372	2.664232017	9.137786498	4.079059897	217.0511532	277.9143468	171.3641153	194.1776603	171.4487575	251.4159528	12.36269585	2.83617562	7.59754559	1.536434231	3.305684817	7.827761842	219.7073275	263.8799532	176.2645362	265.9030665	247.0139725	332.4773708	9.330464824	1.831416051	2.015681302	5.785882179	4.024967266	2.969540376	253.111834	261.7509195	296.2429794	260.5879473	292.7532085	231.9399152	6.737643237	5.782552213	31.11682093	6.520774204	21.29574814	4.354166677
sfrp1	protein_coding	chrNC_030679.1:107234062-107245908:+	gi|183986759|ref|NP_001116878.1|	1602	0	secreted frizzled-related protein 1 precursor [Xenopus tropicalis]	gi|183986758|ref|NM_001123406.1|	1554	0	Xenopus (Silurana) tropicalis secreted frizzled-related protein 1 (sfrp1), mRNA	Q8C4U3	401	2.00E-135	Secreted frizzled-related protein 1	.	.	.	.	pfam01392	Fz	Fz domain. Also known as the CRD (cysteine rich domain), the C6 box in MuSK receptor. This domain of unknown function has been independently identified by several groups. The domain contains 10 conserved cysteines.	GO:0030036|actin cytoskeleton organization;GO:0009952|anterior/posterior pattern specification;GO:0060346|bone trabecula formation;GO:0060070|canonical Wnt signaling pathway;GO:0071773|cellular response to BMP stimulus;GO:0071392|cellular response to estradiol stimulus;GO:0071391|cellular response to estrogen stimulus;GO:0044344|cellular response to fibroblast growth factor stimulus;GO:0071363|cellular response to growth factor stimulus;GO:0071504|cellular response to heparin;GO:0071456|cellular response to hypoxia;GO:0071347|cellular response to interleukin-1;GO:0071380|cellular response to prostaglandin E stimulus;GO:0009267|cellular response to starvation;GO:0071560|cellular response to transforming growth factor beta stimulus;GO:0071356|cellular response to tumor necrosis factor;GO:0071305|cellular response to vitamin D;GO:0071481|cellular response to X-ray;GO:0090246|convergent extension involved in somitogenesis;GO:0046546|development of primary male sexual characteristics;GO:0048546|digestive tract morphogenesis;GO:0071542|dopaminergic neuron differentiation;GO:0009950|dorsal/ventral axis specification;GO:0008585|female gonad development;GO:0002244|hematopoietic progenitor cell differentiation;GO:0060218|hematopoietic stem cell differentiation;GO:0030097|hemopoiesis;GO:0008584|male gonad development;GO:0060766|negative regulation of androgen receptor signaling pathway;GO:0043066|negative regulation of apoptotic process;GO:0045578|negative regulation of B cell differentiation;GO:0030514|negative regulation of BMP signaling pathway;GO:0046851|negative regulation of bone remodeling;GO:0090090|negative regulation of canonical Wnt signaling pathway;GO:2000080|negative regulation of canonical Wnt signaling pathway involved in controlling type B pancreatic cell proliferation;GO:0030308|negative regulation of cell growth;GO:0030336|negative regulation of cell migration;GO:0008285|negative regulation of cell proliferation;GO:0050680|negative regulation of epithelial cell proliferation;GO:0010719|negative regulation of epithelial to mesenchymal transition;GO:2000270|negative regulation of fibroblast apoptotic process;GO:0048147|negative regulation of fibroblast proliferation;GO:0010629|negative regulation of gene expression;GO:0046676|negative regulation of insulin secretion;GO:0043508|negative regulation of JUN kinase activity;GO:0030279|negative regulation of ossification;GO:0045668|negative regulation of osteoblast differentiation;GO:0033689|negative regulation of osteoblast proliferation;GO:0045671|negative regulation of osteoclast differentiation;GO:0050732|negative regulation of peptidyl-tyrosine phosphorylation;GO:2000041|negative regulation of planar cell polarity pathway involved in axis elongation;GO:0045892|negative regulation of transcription, DNA-templated;GO:0030178|negative regulation of Wnt signaling pathway;GO:2000054|negative regulation of Wnt signaling pathway involved in dorsal/ventral axis specification;GO:0014034|neural crest cell fate commitment;GO:0001843|neural tube closure;GO:0021915|neural tube development;GO:0001649|osteoblast differentiation;GO:0090179|planar cell polarity pathway involved in neural tube closure;GO:0043065|positive regulation of apoptotic process;GO:0090263|positive regulation of canonical Wnt signaling pathway;GO:0030307|positive regulation of cell growth;GO:0008284|positive regulation of cell proliferation;GO:0050679|positive regulation of epithelial cell proliferation;GO:2001238|positive regulation of extrinsic apoptotic signaling pathway;GO:1902043|positive regulation of extrinsic apoptotic signaling pathway via death domain receptors;GO:0045600|positive regulation of fat cell differentiation;GO:2000271|positive regulation of fibroblast apoptotic process;GO:2000052|positive regulation of non-canonical Wnt signaling pathway;GO:0045880|positive regulation of smoothened signaling pathway;GO:0045893|positive regulation of transcription, DNA-templated;GO:0030177|positive regulation of Wnt signaling pathway;GO:0060527|prostate epithelial cord arborization involved in prostate glandular acinus morphogenesis;GO:0060687|regulation of branching involved in prostate gland morphogenesis;GO:0010564|regulation of cell cycle process;GO:0090175|regulation of establishment of planar polarity;GO:1904956|regulation of midbrain dopaminergic neuron differentiation;GO:0010975|regulation of neuron projection development;GO:0042493|response to drug;GO:0014070|response to organic cyclic compound;GO:0035019|somatic stem cell population maintenance;GO:0001756|somitogenesis;GO:0044345|stromal-epithelial cell signaling involved in prostate gland development;GO:0034446|substrate adhesion-dependent cell spreading;GO:0001657|ureteric bud development;GO:0090244|Wnt signaling pathway involved in somitogenesis;GO:0060071|Wnt signaling pathway, planar cell polarity pathway;	GO:0009986|cell surface;GO:0005829|cytosol;GO:0070062|extracellular exosome;GO:0031012|extracellular matrix;GO:0005615|extracellular space;GO:0016021|integral component of membrane;GO:0005622|intracellular;GO:0005886|plasma membrane;GO:0005578|proteinaceous extracellular matrix;	GO:0004197|cysteine-type endopeptidase activity;GO:0008144|drug binding;GO:0005109|frizzled binding;GO:0004930|G-protein coupled receptor activity;GO:0008201|heparin binding;GO:0042802|identical protein binding;GO:0042813|Wnt-activated receptor activity;GO:0017147|Wnt-protein binding;	K02166	SFRP1; secreted frizzled-related protein 1	4.65440521	18.47210265	6.323212478	14.31205546	7.852691473	18.01963891	5.476259303	9.815338515	5.102799714	7.88176747	5.977021375	4.266476162	7.496169586	16.56882036	6.288408239	10.94079435	4.254625186	8.64813554	4.209999128	2.776348579	3.922751102	2.505671304	4.64582731	2.953040785	4.104504424	5.481086002	2.21709247	17.99255639	17.17302196	13.15342365	3.540874428	7.394961027	3.127781331	2.886926659	6.119038074	1.685414808	11.88470209	6.317399506	11.30371708	12.22219669	6.464356941	6.458401017	1.656321152	5.469981823	3.857963235	4.681962592	3.79870102	5.532019197
lipg	protein_coding	chrNC_030677.1:191708348-191716434:+	gi|512809666|ref|XP_002934486.2|	2714	0	PREDICTED: endothelial lipase isoform X1 [Xenopus tropicalis]	gi|847089267|ref|XM_002934440.3|	1923	0	PREDICTED: Xenopus (Silurana) tropicalis lipase, endothelial (lipg), transcript variant X1, mRNA	Q9Y5X9	666	0	Endothelial lipase	.	.	.	.	pfam00151	Lipase	Lipase.	GO:0008283|cell proliferation;GO:0042632|cholesterol homeostasis;GO:0034375|high-density lipoprotein particle remodeling;GO:0044241|lipid digestion;GO:0006629|lipid metabolic process;GO:0009395|phospholipid catabolic process;GO:0055091|phospholipid homeostasis;GO:0032376|positive regulation of cholesterol transport;GO:0010983|positive regulation of high-density lipoprotein particle clearance;GO:0050746|regulation of lipoprotein metabolic process;GO:0007584|response to nutrient;GO:0043691|reverse cholesterol transport;	GO:0009986|cell surface;GO:0005769|early endosome;GO:0005576|extracellular region;GO:0005615|extracellular space;GO:0005794|Golgi apparatus;	GO:0008201|heparin binding;GO:0004465|lipoprotein lipase activity;GO:0008970|phosphatidylcholine 1-acylhydrolase activity;GO:0004620|phospholipase activity;	K01046	E3.1.1.3; triacylglycerol lipase [EC:3.1.1.3]	5.405187673	13.56213396	4.393881487	4.434653065	4.994134911	11.52911117	0.496206943	4.954185389	0.999952807	2.649287319	1.977656345	1.039005823	4.529635814	10.85152899	5.853361128	8.776656439	5.70515591	5.172293363	0.539826611	0.039155669	0.486848774	0.336012632	0.561342705	1.066676142	2.63149783	4.631504225	4.980681608	8.757013512	12.25382013	9.56759256	0.21840356	0.580524333	0.177044226	1.490557455	0.341742504	0.597643346	5.511904979	3.794412911	7.482097008	7.5384975	5.15136213	7.000076878	0.669436652	0.787978813	0.320630368	1.000573446	0.582619525	0.462116746
