GeneName	Biotype	Position	NR:Seq-id	NR:Score	NR:Evalue	NR:Description	NT:Seq-id	NT:Score	NT:Evalue	NT:Description	Uniprot:UniProtKB-AC	Uniprot:Score	Uniprot:Evalue	Uniprot:Description	COG:gene	COG:Score	COG:Eval	COG:num	Pfam:pfam_ID	Pfam:pfam_Name	Pfam:pfam_Description	GO:biological_process	GO:cellular_component	GO:molecular_function	KEGG:KO	KEGG:Description	Lhea1	Lhea2	Lhea3	Lhea4	Lhea5	Lhea6	Lliv1	Lliv2	Lliv3	Lliv4	Lliv5	Lliv6	LMhea1	LMhea2	LMhea3	LMhea4	LMhea5	LMhea6	LMliv1	LMliv2	LMliv3	LMliv4	LMliv5	LMliv6	Mhea1	Mhea2	Mhea3	Mhea4	Mhea5	Mhea6	Mliv1	Mliv2	Mliv3	Mliv4	Mliv5	Mliv6	MLhea1	MLhea2	MLhea3	MLhea4	MLhea5	MLhea6	MLliv1	MLliv2	MLliv3	MLliv4	MLliv5	MLliv6
cfb	protein_coding	chrNC_030684.1:53744892-53777706:-	gi|512861354|ref|XP_002943021.2|	3444	0	PREDICTED: complement factor B-like [Xenopus tropicalis]	gi|847158885|ref|XM_002942975.3|	3130	0	PREDICTED: Xenopus (Silurana) tropicalis complement factor B-like (LOC100491419), mRNA	P04186	448	3.00E-141	Complement factor B	.	.	.	.	pfam00092	VWA	von Willebrand factor type A domain.	GO:0008283|cell proliferation;GO:0006957|complement activation, alternative pathway;	GO:0072562|blood microparticle;GO:0070062|extracellular exosome;GO:0005615|extracellular space;	GO:0004252|serine-type endopeptidase activity;	K01335	CFB; component factor B [EC:3.4.21.47]	7.118800849	27.50918872	13.52663325	26.31311263	11.03945338	17.98538259	646.2440926	562.629036	697.7709568	982.9544711	554.1211374	488.2238631	26.11275216	19.32816411	2.586868327	25.47872681	8.174783904	13.90785502	2215.891315	1094.760817	728.5474364	491.9481108	516.9079753	188.4039818	17.61828951	49.02331221	47.55880111	10.10645421	34.58179626	27.13131622	899.4203791	1287.427906	787.312524	1320.665036	822.7545528	2060.370637	12.37421557	7.192915839	6.178634945	14.36647683	11.82788354	12.09019188	896.0077267	865.5155126	716.4719393	625.2510909	573.1447977	583.957015
rcn3	protein_coding	chrNC_030683.1:102660411-102672722:+	gi|45361627|ref|NP_989389.1|	1645	0	calumenin precursor [Xenopus tropicalis]	gi|847099163|ref|XM_012956681.1|	2285	0	PREDICTED: Xenopus (Silurana) tropicalis reticulocalbin 3, EF-hand calcium binding domain (rcn3), transcript variant X1, mRNA	Q7SXV9	368	2.00E-119	Calumenin-B	.	.	.	.	pfam13499	EF-hand_7	EF-hand domain pair.	.	GO:0005789|endoplasmic reticulum membrane;GO:0005576|extracellular region;GO:0005794|Golgi apparatus;GO:0042470|melanosome;GO:0033018|sarcoplasmic reticulum lumen;	GO:0005509|calcium ion binding;	.	.	3.845780656	24.61880808	6.432899053	16.08805967	3.005296276	9.020676126	1.132305721	0.50724267	1.131973671	1.528383461	1.06618909	0.957217689	11.97198098	16.37545337	7.24444483	16.24047544	5.582579908	8.372274427	1.670002802	8.305364405	3.284442493	1.059721347	1.935123165	1.861880233	18.6597449	26.61098333	9.138101789	16.09411552	15.03900616	16.6244112	1.595282368	1.897342872	3.431319187	2.751806641	0.825104461	3.680279995	3.867448374	13.88866582	2.611532411	11.76178712	6.770198339	5.081611893	0.934512922	1.434188015	1.192455092	0.79502673	1.030112437	0.501980963
fam3b	protein_coding	chrNC_030678.1:6750894-6778931:-	gi|62858145|ref|NP_001015990.1|	1255	4.00E-164	protein FAM3B [Xenopus tropicalis]	gi|77682320|ref|NM_001015990.2|	2599	0	Xenopus tropicalis family with sequence similarity 3 member B (fam3b), mRNA	Q9D309	265	3.00E-80	Protein FAM3B	.	.	.	.	pfam08626	TRAPPC9-Trs120	Transport protein Trs120 or TRAPPC9, TRAPP II complex subunit. This region is found at the N terminal of Saccharomyces cerevisiae Trs120 protein. Trs120 is a subunit of the multiprotein complex TRAPP (transport particle protein) which functions in ER to Golgi traffic. Trs120 is specific to the larger TRAPP complex, TRAPP II, along with Trs65p and Trs130p(TRAPPC10). It is suggested that Trs120p is required for the stability of the Trs130p subunit, suggesting that these two proteins might interact in some way. It is likely that there is a complex function for TRAPP II in multiple pathways.	GO:0006915|apoptotic process;GO:0030073|insulin secretion;	GO:0070062|extracellular exosome;GO:0005576|extracellular region;GO:0005615|extracellular space;GO:0005641|nuclear envelope lumen;	GO:0005125|cytokine activity;	.	.	2.115305777	2.672650364	4.175158859	2.775247456	1.814817385	2.07641256	5.064782607	3.419749565	4.86284502	6.093833636	3.627531636	4.350847196	3.775878402	3.823123959	2.7624781	6.170538923	1.68273221	2.345467308	5.851633804	3.518533685	3.245950424	3.69992766	4.685104909	1.161942588	5.152625013	7.058597376	6.520322913	3.047747301	4.609973571	5.350657015	3.330624156	7.102120716	6.144034512	5.243344902	4.150765704	6.010693503	3.987467141	2.621690659	2.361685074	3.627858333	3.200507589	2.035518473	5.390998709	4.607288595	3.856809946	2.45408467	4.7122286	3.059063711
tgfbr3	protein_coding	chrNC_030680.1:94552854-94677662:+	gi|512835964|ref|XP_004913781.1|	4224	0	PREDICTED: transforming growth factor beta receptor type 3 isoform X1 [Xenopus tropicalis]	gi|847125798|ref|XM_004913724.2|	7692	0	PREDICTED: Xenopus (Silurana) tropicalis transforming growth factor, beta receptor III (tgfbr3), transcript variant X1, mRNA	P35054	487	5.00E-147	Transforming growth factor beta receptor type 3	.	.	.	.	pfam00100	Zona_pellucida	Zona pellucida-like domain.	GO:0030509|BMP signaling pathway;GO:0016049|cell growth;GO:0001837|epithelial to mesenchymal transition;GO:0006955|immune response;GO:0035556|intracellular signal transduction;GO:0051271|negative regulation of cellular component movement;GO:0032354|response to follicle-stimulating hormone;GO:0007165|signal transduction;GO:0007179|transforming growth factor beta receptor signaling pathway;	GO:0009897|external side of plasma membrane;GO:0031012|extracellular matrix;GO:0016021|integral component of membrane;GO:0005622|intracellular;GO:0005578|proteinaceous extracellular matrix;	GO:0015026|coreceptor activity;GO:0005539|glycosaminoglycan binding;GO:0008201|heparin binding;GO:0050431|transforming growth factor beta binding;GO:0070123|transforming growth factor beta receptor activity, type III;GO:0005160|transforming growth factor beta receptor binding;GO:0005024|transforming growth factor beta-activated receptor activity;	K05843	TGFBR3; transforming growth factor, beta receptor III	46.69448406	22.11162222	35.70821123	40.87802219	27.75221437	32.7721958	49.33157252	14.77127819	50.37673727	5.709394154	24.81539071	4.77444269	35.73934647	20.09594044	33.51477642	33.07999529	41.69453313	21.89402733	39.7270571	5.715072326	44.9064666	7.105436409	44.15079167	7.308122567	29.73869413	34.20301907	42.18677227	42.37951016	33.57725706	43.56745196	9.585408008	32.08010442	5.521950364	70.42912619	8.479183153	18.07654464	43.387123	33.03107235	39.31212079	25.5673354	41.243994	50.67067282	69.81019456	25.32773691	53.13216994	16.95062673	37.41383028	54.14911523
nid2	protein_coding	chrNC_030684.1:74879973-74925486:+	gi|847152618|ref|XP_012823263.1|	7812	0	PREDICTED: nidogen-2 isoform X1 [Xenopus tropicalis]	gi|847152617|ref|XM_012967809.1|	5237	0	PREDICTED: Xenopus (Silurana) tropicalis nidogen 2 (osteonidogen) (nid2), transcript variant X1, mRNA	Q14112	186	7.00E-46	Nidogen-2	.	.	.	.	pfam07474	G2F	G2F domain. Nidogen, an invariant component of basement membranes, is a multifunctional protein that interacts with most other major basement membrane proteins. The G2 fragment or (G2F domain) contains binding sites for collagen IV and perlecan. The structure is composed of an 11-stranded beta-barrel with a central helix. This domain is structurally related to that of green fluorescent protein pfam01353. A large surface patch on the beta-barrel is conserved in all metazoan nidogens.	GO:0071711|basement membrane organization;GO:0007155|cell adhesion;GO:0007160|cell-matrix adhesion;GO:0030198|extracellular matrix organization;	GO:0005604|basement membrane;GO:0070062|extracellular exosome;GO:0031012|extracellular matrix;GO:0005576|extracellular region;	GO:0005509|calcium ion binding;GO:0005518|collagen binding;	K06826	NID; nidogen (entactin)	39.20124432	40.18775126	31.51881274	45.84037165	35.41637679	52.48060669	11.26712852	3.361434754	10.9342644	5.135686275	9.901422756	4.011609406	19.68211055	26.66243107	22.3232527	25.02763268	25.34463563	30.93101902	8.525480699	4.835535402	11.14837395	3.645171483	8.259667378	3.831484298	25.06490505	24.46823601	30.02598408	21.88476939	19.33148662	25.83959422	4.132276199	8.82478936	4.481124642	10.62639631	6.560421123	7.529689252	35.55528236	51.85010776	44.15625669	52.32561597	28.80781619	35.81929816	10.37203042	6.640547933	13.38698313	4.238307787	11.41841762	8.494063945
chid1	protein_coding	chrNC_030680.1:34569078-34732415:+	gi|56118422|ref|NP_001008105.1|	2004	0	chitinase domain-containing protein 1 precursor [Xenopus tropicalis]	gi|56118421|ref|NM_001008104.1|	1840	0	Xenopus (Silurana) tropicalis chitinase domain containing 1 (chid1), mRNA	Q66IL0	776	0	Chitinase domain-containing protein 1	CAC1556	64.3	4.00E-10	COG3858	pfam00704	Glyco_hydro_18	Glycosyl hydrolases family 18.	GO:0005975|carbohydrate metabolic process;GO:0006032|chitin catabolic process;GO:0006954|inflammatory response;	GO:0005576|extracellular region;GO:0005764|lysosome;	GO:0008061|chitin binding;GO:0004568|chitinase activity;	K17525	CHID1; chitinase domain-containing protein 1	15.04738387	16.09658107	9.43579978	23.52616241	15.84911347	21.63320028	5.644532283	5.588126425	5.426630402	3.694704735	6.810104415	4.167799413	8.532802905	13.09328561	8.358802445	8.952557795	9.110868829	8.251350326	4.935285475	4.728824155	8.000400078	4.081275085	6.303816193	3.845108151	10.09690102	6.780365007	8.781376282	8.92533245	5.805354966	7.848486489	4.739576671	6.864490754	4.685640344	7.614350685	6.833416555	5.762956984	12.20686234	18.76544858	13.31677466	15.0521134	12.54905668	15.07672858	4.325028317	3.8053792	7.49396709	5.591046642	4.834793262	5.856323806
nppc	protein_coding	chrNC_030681.1:108233022-108239347:-	gi|163915239|ref|NP_001106395.1|	516	8.00E-59	C-type natriuretic peptide precursor [Xenopus tropicalis]	gi|163915238|ref|NM_001112924.1|	1967	0	Xenopus (Silurana) tropicalis natriuretic peptide C (nppc), mRNA	P40756	161	4.00E-45	C-type natriuretic peptide 2	.	.	.	.	pfam00212	ANP	Atrial natriuretic peptide.	GO:0050880|regulation of blood vessel size;	GO:0005576|extracellular region;	.	.	.	10.29922379	26.94040084	22.70311002	22.34756893	14.27685205	38.01799954	2.130819415	1.311828428	2.466578331	2.576573238	2.875837739	2.238998844	3.224231302	16.94910957	5.681707111	14.02474663	1.94106048	6.755274899	0.496820715	1.723072158	1.021161686	1.050169454	0.766434936	0.579993327	12.20078174	22.4892677	30.82144664	7.555066519	11.53776204	16.01015541	0.825142239	2.187258043	0.690204692	1.037679902	2.175881183	0.524797678	8.781077021	8.814447916	6.168426219	20.0798355	10.606192	15.12862627	1.687946574	1.878094672	1.688618257	0.778220566	0.730634264	1.169157758
kcp	protein_coding	chrNC_030679.1:77884216-77952603:-	gi|512830908|ref|XP_002931908.2|	11673	0	PREDICTED: kielin/chordin-like protein isoform X1 [Xenopus tropicalis]	gi|847114878|ref|XM_002931862.3|	10407	0	PREDICTED: Xenopus (Silurana) tropicalis kielin/chordin-like protein (kcp), transcript variant X1, mRNA	Q9IBG7	4070	0	Kielin/chordin-like protein	.	.	.	.	pfam00094	VWD	von Willebrand factor type D domain. Luciferin-2-monooxygenase from Vargula hilgendorfii contains a vwd domain. Its function is unrelated but the similarity is very strong by several methods.	.	GO:0005576|extracellular region;	.	.	.	10.1832952	6.498316564	11.82625416	7.684685915	7.816573539	10.62914976	0.428481776	0.114182727	0.533893139	0.278513716	0.290544783	0.146727693	6.247932519	6.651093087	6.730894349	4.505757679	5.726802731	6.864878849	0.492283445	0.454784287	0.507901899	0.209382158	0.632290094	0.241810005	5.858839391	6.039192545	5.798525772	5.842623478	4.382103917	5.032112276	0.228003566	0.97383783	0.288119773	0.677404446	0.177901204	0.306700932	10.28932087	10.11370904	15.90412968	12.10858955	8.377249759	7.886921007	0.516320225	0.320097255	1.18108007	0.169342547	0.574725579	0.205605915
tecta.1	protein_coding	chrNC_030683.1:87929383-87980132:+	gi|847148522|ref|XP_012822530.1|	11338	0	PREDICTED: alpha-tectorin [Xenopus tropicalis]	gi|847148521|ref|XM_012967076.1|	8958	0	PREDICTED: Xenopus (Silurana) tropicalis tectorin alpha (tecta), mRNA	O08523	3617	0	Alpha-tectorin	.	.	.	.	pfam00100	Zona_pellucida	Zona pellucida-like domain.	GO:0007160|cell-matrix adhesion;GO:0007605|sensory perception of sound;	GO:0031225|anchored component of membrane;GO:0070062|extracellular exosome;GO:0005886|plasma membrane;GO:0005578|proteinaceous extracellular matrix;	GO:0005201|extracellular matrix structural constituent;	K18273	TECTA; alpha-tectorin	15.90603049	9.264160552	6.694859593	17.35723584	16.61365805	10.37153288	0.007042629	0.006166413	0.0	0.006193383	0.006336672	0.006400152	7.100141248	10.50256604	7.881162298	5.677757522	10.56333201	11.71870411	0.0	0.0	0.007200147	0.0	0.018706447	0.0	3.942505711	2.747064992	4.449999678	5.834605599	3.333615619	5.016188862	0.0	0.0	0.0	0.0	0.145013443	0.0	10.00834923	15.84465323	13.86153453	6.163592681	8.880251402	9.932255003	0.007140963	0.01369896	0.0	0.006858981	0.013439104	0.0
col4a5	protein_coding	chrNC_030684.1:29716300-29809883:+	gi|512859351|ref|XP_004916925.1|	1470	1.00E-168	PREDICTED: collagen alpha-5(IV) chain isoform X4 [Xenopus tropicalis]	gi|847156843|ref|XM_004916865.2|	6633	0	PREDICTED: Xenopus (Silurana) tropicalis collagen, type IV, alpha 5 (col4a5), transcript variant X1, mRNA	P29400	55.8	6.00E-06	Collagen alpha-5(IV) chain	.	.	.	.	pfam01413	C4	C-terminal tandem repeated domain in type 4 procollagen. Duplicated domain in C-terminus of type 4 collagens. Mutations in alpha-5 collagen IV are associated with X-linked Alport syndrome.	GO:0030574|collagen catabolic process;GO:0030198|extracellular matrix organization;GO:0007528|neuromuscular junction development;	GO:0005605|basal lamina;GO:0005587|collagen type IV trimer;GO:0005788|endoplasmic reticulum lumen;GO:0005576|extracellular region;GO:0031594|neuromuscular junction;	GO:0005201|extracellular matrix structural constituent;	K06237	COL4A; collagen, type IV, alpha	64.02638089	47.90693392	44.40675298	55.97065387	48.54533887	57.66611922	2.509098005	0.664187006	1.058493273	1.761806823	1.741315516	0.707039024	37.14646797	21.81278062	32.11626735	32.998417	36.90546251	35.50768788	1.414931968	4.054961342	1.173239057	0.941418305	1.756561502	0.717526293	32.88189228	29.37081138	30.31541905	41.05542816	30.87760751	44.35789522	0.812339732	1.731206453	1.132848589	2.710124984	1.018660406	1.880397721	38.14232678	66.77184771	43.953224	53.23986818	38.56146412	53.49800813	0.907209872	1.428228458	1.743973541	0.350448684	1.72590303	0.956230066
a2m	protein_coding	chrNW_016683499.1:32552-61070:+	gi|847172643|ref|XP_012809557.1|	7666	0	PREDICTED: alpha-2-macroglobulin [Xenopus tropicalis]	gi|847172642|ref|XM_012954103.1|	4773	0	PREDICTED: Xenopus (Silurana) tropicalis alpha-2-macroglobulin (a2m), mRNA	P01023	1418	0	Alpha-2-macroglobulin	TM0984	86.7	5.00E-16	COG2373	pfam07678	A2M_comp	A-macroglobulin complement component. This family includes the complement components region of the alpha-2-macroglobulin family.	GO:0007597|blood coagulation, intrinsic pathway;GO:0022617|extracellular matrix disassembly;GO:0001869|negative regulation of complement activation, lectin pathway;GO:0002576|platelet degranulation;GO:0051056|regulation of small GTPase mediated signal transduction;GO:0048863|stem cell differentiation;	GO:0072562|blood microparticle;GO:0005829|cytosol;GO:0070062|extracellular exosome;GO:0005576|extracellular region;GO:0031093|platelet alpha granule lumen;	GO:0048306|calcium-dependent protein binding;GO:0019899|enzyme binding;GO:0019838|growth factor binding;GO:0005096|GTPase activator activity;GO:0019966|interleukin-1 binding;GO:0019959|interleukin-8 binding;GO:0002020|protease binding;GO:0005102|receptor binding;GO:0004867|serine-type endopeptidase inhibitor activity;GO:0043120|tumor necrosis factor binding;	K03910	A2M; alpha-2-macroglobulin	1.829536963	1.244747922	5.44819837	1.710054681	3.951171002	2.567116837	169.5181195	111.3925763	153.8413275	140.9110919	143.652907	134.6098651	3.998523031	1.34163312	3.333448458	1.644737853	2.849465698	4.288875795	253.5596114	168.7710897	137.3857459	73.91558643	126.4713642	42.82304192	1.06905684	1.246820377	2.627336318	1.130379156	1.659508755	1.371274666	91.00688798	203.8614336	188.3152556	161.5669014	161.817601	170.2374352	3.900958084	1.55412398	4.783066461	2.254485801	4.340987739	4.939471543	159.6055752	125.1323518	147.0085858	119.1214344	120.1677051	155.7282385
c9	protein_coding	chrNC_030677.1:183624473-183642059:+	gi|166796971|gb|AAI59018.1|	3203	0	c9 protein, partial [Xenopus tropicalis]	gi|847090069|ref|XM_004910445.2|	2021	0	PREDICTED: Xenopus (Silurana) tropicalis complement component 9 (c9), mRNA	Q3MHN2	513	2.00E-173	Complement component C9	.	.	.	.	pfam01823	MACPF	MAC/Perforin domain. The membrane-attack complex (MAC) of the complement system forms transmembrane channels. These channels disrupt the phospholipid bilayer of target cells, leading to cell lysis and death. A number of proteins participate in the assembly of the MAC. Freshly activated C5b binds to C6 to form a C5b-6 complex, then to C7 forming the C5b-7 complex. The C5b-7 complex binds to C8, which is composed of three chains (alpha, beta, and gamma), thus forming the C5b-8 complex. C5b-8 subsequently binds to C9 and acts as a catalyst in the polymerization of C9. Active MAC has a subunit composition of C5b-C6-C7-C8-C9{n}. Perforin is a protein found in cytolytic T-cell and killer cells. In the presence of calcium, perforin polymerizes into transmembrane tubules and is capable of lysing, non-specifically, a variety of target cells. There are a number of regions of similarity in the sequences of complement components C6, C7, C8-alpha, C8-beta, C9 and perforin. The X-ray crystal structure of a MACPF domain reveals that it shares a common fold with bacterial cholesterol dependent cytolysins (pfam01289) such as perfringolysin O. Three key pieces of evidence suggests that MACPF domains and CDCs are homologous: Functional similarity (pore formation), conservation of three glycine residues at a hinge in both families and conservation of a complex core fold.	GO:0006957|complement activation, alternative pathway;GO:0006958|complement activation, classical pathway;GO:0019835|cytolysis;	GO:0072562|blood microparticle;GO:0005737|cytoplasm;GO:0070062|extracellular exosome;GO:0005579|membrane attack complex;	.	K04000	C9; complement component 9	6.334891527	10.91342571	11.04824775	10.26917733	6.103914781	16.09785548	2060.404848	1209.193032	1642.949282	2118.232777	1542.451412	1423.44237	20.97559826	11.61205826	6.769932117	18.35241005	4.121883097	28.40032841	2099.979576	2563.10705	1224.655007	701.4490838	1107.257245	453.3568816	16.5328479	25.48504695	22.71781403	17.51587576	26.00345935	17.24860687	1404.821182	1849.254146	1800.54824	2381.559869	1739.073017	3536.813003	7.943172579	8.879360234	5.862347894	22.18827313	21.07710056	8.543786357	2048.299865	1784.137658	1871.212012	1576.931338	1824.590032	1584.307686
col4a6	protein_coding	chrNC_030684.1:29574851-29715402:-	gi|847156831|ref|XP_012824447.1|	2610	0	PREDICTED: collagen alpha-6(IV) chain isoform X1 [Xenopus tropicalis]	gi|847156830|ref|XM_012968993.1|	7482	0	PREDICTED: Xenopus (Silurana) tropicalis collagen, type IV, alpha 6 (col4a6), transcript variant X1, mRNA	Q14031	59.7	5.00E-07	Collagen alpha-6(IV) chain	.	.	.	.	pfam01413	C4	C-terminal tandem repeated domain in type 4 procollagen. Duplicated domain in C-terminus of type 4 collagens. Mutations in alpha-5 collagen IV are associated with X-linked Alport syndrome.	GO:0007155|cell adhesion;GO:0030574|collagen catabolic process;GO:0030198|extracellular matrix organization;	GO:0005587|collagen type IV trimer;GO:0005788|endoplasmic reticulum lumen;GO:0005576|extracellular region;	GO:0005201|extracellular matrix structural constituent;	K06237	COL4A; collagen, type IV, alpha	23.53334556	19.58941174	19.45051216	22.28688149	17.12138004	26.48143125	1.002477005	0.264839237	0.395211576	0.790392695	0.730921536	0.43980477	13.4257115	8.591832637	13.210495	14.79659817	13.94250437	14.2896939	0.507773487	1.696185755	0.424096075	0.441783001	0.566217677	0.283383013	12.87765116	11.72062771	11.99601961	16.33589336	12.67362763	15.11691199	0.293505699	0.640997199	0.383902452	0.800120912	0.309472502	0.508555589	12.62095045	27.94493265	14.94693476	22.99383268	14.96013661	19.75082583	0.289169438	0.504301775	0.696599597	0.260917324	0.643156348	0.355499249
igfbp4	protein_coding	chrNW_016683386.1:860049-892765:+	gi|512874129|ref|XP_002942630.2|	1291	6.00E-174	PREDICTED: insulin-like growth factor-binding protein 4 [Xenopus tropicalis]	gi|847169583|ref|XM_002942584.3|	1554	0	PREDICTED: Xenopus (Silurana) tropicalis insulin-like growth factor binding protein 4 (igfbp4), mRNA	P24854	282	8.00E-90	Insulin-like growth factor-binding protein 4	.	.	.	.	pfam00219	IGFBP	Insulin-like growth factor binding protein.	GO:0001558|regulation of cell growth;GO:0043567|regulation of insulin-like growth factor receptor signaling pathway;	GO:0005615|extracellular space;	GO:0031994|insulin-like growth factor I binding;GO:0031995|insulin-like growth factor II binding;	.	.	3.295448076	7.741675448	5.595175125	8.801307009	4.716243429	7.838409693	146.1079537	45.68130631	187.3651692	71.786501	209.5353837	61.35331127	8.935508353	7.235332662	6.668676873	9.513057153	4.556484477	10.48990607	146.9564063	66.70585508	194.6151713	92.13206109	165.6678593	64.86304815	8.574888675	11.9834007	4.987543203	10.5553256	13.74743887	9.189523596	64.60035009	120.7447803	78.79377953	105.5403497	168.9089865	74.92976138	3.007530513	7.249896543	4.960238445	7.596245429	6.690893842	6.288534643	129.3464336	127.0177481	317.6703588	82.21020987	196.3415743	166.2116499
spon2	other	chrNC_030685.1:58952541-58953343:+	.	.	.	.	gi|118404863|ref|NM_001079092.1|	803	0	Xenopus (Silurana) tropicalis spondin 2, extracellular matrix protein (spon2), mRNA	.	.	.	.	.	.	.	.	pfam13853	7tm_4	Olfactory receptor. The members of this family are transmembrane olfactory receptors.	.	.	.	.	.	1956.201974	1273.828583	1044.081251	1040.772181	1249.325051	1353.133383	3.751572274	0.214227191	2.685351918	0.573771036	0.146761437	0.444694967	824.6303024	1246.189189	1019.788273	1093.016059	1185.316482	1075.586142	2.662174821	1.672382848	3.168441319	0.088705429	7.148681599	0	577.9176286	617.2715957	910.5699841	842.8368674	778.7973323	761.9921962	1.572074649	0.518499567	0	3.139948995	7.885421022	2.228244319	1246.050718	1206.942747	1040.542651	914.5794537	1074.224633	1732.509636	0.74425201	0	0.221591717	0.238287648	2.334437594	2.863926911
spon2	protein_coding	chrNC_030677.1:14487127-14498895:+	gi|118404864|ref|NP_001072560.1|	1676	0	spondin-2 [Xenopus tropicalis]	gi|118404863|ref|NM_001079092.1|	1671	0	Xenopus (Silurana) tropicalis spondin 2, extracellular matrix protein (spon2), mRNA	Q8BMS2	454	4.00E-155	Spondin-2	.	.	.	.	pfam06468	Spond_N	Spondin_N. This conserved region is found at the in the N-terminal half of several Spondin proteins. Spondins are involved in patterning axonal growth trajectory through either inhibiting or promoting adhesion of embryonic nerve cells.	GO:0007155|cell adhesion;GO:0071222|cellular response to lipopolysaccharide;GO:0042742|defense response to bacterium;GO:0050832|defense response to fungus;GO:0051607|defense response to virus;GO:0043152|induction of bacterial agglutination;GO:0045087|innate immune response;GO:0002448|mast cell mediated immunity;GO:0008228|opsonization;GO:0032755|positive regulation of interleukin-6 production;GO:0060907|positive regulation of macrophage cytokine production;GO:0032760|positive regulation of tumor necrosis factor production;GO:0032496|response to lipopolysaccharide;	GO:0070062|extracellular exosome;GO:0005615|extracellular space;GO:0005578|proteinaceous extracellular matrix;	GO:0003823|antigen binding;GO:0001530|lipopolysaccharide binding;GO:0046872|metal ion binding;	.	.	22.44924124	23.78460982	26.3028581	34.06361162	0.866962666	35.50755849	0.039121507	0	0	0	0.105599851	0	7.417617511	48.34440975	16.34651471	26.25680492	6.095967162	7.773986895	0	0.038201156	0	0	0.103913532	0.080177586	40.5930664	28.82412552	76.4344556	19.09484689	29.61380486	28.31174696	0	0.041453121	0	0	0.315212718	0.041110196	15.01171885	37.07649965	7.418628228	54.86143007	14.38607932	21.55136934	0	0	0	0	0.074653659	0.039251294
tnfsf10l	protein_coding	chrNC_030684.1:18400127-18406521:+	gi|512858823|ref|XP_004916844.1|	1763	0	PREDICTED: tumor necrosis factor ligand superfamily member 10-like isoform X1 [Xenopus tropicalis]	gi|847156288|ref|XM_004916787.2|	1953	0	PREDICTED: Xenopus (Silurana) tropicalis tumor necrosis factor ligand superfamily member 10-like (LOC100497331), transcript variant X1, mRNA	P50591	130	3.00E-32	Tumor necrosis factor ligand superfamily member 10	.	.	.	.	pfam00229	TNF	TNF(tumor Necrosis Factor) family.	GO:0006919|activation of cysteine-type endopeptidase activity involved in apoptotic process;GO:0097296|activation of cysteine-type endopeptidase activity involved in apoptotic signaling pathway;GO:0006915|apoptotic process;GO:0007166|cell surface receptor signaling pathway;GO:0007267|cell-cell signaling;GO:0006955|immune response;GO:0008584|male gonad development;GO:1902042|negative regulation of extrinsic apoptotic signaling pathway via death domain receptors;GO:0043065|positive regulation of apoptotic process;GO:0043280|positive regulation of cysteine-type endopeptidase activity involved in apoptotic process;GO:2001238|positive regulation of extrinsic apoptotic signaling pathway;GO:0043123|positive regulation of I-kappaB kinase/NF-kappaB signaling;GO:0090200|positive regulation of release of cytochrome c from mitochondria;GO:1902041|regulation of extrinsic apoptotic signaling pathway via death domain receptors;GO:0032868|response to insulin;GO:0007165|signal transduction;	GO:0070062|extracellular exosome;GO:0005576|extracellular region;GO:0005615|extracellular space;GO:0005887|integral component of plasma membrane;	GO:0046872|metal ion binding;GO:0005102|receptor binding;	K04721	TNFSF10, TRAIL; tumor necrosis factor ligand superfamily member 10	13.99612962	3.062770786	10.55430077	3.499306776	3.805586476	5.61327657	10.53699152	2.364898031	11.37579092	2.023353601	4.800384278	2.393933694	8.123877426	4.027401784	10.03577148	5.846970018	4.807044724	4.115154838	10.04488829	4.167738304	13.1590167	3.880681839	10.18553666	5.945470115	6.818570473	8.635816724	7.692048792	7.209691427	7.908015499	6.096327289	2.693460454	7.843757956	3.258792318	11.06511509	4.239001176	4.485114055	8.277167126	4.67157986	13.26420404	11.26490825	12.87666278	18.51878743	15.8233131	6.875245722	11.71758346	5.910520481	15.97124577	14.45279008
olfm3	protein_coding	chrNC_030680.1:99134137-99161041:-	gi|512834087|ref|XP_002934209.2|	2517	0	PREDICTED: noelin-3 isoform X2 [Xenopus tropicalis]	gi|847124175|ref|XM_002934163.3|	2566	0	PREDICTED: Xenopus (Silurana) tropicalis olfactomedin 3 (olfm3), transcript variant X2, mRNA	Q96PB7	841	0	Noelin-3	.	.	.	.	pfam02191	OLF	Olfactomedin-like domain.	GO:0042462|eye photoreceptor cell development;	GO:0032281|AMPA glutamate receptor complex;GO:0030054|cell junction;GO:0005615|extracellular space;GO:0005794|Golgi apparatus;GO:0045202|synapse;	.	.	.	2.321294618	11.57762048	7.099530451	4.115601213	9.685150272	8.09276469	0.076172612	0.066695526	0.08708675	0.217708485	0.359819441	0.155753152	3.940676706	2.395076781	2.658892939	4.433052822	4.925364641	7.30936325	0.248645116	1.8595154	0.097345403	0.248550599	0.101163857	0.156111985	1.773532286	1.65067089	2.349246635	2.874046089	4.036963752	1.650128427	0.139838651	0.343027895	0.432373067	0.244390719	0.11933904	0.220123046	7.051196487	4.531543534	2.428194656	8.786483779	3.940239763	3.24758288	0.193090486	0.111125294	0.068988329	0.185465718	0.145356471	0.057318987
nog	protein_coding	chrNC_030686.1:18049260-18049928:+	gi|284813512|ref|NP_001165369.1|	1016	1.00E-137	noggin [Xenopus tropicalis]	gi|284813511|ref|NM_001171898.1|	669	0	Xenopus tropicalis noggin (nog), mRNA	P49011	389	2.00E-136	Noggin	.	.	.	.	pfam05806	Noggin	Noggin. This family consists of the eukaryotic Noggin proteins. Noggin is a glycoprotein that binds bone morphogenetic proteins (BMPs) selectively and, when added to osteoblasts, it opposes the effects of BMPs. It has been found that noggin arrests the differentiation of stromal cells, preventing cellular maturation.	GO:0051216|cartilage development;GO:0030154|cell differentiation;GO:0007517|muscle organ development;GO:0030514|negative regulation of BMP signaling pathway;GO:0045596|negative regulation of cell differentiation;	GO:0005576|extracellular region;	.	K04658	NOG; noggin	34.672182	26.86731685	23.0824308	17.39290481	13.01610316	22.2409369	0.097891484	0.0	0.179068061	0.0	0.0880788	0.088961151	10.87695483	4.397111387	8.302081504	7.30009823	8.40503718	4.197622662	0.091297304	0.0	0.100080968	0.106473033	0.433361366	0.0	6.936739249	10.03747398	8.738151431	12.7832271	9.475819798	6.338570489	0.0	0.103725748	0.0	0.53841107	0.26291285	0.0	22.27452897	17.94982575	20.59022082	24.41459032	19.95402051	24.93150931	0.099258323	0.190413495	0.354635075	0.0	0.467003833	0.294648726
ache	protein_coding	chrNC_030679.1:131300805-131311379:-	gi|301621499|ref|XP_002940088.1|	3065	0	PREDICTED: acetylcholinesterase isoform X1 [Xenopus tropicalis]	gi|847170855|ref|XM_004919097.2|	3856	0	PREDICTED: Xenopus (Silurana) tropicalis acetylcholinesterase (Yt blood group) (ache), transcript variant X3, mRNA	P04058	736	0	Acetylcholinesterase	BS_pnbA	209	5.00E-58	COG2272	pfam00135	COesterase	Carboxylesterase family.	GO:0006581|acetylcholine catabolic process;GO:0071405|cellular response to methanol;GO:0030239|myofibril assembly;GO:0007528|neuromuscular junction development;GO:0048666|neuron development;GO:0050803|regulation of synapse structure or activity;GO:0001975|response to amphetamine;GO:0045471|response to ethanol;GO:0009749|response to glucose;	GO:0030054|cell junction;GO:0005615|extracellular space;GO:0031594|neuromuscular junction;GO:0005886|plasma membrane;	GO:0003990|acetylcholinesterase activity;	K01049	ACHE; acetylcholinesterase [EC:3.1.1.7]	1.513782533	1.157783886	2.674769984	2.259772936	3.297678223	1.094849264	4.464210995	0.551239904	2.74822721	1.698701363	2.407455119	0.806189777	4.156912588	2.72793191	3.980802447	3.028039139	2.532889808	2.768448652	3.522954928	1.508949822	2.735510026	1.618520374	3.775214709	0.747769418	4.953687901	3.297269134	4.176069852	3.706305764	6.080321154	3.065562219	1.523514148	2.698682436	2.019845252	5.180897874	2.408205883	2.841750186	2.308637001	1.783490541	2.089554481	2.17358568	1.846686135	1.220060905	2.219747474	2.824938338	2.488101709	1.114820373	2.962479682	2.383068944
ltbp1	protein_coding	chrNC_030681.1:56674598-56879202:+	gi|847131761|ref|XP_012819247.1|	8511	0	PREDICTED: latent-transforming growth factor beta-binding protein 1 isoform X1 [Xenopus tropicalis]	gi|847131760|ref|XM_012963793.1|	5632	0	PREDICTED: Xenopus (Silurana) tropicalis latent transforming growth factor beta binding protein 1 (ltbp1), transcript variant X1, mRNA	Q14766	1904	0	Latent-transforming growth factor beta-binding protein 1	.	.	.	.	pfam00683	TB	TB domain. This domain is also known as the 8 cysteine domain. This family includes the hybrid domains. This cysteine rich repeat is found in TGF binding protein and fibrillin.	GO:0035904|aorta development;GO:0060976|coronary vasculature development;GO:0035583|sequestering of TGFbeta in extracellular matrix;GO:0003281|ventricular septum development;	GO:0031012|extracellular matrix;GO:0005576|extracellular region;GO:0001527|microfibril;GO:0043234|protein complex;GO:0005578|proteinaceous extracellular matrix;	GO:0005509|calcium ion binding;GO:0050436|microfibril binding;GO:0050431|transforming growth factor beta binding;GO:0005024|transforming growth factor beta-activated receptor activity;	K19559	LTBP1; latent transforming growth factor beta binding protein 1	14.03217258	75.67401559	37.37271544	38.62224579	13.69776103	26.30351977	9.154028025	3.682177956	8.458554211	3.541084697	6.949747546	2.616232294	34.42942419	30.57692681	15.81178825	44.92070098	23.73482648	18.07520283	7.265119723	6.044859556	10.5226059	3.018673388	9.729208573	4.473266602	44.59059044	75.29401017	26.42056346	39.96835338	62.04541104	44.9897525	4.119231123	7.257255919	3.872820727	11.29766025	3.604863391	5.150757396	15.05326288	41.5187415	13.75975481	24.74396139	35.86808504	25.1536631	8.013102615	6.917417827	9.006398664	2.932068867	8.581492308	8.5047703
col3a1	protein_coding	chrNC_030685.1:39803845-39864240:-	gi|218847780|ref|NP_001136379.1|	1436	1.00E-166	collagen alpha-1(III) chain precursor [Xenopus tropicalis]	gi|218847779|ref|NM_001142907.1|	5222	0	Xenopus (Silurana) tropicalis collagen, type III, alpha 1 (Ehlers-Danlos syndrome type IV, autosomal dominant) (col3a1), mRNA	P13941	147	4.00E-34	Collagen alpha-1(III) chain	.	.	.	.	pfam01410	COLFI	Fibrillar collagen C-terminal domain. Found at C-termini of fibrillar collagens: Ephydatia muelleri procollagen EMF1 alpha, vertebrate collagens alpha(1)III, alpha(1)II, alpha(2)V etc.	GO:0007568|aging;GO:0060414|aorta smooth muscle tissue morphogenesis;GO:0007160|cell-matrix adhesion;GO:0071230|cellular response to amino acid stimulus;GO:0021987|cerebral cortex development;GO:0030199|collagen fibril organization;GO:0048565|digestive tract development;GO:0007507|heart development;GO:0007229|integrin-mediated signaling pathway;GO:0050777|negative regulation of immune response;GO:2001223|negative regulation of neuron migration;GO:0018149|peptide cross-linking;GO:0035025|positive regulation of Rho protein signal transduction;GO:0034097|response to cytokine;GO:0009612|response to mechanical stimulus;GO:0009314|response to radiation;GO:0001501|skeletal system development;GO:0043588|skin development;GO:0007179|transforming growth factor beta receptor signaling pathway;GO:0042060|wound healing;	GO:0005586|collagen type III trimer;GO:0031012|extracellular matrix;GO:0005615|extracellular space;	GO:0005201|extracellular matrix structural constituent;GO:0046872|metal ion binding;	.	.	530.5120416	766.0607238	531.4176023	619.401693	332.6138542	720.5334255	34.82471865	15.16964552	22.81784473	36.31007369	25.43916083	19.69496331	423.6971901	179.1158612	310.11797	366.1707186	275.5519026	298.1226471	22.3030737	73.49604473	13.87981038	8.981703011	19.84989565	7.785521151	420.581195	414.9438441	451.5016001	405.9908933	249.2928697	454.7632522	15.58277102	33.08616604	11.23798859	26.62544118	12.12064241	21.1900154	332.8126691	840.4533096	287.8375889	802.8164029	502.6910356	444.8420349	17.30186971	27.19503428	17.27040103	14.01061582	30.43445686	16.6703485
sfrp4	protein_coding	chrNC_030682.1:80842348-80855380:+	gi|512847981|ref|XP_002939467.2|	1803	0	PREDICTED: secreted frizzled-related protein 4 [Xenopus tropicalis]	gi|847139353|ref|XM_002939421.3|	1925	0	PREDICTED: Xenopus (Silurana) tropicalis secreted frizzled-related protein 4 (sfrp4), mRNA	Q9JLS4	478	6.00E-163	Secreted frizzled-related protein 4	.	.	.	.	pfam01392	Fz	Fz domain. Also known as the CRD (cysteine rich domain), the C6 box in MuSK receptor. This domain of unknown function has been independently identified by several groups. The domain contains 10 conserved cysteines.	GO:0030154|cell differentiation;GO:0046697|decidualization;GO:0007565|female pregnancy;GO:0060056|mammary gland involution;GO:0090090|negative regulation of canonical Wnt signaling pathway;GO:0008285|negative regulation of cell proliferation;GO:0046329|negative regulation of JNK cascade;GO:0035567|non-canonical Wnt signaling pathway;GO:0032355|response to estradiol;GO:0051384|response to glucocorticoid;GO:0043434|response to peptide hormone;GO:0016055|Wnt signaling pathway;	GO:0005737|cytoplasm;GO:0005615|extracellular space;GO:0016021|integral component of membrane;	GO:0004930|G-protein coupled receptor activity;GO:0042813|Wnt-activated receptor activity;GO:0017147|Wnt-protein binding;	K02185	SFRP4; secreted frizzled-related protein 4	3.004623026	9.684113965	10.56002623	9.977718658	3.910226225	11.38438142	0.305390998	0.267395494	0.124141485	0.238724426	0.091592824	0.092510378	2.663424319	5.453177551	2.456631346	4.445382601	3.417016171	5.252306521	0.063293157	0.596413069	0.173456393	0.369069737	0.300433942	0.104313948	4.499843753	5.236900985	3.199088263	4.794280211	4.204318139	4.071193697	0.436053866	0.755048203	0.334969808	0.311050955	0.243024106	1.105374369	3.895629409	10.31171876	2.440711456	11.77109855	4.344663643	5.139552311	0.378467358	0.297015455	0.153659887	0.033047493	0.032375706	0.204269428
c3	protein_coding	chrNC_030679.1:130561577-130587377:+	gi|197246359|gb|AAI68633.1|	8682	0	Unknown (protein for IMAGE:7685509), partial [Xenopus tropicalis]	gi|847170837|ref|XM_012953413.1|	5117	0	PREDICTED: Xenopus (Silurana) tropicalis complement component 3 (c3), transcript variant X1, mRNA	Q0ZZJ6	1751	0	A.superbus venom factor 1	.	.	.	.	pfam07678	A2M_comp	A-macroglobulin complement component. This family includes the complement components region of the alpha-2-macroglobulin family.	GO:0006956|complement activation;GO:0006954|inflammatory response;	GO:0005615|extracellular space;	GO:0004866|endopeptidase inhibitor activity;GO:0046872|metal ion binding;	.	.	10.50540045	27.55750289	6.428137772	26.72854557	9.529420858	10.0792459	3845.629478	2355.663785	2546.853311	2832.542351	2104.242915	2382.314054	33.8858126	200.8168184	2.569630926	126.0231373	13.45169331	61.85683203	5581.367113	4360.059561	2417.071512	1381.579889	2089.186126	726.7056197	36.51406614	199.1705574	248.7918812	21.35676309	174.1093951	556.9118774	3106.071681	3989.098172	4038.825009	6174.914273	4361.503571	5266.741682	9.580391523	5.656926078	3.207588693	6.268728902	10.02308831	5.146218397	3143.536084	3006.857271	2190.185515	2341.643156	1966.384622	2324.2263
sparc	protein_coding	chrNC_030679.1:11519289-11535993:-	gi|45361541|ref|NP_989347.1|	1434	0	SPARC precursor [Xenopus tropicalis]	gi|51491873|ref|NM_204016.2|	1679	0	Xenopus (Silurana) tropicalis secreted protein, acidic, cysteine-rich (osteonectin) (sparc), mRNA	P36378	516	5.00E-180	SPARC	.	.	.	.	pfam10591	SPARC_Ca_bdg	Secreted protein acidic and rich in cysteine Ca binding region. The SPARC_Ca_bdg domain of Secreted Protein Acidic and Rich in Cysteine is responsible for the anti-spreading activity of human urothelial cells. It is rich in alpha-helices. This extracellular calcium-binding domain contains two EF-hands that each coordinates one Ca2+ ion, forming a helix-loop-helix structure that not only drives the conformation of the protein but is also necessary for biological activity. The anti-spreading activity was dependent on the coordination of Ca2+ by a Glu residue at the Z position of EF-hand 2.	GO:0007165|signal transduction;	GO:0005604|basement membrane;GO:0005615|extracellular space;	GO:0005509|calcium ion binding;	.	.	1065.114611	2053.886323	1358.704042	1696.365883	1182.429829	1887.454141	104.0263476	54.06287074	88.90201301	132.4725062	140.5910759	83.0870655	1021.298577	568.0488264	769.0238515	790.8614056	733.0173964	783.4463693	74.86498584	293.2729341	50.4847984	27.49096935	50.97320793	30.49665997	933.7425893	795.9722474	682.2624387	869.3594803	635.3293365	862.6081477	42.31907781	92.49581401	35.61672716	58.56687473	42.46191288	71.93353944	768.6025883	1832.312509	756.1895162	1967.58233	1470.721276	1072.258927	57.0305574	97.00047902	60.08989302	64.46544253	106.920625	66.01974123
c7	protein_coding	chrNC_030677.1:182893667-182929038:-	gi|847090059|ref|XP_012823262.1|	4152	0	PREDICTED: complement component C7 [Xenopus tropicalis]	gi|847090058|ref|XM_012967808.1|	2014	0	PREDICTED: Xenopus (Silurana) tropicalis complement component 7 (c7), mRNA	Q9TUQ3	841	0	Complement component C7	.	.	.	.	pfam01823	MACPF	MAC/Perforin domain. The membrane-attack complex (MAC) of the complement system forms transmembrane channels. These channels disrupt the phospholipid bilayer of target cells, leading to cell lysis and death. A number of proteins participate in the assembly of the MAC. Freshly activated C5b binds to C6 to form a C5b-6 complex, then to C7 forming the C5b-7 complex. The C5b-7 complex binds to C8, which is composed of three chains (alpha, beta, and gamma), thus forming the C5b-8 complex. C5b-8 subsequently binds to C9 and acts as a catalyst in the polymerization of C9. Active MAC has a subunit composition of C5b-C6-C7-C8-C9{n}. Perforin is a protein found in cytolytic T-cell and killer cells. In the presence of calcium, perforin polymerizes into transmembrane tubules and is capable of lysing, non-specifically, a variety of target cells. There are a number of regions of similarity in the sequences of complement components C6, C7, C8-alpha, C8-beta, C9 and perforin. The X-ray crystal structure of a MACPF domain reveals that it shares a common fold with bacterial cholesterol dependent cytolysins (pfam01289) such as perfringolysin O. Three key pieces of evidence suggests that MACPF domains and CDCs are homologous: Functional similarity (pore formation), conservation of three glycine residues at a hinge in both families and conservation of a complex core fold.	GO:0006957|complement activation, alternative pathway;GO:0006958|complement activation, classical pathway;GO:0019835|cytolysis;	GO:0005576|extracellular region;GO:0005579|membrane attack complex;	.	K03996	C7; complement component 7	2.531924278	4.440546377	2.884226038	15.04788498	2.981742721	3.455849027	91.15185485	96.3473922	92.45410412	184.2866512	51.46282719	57.18065193	6.658399282	10.06073978	4.984448498	5.17718907	3.630449519	6.65228173	311.0021699	218.3382272	57.29996211	108.9876581	70.15665621	31.96246381	8.543860944	4.111758218	7.581685863	4.92284622	2.865364725	23.31815773	141.8957537	140.1589034	140.6004798	107.8213925	105.695287	211.5197464	3.7700739	7.812313723	5.758842393	5.879499637	3.833950623	3.128998186	111.7231219	97.97873278	60.30975484	66.30719514	64.7725769	62.5403754
artn	protein_coding	chrNC_030680.1:73705814-73744027:-	gi|512837598|ref|XP_004914021.1|	2038	0	PREDICTED: artemin isoform X1 [Xenopus tropicalis]	gi|847119862|ref|XM_004913965.2|	4574	0	PREDICTED: Xenopus (Silurana) tropicalis artemin (artn), transcript variant X2, mRNA	Q5T4W7	107	5.00E-24	Artemin	.	.	.	.	pfam00019	TGF_beta	Transforming growth factor beta like domain.	GO:0007411|axon guidance;GO:0050930|induction of positive chemotaxis;GO:0097021|lymphocyte migration into lymphoid organs;GO:0000165|MAPK cascade;GO:0007405|neuroblast proliferation;GO:0007422|peripheral nervous system development;GO:0061146|Peyer's patch morphogenesis;GO:0007165|signal transduction;	GO:0005576|extracellular region;GO:0005615|extracellular space;GO:0005622|intracellular;	GO:0005088|Ras guanyl-nucleotide exchange factor activity;GO:0005102|receptor binding;	.	.	2.092381504	1.817815957	2.989252786	2.448184419	2.117620861	2.111115289	0.91630186	0.355303982	0.885962765	0.391392585	1.307344311	0.202229696	2.762146996	2.391121575	2.369227712	2.268929732	2.886114587	2.067245719	0.207540324	0.255641553	0.334570097	0.327463634	0.278155111	0.160964157	1.709395888	1.909534017	2.494472818	2.900324786	2.154077525	2.380736848	0.228292957	0.901561892	0.232597464	1.079943053	0.187502109	0.481440417	1.854821111	2.009195136	2.254012899	1.572998254	2.185549047	3.172284137	0.438002399	0.394661751	0.52163892	0.191230244	0.587007857	0.617272297
gpi	protein_coding	chrNC_030680.1:19407485-19430385:-	gi|58332406|ref|NP_001011010.1|	2989	0	glucose-6-phosphate isomerase [Xenopus tropicalis]	gi|58332405|ref|NM_001011010.1|	2119	0	Xenopus (Silurana) tropicalis glucose-6-phosphate isomerase (gpi), mRNA	P06744	965	0	Glucose-6-phosphate isomerase	HI1576	722	0	COG0166	pfam00342	PGI	Phosphoglucose isomerase. Phosphoglucose isomerase catalyses the interconversion of glucose-6-phosphate and fructose-6-phosphate.	GO:0046185|aldehyde catabolic process;GO:0001525|angiogenesis;GO:0061621|canonical glycolysis;GO:0005975|carbohydrate metabolic process;GO:0034101|erythrocyte homeostasis;GO:0006094|gluconeogenesis;GO:0051156|glucose 6-phosphate metabolic process;GO:0042593|glucose homeostasis;GO:0007599|hemostasis;GO:0006959|humoral immune response;GO:0001701|in utero embryonic development;GO:0007611|learning or memory;GO:0001707|mesoderm formation;GO:0019242|methylglyoxal biosynthetic process;GO:0043154|negative regulation of cysteine-type endopeptidase activity involved in apoptotic process;GO:0043524|negative regulation of neuron apoptotic process;GO:0046686|response to cadmium ion;GO:0032355|response to estradiol;GO:0035902|response to immobilization stress;GO:0043278|response to morphine;GO:0035994|response to muscle stretch;GO:0032570|response to progesterone;GO:0033574|response to testosterone;	GO:0060170|ciliary membrane;GO:0005737|cytoplasm;GO:0005829|cytosol;GO:0070062|extracellular exosome;GO:0005615|extracellular space;GO:0016020|membrane;GO:0043209|myelin sheath;GO:0043005|neuron projection;GO:0005654|nucleoplasm;GO:0005886|plasma membrane;	GO:0004347|glucose-6-phosphate isomerase activity;GO:0016866|intramolecular transferase activity;GO:0048029|monosaccharide binding;GO:0031625|ubiquitin protein ligase binding;	K01810	GPI, pgi; glucose-6-phosphate isomerase [EC:5.3.1.9]	548.621324	424.9517704	408.725776	455.6646819	434.672551	552.9554811	111.4673955	202.0963752	183.4665885	329.2881209	81.43683869	131.3077871	444.2832202	379.3817235	408.2112865	458.3802662	440.2650226	499.6957344	285.6424939	130.3616592	134.002726	242.7124339	208.9921843	69.69459292	298.9835668	304.2042304	520.6521265	384.7494526	317.413023	433.0058743	136.102025	358.017169	463.5722409	181.0012525	144.6177583	399.7809733	439.4487276	526.07276	440.4088026	600.9180806	441.4209295	494.2749035	250.6993776	206.9134778	100.8148942	161.9119034	106.7943401	157.9677177
col4a2	protein_coding	chrNC_030678.1:113644049-113761497:-	gi|512822856|ref|XP_002933063.2|	6619	0	PREDICTED: collagen alpha-2(IV) chain [Xenopus tropicalis]	gi|847104841|ref|XM_004911987.2|	5843	0	PREDICTED: Xenopus (Silurana) tropicalis collagen, type IV, alpha 2 (col4a2), transcript variant X1, mRNA	P08122	72.4	5.00E-11	Collagen alpha-2(IV) chain	.	.	.	.	pfam01413	C4	C-terminal tandem repeated domain in type 4 procollagen. Duplicated domain in C-terminus of type 4 collagens. Mutations in alpha-5 collagen IV are associated with X-linked Alport syndrome.	GO:0001525|angiogenesis;GO:0071560|cellular response to transforming growth factor beta stimulus;GO:0038063|collagen-activated tyrosine kinase receptor signaling pathway;GO:0035987|endodermal cell differentiation;GO:0030198|extracellular matrix organization;GO:0016525|negative regulation of angiogenesis;GO:0006351|transcription, DNA-templated;	GO:0005604|basement membrane;GO:0005587|collagen type IV trimer;GO:0070062|extracellular exosome;GO:0031012|extracellular matrix;GO:0005576|extracellular region;GO:0043231|intracellular membrane-bounded organelle;	GO:0005201|extracellular matrix structural constituent;	K06237	COL4A; collagen, type IV, alpha	30.02018551	35.37676881	26.22686141	25.6906917	24.71825561	30.92605297	0.629175117	0.473577015	0.524980592	0.689204619	0.556174642	0.381184961	49.16031319	42.06710707	50.71115053	56.59731862	56.77108332	55.77098901	0.977987557	2.85629777	1.04950912	1.128545957	1.241182597	0.723909142	39.32134512	36.07812449	52.0551802	50.18997174	37.70684719	40.8553299	1.225971677	2.65499802	0.991585156	1.467176973	0.64232627	0.893143788	40.35775837	41.89012205	44.60619619	37.44036889	35.72861571	37.19031143	0.861805832	0.547506998	0.319906779	0.333259983	0.621375638	0.553738968
crispld2	protein_coding	chrNC_030680.1:64499673-64533829:-	gi|73853836|ref|NP_001027499.1|	2724	0	cysteine-rich secretory protein LCCL domain-containing 2 precursor [Xenopus tropicalis]	gi|73853835|ref|NM_001032328.1|	4415	0	Xenopus (Silurana) tropicalis cysteine-rich secretory protein LCCL domain containing 2 (crispld2), mRNA	Q4V9Y5	1053	0	Cysteine-rich secretory protein LCCL domain-containing 2	YJL078c_1	64.3	2.00E-10	COG2340	pfam03815	LCCL	LCCL domain.	.	GO:0005576|extracellular region;	.	.	.	8.290145183	12.2135232	15.86548849	10.20303576	4.339094141	8.119777554	0.370834671	0.792260514	1.261730187	0.560921294	1.041025578	0.202202751	12.21764769	10.0535661	7.548030613	9.013837124	8.820899848	4.219722126	1.646267202	8.241637596	1.122221613	1.919914981	2.600403771	0.608005796	9.475062837	15.24103193	11.39603408	14.9246425	14.08579003	9.110401901	1.293487727	3.960796463	0.834655233	1.482124336	1.128768533	1.200231505	6.597049057	8.129190049	3.879809006	9.383316583	10.14960662	7.089697779	0.857308638	0.461650295	1.397173837	0.375611138	1.88233749	0.669716867
LOC100492075	protein_coding	chrNC_030679.1:7104444-7143385:-	gi|512828639|ref|XP_002939653.2|	3333	0	PREDICTED: matrix metalloproteinase-21-like [Xenopus tropicalis]	gi|512828638|ref|XM_002939607.2|	2779	0	PREDICTED: Xenopus (Silurana) tropicalis matrix metalloproteinase-21-like (LOC100492075), mRNA	O93470	660	0	Matrix metalloproteinase-21	.	.	.	.	pfam00413	Peptidase_M10	Matrixin. The members of this family are enzymes that cleave peptides. These proteases require zinc for catalysis.	GO:0061371|determination of heart left/right asymmetry;GO:0007368|determination of left/right symmetry;	GO:0031012|extracellular matrix;	GO:0005509|calcium ion binding;GO:0004222|metalloendopeptidase activity;GO:0008270|zinc ion binding;	K08000	MMP21; matrix metalloproteinase-21 [EC:3.4.24.-]	3.038895037	6.524874524	9.280598449	8.037966507	2.550275208	7.400845576	1.172117528	0.373195432	0.467802927	0.618465615	1.246373774	0.271138997	8.255207252	3.105784847	3.96742936	8.547588653	3.569235998	3.053540354	1.172663814	0.707535625	1.002242669	0.463589061	1.018913941	0.327572273	6.234745493	8.808318564	5.193969453	8.14352525	8.973659936	7.122838305	0.606413064	1.083905375	0.147264631	1.543310743	0.305262951	0.582258441	2.777281817	6.608003857	3.158683859	7.56196487	5.588314775	3.156168653	0.367349466	0.476715335	1.44759314	0.269821538	1.118347286	0.513166282
clu	protein_coding	chrNW_016683964.1:36869-39048:+	gi|49522319|gb|AAH75303.1|	796	6.00E-101	MGC89163 protein [Xenopus tropicalis]	gi|56789335|gb|BC088762.1|	702	0	Xenopus tropicalis MGC89163 protein, mRNA (cDNA clone MGC:108473 IMAGE:6998203), complete cds	P14018	185	7.00E-54	Clusterin	.	.	.	.	pfam01093	Clusterin	Clusterin.	GO:0008219|cell death;	GO:0042583|chromaffin granule;GO:0005829|cytosol;GO:0005783|endoplasmic reticulum;GO:0005576|extracellular region;GO:0031966|mitochondrial membrane;GO:0005634|nucleus;	.	.	.	30.78940948	38.55949887	50.93082282	56.41414364	44.86198348	40.85335374	15.11293915	6.698007424	8.105890751	38.64096594	6.463252436	6.612778867	65.52228801	106.5295233	29.71754044	101.8156285	35.99523467	25.46531497	75.78183468	58.48303079	6.771717832	20.29357811	9.168370845	2.867890585	45.61350719	85.49895394	36.11651776	49.62791938	52.91799912	124.8983606	18.32508831	22.53774327	35.73202147	18.89922563	27.05979949	76.2689013	33.3849671	37.28730249	38.83792903	49.70655035	36.12086512	35.58693918	34.33701711	8.256540722	7.435212296	7.541136507	8.455962575	7.394339905
postn	protein_coding	chrNC_030678.1:148502816-148562230:+	gi|163915007|ref|NP_001106376.1|	4014	0	periostin precursor [Xenopus tropicalis]	gi|163915006|ref|NM_001112905.1|	3244	0	Xenopus (Silurana) tropicalis periostin, osteoblast specific factor (postn), mRNA	Q15063	1044	0	Periostin	MA1996	74.7	1.00E-13	COG2335	pfam02469	Fasciclin	Fasciclin domain. This extracellular domain is found repeated four times in grasshopper fasciclin I as well as in proteins from mammals, sea urchins, plants, yeast and bacteria.	GO:1990523|bone regeneration;GO:0007155|cell adhesion;GO:0044344|cellular response to fibroblast growth factor stimulus;GO:0071560|cellular response to transforming growth factor beta stimulus;GO:0071356|cellular response to tumor necrosis factor;GO:0071307|cellular response to vitamin K;GO:0030198|extracellular matrix organization;GO:0001953|negative regulation of cell-matrix adhesion;GO:1900025|negative regulation of substrate adhesion-dependent cell spreading;GO:1990138|neuron projection extension;GO:1904209|positive regulation of chemokine (C-C motif) ligand 2 secretion;GO:0014911|positive regulation of smooth muscle cell migration;GO:0008593|regulation of Notch signaling pathway;GO:0003073|regulation of systemic arterial blood pressure;GO:0032355|response to estradiol;GO:0001666|response to hypoxia;GO:0009612|response to mechanical stimulus;GO:0014850|response to muscle activity;GO:0001501|skeletal system development;	GO:0031012|extracellular matrix;GO:0005615|extracellular space;GO:0031594|neuromuscular junction;GO:0005578|proteinaceous extracellular matrix;GO:0005802|trans-Golgi network;	GO:0050839|cell adhesion molecule binding;GO:0008201|heparin binding;GO:0046872|metal ion binding;	.	.	204.2148644	206.8069312	253.8360714	267.79097	211.7945705	443.2448829	12.18453874	6.9843457	16.26956566	7.400711624	10.47869511	3.479562084	277.5236992	166.8298516	187.7090553	195.257381	149.4292343	202.8299663	20.38409704	14.79934175	14.92401062	10.64986463	16.47345903	7.744876505	259.7108476	185.3375198	246.6927995	201.2654732	175.8756879	272.9119732	14.93676077	23.24353772	11.28013887	17.11045462	16.10349213	20.11745738	204.7926323	292.8400185	139.3107705	274.9732435	211.6420605	178.030758	18.82519938	12.49040631	20.35488162	5.846004822	18.72270131	10.58429547
col1a1	protein_coding	chrNC_030686.1:13936262-13962423:+	gi|58332412|ref|NP_001011005.1|	1566	0	collagen alpha-1(I) chain precursor [Xenopus tropicalis]	gi|58332411|ref|NM_001011005.1|	5663	0	Xenopus (Silurana) tropicalis collagen, type I, alpha 1 (col1a1), mRNA	Q9YIB4	60.8	1.00E-07	Collagen alpha-1(I) chain	.	.	.	.	pfam01410	COLFI	Fibrillar collagen C-terminal domain. Found at C-termini of fibrillar collagens: Ephydatia muelleri procollagen EMF1 alpha, vertebrate collagens alpha(1)III, alpha(1)II, alpha(2)V etc.	.	GO:0005581|collagen trimer;GO:0005578|proteinaceous extracellular matrix;	GO:0005201|extracellular matrix structural constituent;GO:0046872|metal ion binding;	.	.	307.3608065	596.4435474	343.9676991	445.0445246	272.3699121	368.6885579	15.10851006	7.168945137	8.784096038	20.78061075	18.42239262	12.4011406	301.6402138	72.35917013	157.9519724	217.3358022	217.3277057	152.1489378	6.272110361	60.90141491	4.709278556	4.959954604	7.035130652	2.065062765	247.4974163	244.5179056	218.220909	262.1995171	174.5515488	221.6330845	6.60642036	16.77768988	5.195124318	9.627210293	4.690777621	6.691860953	157.2419663	550.1796271	174.7473504	575.9117423	343.8065042	331.8008802	4.577157859	8.724651261	5.162615536	5.237565586	15.78883546	6.689671111
kitlg	protein_coding	chrNC_030679.1:45163481-45200603:-	gi|847110277|ref|XP_012814626.1|	1520	0	PREDICTED: kit ligand isoform X1 [Xenopus tropicalis]	gi|847110276|ref|XM_012959172.1|	4614	0	PREDICTED: Xenopus (Silurana) tropicalis KIT ligand (kitlg), transcript variant X1, mRNA	Q09108	166	3.00E-43	Kit ligand	.	.	.	.	pfam02404	SCF	Stem cell factor. Stem cell factor (SCF) is a homodimer involved in hematopoiesis. SCF binds to and activates the SCF receptor (SCFR), a receptor tyrosine kinase. The crystal structure of human SCF has been resolved and a potential receptor-binding site identified.	GO:0007155|cell adhesion;GO:0035234|ectopic germ cell programmed cell death;GO:0035162|embryonic hemopoiesis;GO:0097192|extrinsic apoptotic signaling pathway in absence of ligand;GO:0008584|male gonad development;GO:0033026|negative regulation of mast cell apoptotic process;GO:0001755|neural crest cell migration;GO:0045740|positive regulation of DNA replication;GO:1902035|positive regulation of hematopoietic stem cell proliferation;GO:0002687|positive regulation of leukocyte migration;GO:0043406|positive regulation of MAP kinase activity;GO:0070668|positive regulation of mast cell proliferation;GO:0045636|positive regulation of melanocyte differentiation;GO:0002763|positive regulation of myeloid leukocyte differentiation;GO:0050731|positive regulation of peptidyl-tyrosine phosphorylation;GO:0046579|positive regulation of Ras protein signal transduction;	GO:0005737|cytoplasm;GO:0005856|cytoskeleton;GO:0005615|extracellular space;GO:0030175|filopodium;GO:0016021|integral component of membrane;GO:0030027|lamellipodium;GO:0005886|plasma membrane;	.	K05461	KITLG; KIT ligand	6.048985205	5.875812666	8.267592599	6.393576923	5.168610309	6.058715357	1.105904618	0.223456724	1.128198566	0.47380519	0.637851451	0.077308954	4.379268879	1.698299786	3.680654202	3.700623513	2.179218503	2.268762972	1.295872238	1.190645416	1.000181334	0.632268635	0.866178567	0.508508852	2.497380599	5.365545479	3.384423271	5.357146642	4.721210792	4.536279908	0.31234366	1.171815756	0.167956284	1.052751588	0.31732824	0.983333825	5.015221398	6.017493174	2.472303783	3.552198198	6.041556261	4.676793554	1.250732233	0.689470818	2.516841825	0.524724638	1.812731139	1.038446984
adamtsl1	protein_coding	chrNC_030677.1:106483293-106668957:+	gi|847092735|ref|XP_012808484.1|	9168	0	PREDICTED: ADAMTS-like protein 1 isoform X1 [Xenopus tropicalis]	gi|847092734|ref|XM_012953030.1|	5479	0	PREDICTED: Xenopus (Silurana) tropicalis ADAMTS-like 1 (adamtsl1), transcript variant X1, mRNA	Q8N6G6	2458	0	ADAMTS-like protein 1	.	.	.	.	pfam07679	I-set	Immunoglobulin I-set domain.	GO:0036066|protein O-linked fucosylation;	GO:0005788|endoplasmic reticulum lumen;GO:0005578|proteinaceous extracellular matrix;	GO:0008237|metallopeptidase activity;GO:0008270|zinc ion binding;	.	.	4.357986964	3.264386494	3.917419953	3.470809007	3.283800955	2.695483218	0.297086249	0.088822825	0.212076181	0.178422604	0.176030909	0.072434732	3.722760902	2.292809626	3.394885436	2.935464402	3.179865435	3.17531886	0.385200277	0.261794997	0.23705835	0.149743165	0.275868697	0.126227802	2.897398334	3.921718708	3.226757372	3.831434481	2.875771866	4.636662291	0.272697361	0.452993914	0.143060794	0.730649677	0.181636185	0.517775601	2.21086205	3.590369053	3.537818023	3.072218807	2.575494303	3.463267946	0.477566739	0.169134713	0.347817433	0.127026985	0.331852779	0.370772291
loxl1	protein_coding	chrNC_030679.1:82947858-82954271:+	gi|156717522|ref|NP_001096301.1|	2232	0	lysyl oxidase homolog 1 precursor [Xenopus tropicalis]	gi|156717521|ref|NM_001102831.1|	2300	0	Xenopus tropicalis lysyl oxidase like 1 (loxl1), mRNA	Q08397	84.3	2.00E-15	Lysyl oxidase homolog 1	.	.	.	.	pfam01186	Lysyl_oxidase	Lysyl oxidase.	GO:0035904|aorta development;GO:0030198|extracellular matrix organization;GO:0055114|oxidation-reduction process;GO:0018277|protein deamination;GO:0032496|response to lipopolysaccharide;	GO:0001669|acrosomal vesicle;GO:0005604|basement membrane;GO:0005576|extracellular region;GO:0005615|extracellular space;	GO:0005507|copper ion binding;GO:0016641|oxidoreductase activity, acting on the CH-NH2 group of donors, oxygen as acceptor;	K14678	LOXL1; lysyl oxidase-like protein 1 [EC:1.4.3.-]	31.52388038	60.78963239	42.82890574	52.17937691	24.63988456	43.5182378	10.29403555	5.054416011	9.857335198	8.77763177	8.187542095	9.975160132	23.16113223	19.0178727	14.76417	22.20909525	19.32167752	12.8777389	8.407161627	8.413576459	6.221533618	4.670342742	6.269194067	2.156334927	27.03056365	35.47046528	23.7007868	24.04583954	24.36083912	28.64839256	6.133993892	12.23333274	7.663579761	8.523984731	5.473450541	7.888873539	21.91161057	52.52338459	28.07786443	53.73961368	38.1284512	32.06424033	12.36962137	8.462941437	13.41811775	8.585460173	8.546595992	8.102776006
ptn	protein_coding	chrNC_030679.1:1055144-1089135:-	gi|134026006|gb|AAI35416.1|	672	5.00E-85	ptn protein, partial [Xenopus tropicalis]	gi|847110852|ref|XM_004912472.2|	945	0	PREDICTED: Xenopus (Silurana) tropicalis pleiotrophin (ptn), transcript variant X1, mRNA	P48532	224	4.00E-71	Pleiotrophin-A	.	.	.	.	pfam01091	PTN_MK_C	PTN/MK heparin-binding protein family, C-terminal domain.	GO:0042742|defense response to bacterium;GO:0007275|multicellular organism development;GO:0051781|positive regulation of cell division;GO:0008284|positive regulation of cell proliferation;GO:0009617|response to bacterium;	GO:0005615|extracellular space;	GO:0035374|chondroitin sulfate binding;GO:0008083|growth factor activity;GO:0008201|heparin binding;	K16642	PTN; pleiotrophin	7.013058128	2.27334914	7.36076372	2.664232017	9.137786498	4.079059897	0	0	0	0	0	0	12.36269585	2.83617562	7.59754559	1.536434231	3.305684817	7.827761842	0	0	0	0	0	0	9.330464824	1.831416051	2.015681302	5.785882179	4.024967266	2.969540376	0.127223577	0.073431244	0.068411823	0	0	0	6.737643237	5.782552213	31.11682093	6.520774204	21.29574814	4.354166677	0	0	0.062764779	0	0	0
fstl3	protein_coding	chrNC_030677.1:86769983-86794699:+	gi|62751528|ref|NP_001015870.1|	1295	1.00E-171	follistatin-related protein 3 precursor [Xenopus tropicalis]	gi|62751527|ref|NM_001015870.1|	2172	0	Xenopus (Silurana) tropicalis follistatin-like 3 (secreted glycoprotein) (fstl3), mRNA	Q1LZB9	304	5.00E-96	Follistatin-related protein 3	.	.	.	.	pfam07648	Kazal_2	Kazal-type serine protease inhibitor domain. Usually indicative of serine protease inhibitors. However, kazal-like domains are also seen in the extracellular part of agrins, which are not known to be protease inhibitors. Kazal domains often occur in tandem arrays. Small alpha+beta fold containing three disulphides.	GO:0002244|hematopoietic progenitor cell differentiation;GO:0032926|negative regulation of activin receptor signaling pathway;GO:0030514|negative regulation of BMP signaling pathway;GO:0045671|negative regulation of osteoclast differentiation;GO:0001503|ossification;GO:0022409|positive regulation of cell-cell adhesion;GO:0045944|positive regulation of transcription from RNA polymerase II promoter;GO:0006351|transcription, DNA-templated;	GO:0005615|extracellular space;GO:0005654|nucleoplasm;	.	.	.	2.843220923	6.066451019	6.917491209	4.949933831	3.641602435	5.39517646	1.296521329	1.53121811	1.047943887	2.253841048	0.37980941	0.520619331	6.454556674	4.484432782	5.114265678	6.836688605	5.337493855	2.459690358	3.740036947	1.825424284	1.41799803	3.148307588	2.028897356	0.370765965	5.00573062	7.585705046	5.080484592	5.776968527	8.113867024	4.651186169	1.328467185	5.942453828	6.875671699	1.603086737	1.349667716	4.21402226	4.022924253	5.715106852	2.72739528	5.537427738	5.466595017	3.721188717	1.436915035	0.850417178	0.710004891	1.057154595	0.920590982	0.635285445
igf1	protein_coding	chrNC_030679.1:39667842-39729794:-	gi|301614806|ref|XP_002936875.1|	755	1.00E-95	PREDICTED: insulin-like growth factor I [Xenopus tropicalis]	gi|847113704|ref|XM_002936829.3|	1307	0	PREDICTED: Xenopus (Silurana) tropicalis insulin-like growth factor 1 (somatomedin C) (igf1), mRNA	P16501	275	2.00E-89	Insulin-like growth factor I-A	.	.	.	.	pfam00049	Insulin	Insulin/IGF/Relaxin family. Superfamily includes insulins; relaxins; insulin-like growth factor; and bombyxin. All are secreted regulatory hormones. Disulfide rich, all-alpha fold. Alignment includes B chain, linker (which is processed out of the final product), and A chain.	GO:0060323|head morphogenesis;GO:0007275|multicellular organism development;GO:0043066|negative regulation of apoptotic process;GO:0090201|negative regulation of release of cytochrome c from mitochondria;GO:0030178|negative regulation of Wnt signaling pathway;	GO:0005576|extracellular region;GO:0005615|extracellular space;	GO:0008083|growth factor activity;	K05459	IGF1; insulin-like growth factor 1	4.893225728	2.460106724	4.207839126	4.776935794	2.27611692	7.657604826	24.45459409	13.66088988	20.30904626	23.61325987	15.75433061	22.04588862	2.791993447	2.733937117	2.98449388	2.562983845	2.384833109	4.194487768	4.607070618	13.22912583	3.650227225	9.415826194	1.385720705	4.610899815	2.079467613	3.257157717	3.875272015	1.936992497	2.698591758	4.42437121	6.554532084	4.197755454	2.848619267	1.255354266	2.977453666	3.700470316	1.315239178	4.836787512	3.30476761	6.376320546	3.356585247	4.22531391	6.050235865	48.85215357	23.21124968	49.49152005	33.13250947	29.44286751
lum	protein_coding	chrNC_030679.1:46030704-46040500:-	gi|58332414|ref|NP_001011006.1|	1735	0	lumican precursor [Xenopus tropicalis]	gi|58332413|ref|NM_001011006.1|	2090	0	Xenopus (Silurana) tropicalis lumican (lum), mRNA	Q9DE67	476	2.00E-161	Lumican	alr0124_1	80.9	3.00E-15	COG4886	pfam13855	LRR_8	Leucine rich repeat.	GO:0030199|collagen fibril organization;GO:0007601|visual perception;	GO:0005578|proteinaceous extracellular matrix;	.	K08122	LUM; lumican	63.79638675	109.5199254	101.4308317	143.9595602	76.51718046	150.5418664	2.065122119	1.534220152	2.117760016	6.824119633	2.702710384	1.421763254	107.4579936	42.94519124	56.82697538	69.5915015	64.04626135	70.16187872	4.40647988	27.62047591	1.791415863	2.212126061	2.908883817	1.090154682	83.93828528	79.91099119	80.40176357	88.61911384	59.66778397	63.49254724	2.067914998	5.735741464	1.019313284	2.810901943	1.34458631	2.630424034	45.82537114	131.6062468	23.59753719	85.23881837	106.5677698	79.58498211	0.634532424	1.308558293	0.736803929	0.67042357	4.060188895	1.475496083
col8a1	protein_coding	chrNC_030678.1:23657814-23704186:-	gi|301623466|ref|XP_002941034.1|	991	6.00E-117	PREDICTED: collagen alpha-1(VIII) chain [Xenopus tropicalis]	gi|847106556|ref|XM_002940988.3|	2900	0	PREDICTED: Xenopus (Silurana) tropicalis collagen, type VIII, alpha 1 (col8a1), mRNA	P14282	285	4.00E-81	Collagen alpha-1(VIII) chain	.	.	.	.	pfam00386	C1q	C1q domain. C1q is a subunit of the C1 enzyme complex that activates the serum complement system.	GO:0001525|angiogenesis;GO:0007155|cell adhesion;	GO:0005604|basement membrane;GO:0005581|collagen trimer;	.	.	.	9.920093111	7.824019682	6.865954042	11.64979601	1.432524492	14.85205423	0	0	0	0.078410167	0.020056064	0	2.226800083	6.140989599	2.512892815	3.347014386	1.252289721	3.403664314	0	0.065298231	0	0	0	0	4.219619227	2.803974023	4.829004805	2.576788392	2.287162305	5.476163975	0	0.023618967	0	0	0.019955604	0	2.328528449	17.08391872	3.328117025	21.30240618	3.835844084	3.27618438	0	0.02167914	0.040376253	0	0.021267908	0
LOC101733634	protein_coding	chrNC_030683.1:32196004-32205067:+	gi|512852418|ref|XP_004915979.1|	590	4.00E-75	PREDICTED: beta-microseminoprotein-like isoform X2 [Xenopus tropicalis]	gi|847147041|ref|XM_012966838.1|	647	0	PREDICTED: Xenopus (Silurana) tropicalis beta-microseminoprotein-like (LOC101733634), transcript variant X1, mRNA	O02826	86.3	6.00E-20	Beta-microseminoprotein	.	.	.	.	pfam05825	PSP94	Beta-microseminoprotein (PSP-94). This family consists of the mammalian specific protein beta-microseminoprotein. Prostatic secretory protein of 94 amino acids (PSP94), also called beta-microseminoprotein, is a small, nonglycosylated protein, rich in cysteine residues. It was first isolated as a major protein from human seminal plasma. The exact function of this protein is unknown.	.	GO:0005576|extracellular region;	.	.	.	5.818463695	23.59179668	22.81461204	17.25946224	10.36639645	10.67631493	4.773280099	66.87052851	18.16157348	143.5609006	3.092259202	68.27742378	20.1443461	17.53374873	5.627946989	18.85623829	12.64930415	6.190321865	219.1147282	228.5747773	16.4945399	86.3902945	12.17151619	9.978252549	14.68936153	25.32960526	44.42726135	10.32057869	52.67367877	11.81755864	109.0098343	172.7732264	183.20407	63.00822265	254.0044736	221.7038134	8.195320502	6.982333454	10.09200441	12.44590847	17.79716095	17.13739071	81.89158923	168.053788	2.593850566	83.30665871	10.4749096	40.70748258
pthlh	protein_coding	chrNC_030679.1:1940371-1945023:-	gi|512828504|ref|XP_004912801.1|	759	3.00E-97	PREDICTED: parathyroid hormone-related protein [Xenopus tropicalis]	gi|847112539|ref|XM_004912744.2|	1093	0	PREDICTED: Xenopus (Silurana) tropicalis parathyroid hormone-like hormone (pthlh), mRNA	P17251	121	5.00E-31	Parathyroid hormone-related protein	.	.	.	.	pfam01279	Parathyroid	Parathyroid hormone family.	GO:0007189|adenylate cyclase-activating G-protein coupled receptor signaling pathway;GO:1903042|negative regulation of chondrocyte hypertrophy;GO:0002076|osteoblast development;GO:1902733|regulation of growth plate cartilage chondrocyte differentiation;GO:0003420|regulation of growth plate cartilage chondrocyte proliferation;	GO:0005737|cytoplasm;GO:0005615|extracellular space;GO:0005634|nucleus;	GO:0005179|hormone activity;GO:0051428|peptide hormone receptor binding;	.	.	36.65625097	39.76905053	39.07535163	45.88275145	69.9755471	56.35708271	0.0	0.0	0.054801708	0.0	0.0	0.0	14.59770839	42.34422288	77.3381326	41.30085495	64.27485245	88.7963972	0.279404834	0.117015068	0.0	0.065169679	0.318300553	0.122797145	24.07985083	36.35553553	32.87175128	58.55411307	33.34959726	83.69865541	0.054998298	0.063488129	0.059148374	0.109849651	0.536409566	0.0	28.63081954	43.14429396	58.50832441	33.14763425	41.97970627	67.96413985	0.30376861	0.174821539	0.271329901	0.058354676	0.285842237	0.060115888
itih5	protein_coding	chrNC_030679.1:74205112-74247753:+	gi|166796269|gb|AAI59125.1|	5217	0	LOC779593 protein, partial [Xenopus tropicalis]	gi|847114745|ref|XM_012960038.1|	4830	0	PREDICTED: Xenopus (Silurana) tropicalis inter-alpha-trypsin inhibitor heavy chain family, member 5 (itih5), transcript variant X1, mRNA	Q8BJD1	1070	0	Inter-alpha-trypsin inhibitor heavy chain H5	alr4412	85.1	1.00E-15	COG2304	pfam06668	ITI_HC_C	Inter-alpha-trypsin inhibitor heavy chain C-terminus. This family represents the C-terminal region of inter-alpha-trypsin inhibitor heavy chains. Inter-alpha-trypsin inhibitors are glycoproteins with a high inhibitory activity against trypsin, built up from different combinations of four polypeptides: bikunin and the three heavy chains that belong to this family (HC1, HC2, HC3). The heavy chains do not have any protease inhibitory properties but have the capacity to interact in vitro and in vivo with hyaluronic acid, which promotes the stability of the extra-cellular matrix. All family members contain the pfam00092 domain.	GO:0030212|hyaluronan metabolic process;	GO:0005576|extracellular region;	GO:0004867|serine-type endopeptidase inhibitor activity;	.	.	7.671398565	10.89724968	11.86683125	7.973911805	9.209566698	6.783653959	6.074379405	0.902267566	4.886111171	0.822746682	3.501323765	0.505199876	12.95088374	13.8590639	13.93922126	6.77731463	19.56103059	10.29520851	11.24187372	3.41589514	9.024257408	2.049903483	13.88968936	2.223060528	9.443321051	9.259002539	6.513944597	9.912435271	12.08802669	6.662099279	2.028662908	8.663290431	1.017254066	9.732030912	8.582008873	4.317183446	6.212530894	9.134756394	8.807019177	8.238924766	11.91635994	6.541391707	5.842986075	1.793434932	13.50807203	0.963987831	7.632757065	3.958724597
apoe	protein_coding	chrNC_030683.1:101372175-101377797:+	gi|49522289|gb|AAH75258.1|	1238	1.00E-164	apoe protein, partial [Xenopus tropicalis]	gi|847105036|ref|XM_002941039.3|	1749	0	PREDICTED: Xenopus (Silurana) tropicalis apolipoprotein E (apoe), transcript variant X4, mRNA	O42364	132	3.00E-33	Apolipoprotein Eb	.	.	.	.	pfam01442	Apolipoprotein	Apolipoprotein A1/A4/E domain. These proteins contain several 22 residue repeats which form a pair of alpha helices. This family includes: Apolipoprotein A-I. Apolipoprotein A-IV, and Apolipoprotein E.	GO:0006695|cholesterol biosynthetic process;GO:0006707|cholesterol catabolic process;GO:0033344|cholesterol efflux;GO:0042632|cholesterol homeostasis;GO:0034380|high-density lipoprotein particle assembly;GO:0042159|lipoprotein catabolic process;GO:0043524|negative regulation of neuron apoptotic process;GO:0031102|neuron projection regeneration;GO:0033700|phospholipid efflux;GO:0010873|positive regulation of cholesterol esterification;GO:0046889|positive regulation of lipid biosynthetic process;GO:0051000|positive regulation of nitric-oxide synthase activity;GO:0030516|regulation of axon extension;GO:1900221|regulation of amyloid-beta clearance;GO:0032374|regulation of cholesterol transport;GO:0043691|reverse cholesterol transport;GO:0019433|triglyceride catabolic process;GO:0034372|very-low-density lipoprotein particle remodeling;	GO:0072562|blood microparticle;GO:0042627|chylomicron;GO:0034364|high-density lipoprotein particle;GO:0034363|intermediate-density lipoprotein particle;	GO:0001540|amyloid-beta binding;GO:0015485|cholesterol binding;GO:0017127|cholesterol transporter activity;GO:0050750|low-density lipoprotein particle receptor binding;GO:0060228|phosphatidylcholine-sterol O-acyltransferase activator activity;GO:0005543|phospholipid binding;GO:0070326|very-low-density lipoprotein particle receptor binding;	K04524	APOE; apolipoprotein E	2.25603892	71.06444835	13.10865421	11.26686354	22.25161677	4.492964504	70.98252282	3.029478968	25.74059487	9.190922897	56.80650823	2.431168701	9.272021888	1.531005849	3.430911612	4.493248502	21.36271806	2.387552632	292.3821532	28.56098168	179.8572745	6.905785257	223.0290021	5.409628908	2.99701463	16.43965231	3.327100729	5.956055184	14.43266449	3.192741123	5.238617877	205.569687	13.20448792	194.387364	70.60455853	84.0364962	7.52609085	7.091710275	1.943690628	7.319118458	18.04919046	13.08651198	77.07327703	4.544566532	86.41694773	4.411912251	77.83412487	49.31578744
svep1	protein_coding	chrNC_030677.1:103624968-103803060:+	gi|847092916|ref|XP_012808841.1|	19268	0	PREDICTED: sushi, von Willebrand factor type A, EGF and pentraxin domain-containing protein 1 isoform X1 [Xenopus tropicalis]	gi|847092915|ref|XM_012953387.1|	11625	0	PREDICTED: Xenopus (Silurana) tropicalis sushi, von Willebrand factor type A, EGF and pentraxin domain containing 1 (svep1), transcript variant X1, mRNA	P0C6B8	54.7	2.00E-07	Sushi, von Willebrand factor type A, EGF and pentraxin domain-containing protein 1	.	.	.	.	pfam00092	VWA	von Willebrand factor type A domain.	GO:0007155|cell adhesion;	GO:0005737|cytoplasm;GO:0005576|extracellular region;GO:0016020|membrane;	GO:0005509|calcium ion binding;GO:0003682|chromatin binding;	K17495	CSMD; CUB and sushi domain-containing protein	9.618179454	13.45757796	14.34930327	9.100105603	6.003909807	8.367349003	0.603678707	0.464631365	0.659005607	0.676447985	0.600110484	0.256606495	11.50855598	7.731511251	6.948506783	13.06493971	6.780929738	5.901225824	0.830899129	2.533799847	0.403158459	1.334379699	0.780185763	0.299324887	10.40362817	13.51923228	10.08786209	12.2249739	15.50900495	13.09604392	0.571995386	2.022143171	1.980037111	1.472705571	0.915269757	0.946433001	9.501605776	13.59091777	8.52626509	10.61317447	10.52700503	11.68895659	0.863861745	0.53503899	0.537923832	0.346124087	0.673531176	0.576374263
ndp	protein_coding	chrNC_030678.1:69268312-69285424:+	gi|301606442|ref|XP_002932837.1|	700	2.00E-89	PREDICTED: norrin [Xenopus tropicalis]	gi|847107595|ref|XM_002932791.3|	955	0	PREDICTED: Xenopus (Silurana) tropicalis Norrie disease (pseudoglioma) (ndp), mRNA	Q60HE4	210	4.00E-66	Norrin	.	.	.	.	pfam00007	Cys_knot	Cystine-knot domain. The family comprises glycoprotein hormones and the C-terminal domain of various extracellular proteins. It is believed to be involved in disulfide-linked dimerization.	GO:0016055|Wnt signaling pathway;	GO:0005615|extracellular space;	.	.	.	3.39095213	1.274741847	11.216879	6.982723279	4.862979694	7.426878899	0.0	0.240173731	0.0	0.120612079	0.0	0.186958146	3.844733684	1.16366138	2.978826282	3.109798461	1.526499481	2.15160993	0.191867738	0.0	0.140218153	0.223760605	0.182147908	0.0	3.401544492	4.349373406	3.78281407	3.082852244	2.323312257	3.852628823	0.818294054	1.089934953	0.338477345	0.18858482	0.184176646	0.576489791	3.759105063	4.803655939	2.615739471	5.36412139	4.284793723	3.30836879	0.069532794	0.06669457	0.0	0.200361237	0.0	0.0
enpp3	protein_coding	chrNC_030681.1:44518998-44565428:-	gi|512842442|ref|XP_002936359.2|	4434	0	PREDICTED: ectonucleotide pyrophosphatase/phosphodiesterase family member 3 isoform X1 [Xenopus tropicalis]	gi|847130992|ref|XM_002936313.3|	3570	0	PREDICTED: Xenopus (Silurana) tropicalis ectonucleotide pyrophosphatase/phosphodiesterase 3 (enpp3), transcript variant X1, mRNA	O14638	1100	0	Ectonucleotide pyrophosphatase/phosphodiesterase family member 3	CC1277	172	1.00E-44	COG1524	pfam01663	Phosphodiest	Type I phosphodiesterase / nucleotide pyrophosphatase. This family consists of phosphodiesterases, including human plasma-cell membrane glycoprotein PC-1 / alkaline phosphodiesterase i / nucleotide pyrophosphatase (nppase). These enzymes catalyse the cleavage of phosphodiester and phosphosulfate bonds in NAD, deoxynucleotides and nucleotide sugars. Also in this family is ATX an autotaxin, tumor cell motility-stimulating protein which exhibits type I phosphodiesterases activity. The alignment encompasses the active site. Also present with in this family is 60-kDa Ca2+-ATPase form F. odoratum.	GO:0006955|immune response;GO:0009143|nucleoside triphosphate catabolic process;GO:0006796|phosphate-containing compound metabolic process;	GO:0070062|extracellular exosome;GO:0016021|integral component of membrane;GO:0048471|perinuclear region of cytoplasm;	GO:0046872|metal ion binding;GO:0035529|NADH pyrophosphatase activity;GO:0003676|nucleic acid binding;GO:0047429|nucleoside-triphosphate diphosphatase activity;GO:0004528|phosphodiesterase I activity;GO:0030247|polysaccharide binding;GO:0005044|scavenger receptor activity;	K01513	ENPP1_3; ectonucleotide pyrophosphatase/phosphodiesterase family member 1/3 [EC:3.1.4.1 3.6.1.9]	23.59917448	22.41964062	28.01068448	35.88083963	33.54927016	31.73579421	1.705548719	3.050932752	3.069555516	1.177327231	1.8976036	1.349962418	34.11771706	77.78179335	50.56727526	27.72199692	48.09396499	53.49390733	6.756026088	3.348757595	10.04968748	1.476072243	11.41489128	8.569459451	46.96930332	33.69292675	32.18873254	40.79082457	31.04866061	37.61528686	2.895396277	3.672693164	0.724157635	11.81828131	0.853748924	3.56522451	27.76918875	33.68432473	41.17249479	29.23131471	32.93028744	26.85155819	4.518658031	1.409065197	1.976536891	1.76823982	1.609809686	3.900815791
c1qtnf2	protein_coding	chrNC_030679.1:14192535-14197393:+	gi|847112639|ref|XP_012815122.1|	1406	0	PREDICTED: complement C1q tumor necrosis factor-related protein 2 isoform X1 [Xenopus tropicalis]	gi|847112638|ref|XM_012959668.1|	2235	0	PREDICTED: Xenopus (Silurana) tropicalis C1q and tumor necrosis factor related protein 2 (c1qtnf2), transcript variant X1, mRNA	Q9D8U4	342	4.00E-109	Complement C1q tumor necrosis factor-related protein 2	.	.	.	.	pfam00386	C1q	C1q domain. C1q is a subunit of the C1 enzyme complex that activates the serum complement system.	GO:0000187|activation of MAPK activity;GO:0046321|positive regulation of fatty acid oxidation;GO:0046326|positive regulation of glucose import;GO:0045725|positive regulation of glycogen biosynthetic process;GO:0070208|protein heterotrimerization;GO:0051260|protein homooligomerization;GO:0070206|protein trimerization;	GO:0005581|collagen trimer;GO:0005615|extracellular space;	GO:0042802|identical protein binding;GO:0005102|receptor binding;	.	.	2.843104569	6.157781908	5.368664411	6.02252112	4.717927913	5.07709498	0.57687813	0.505105303	0.703503129	0.507314439	0.66735208	0.224679148	3.052299823	1.892012106	3.409370924	3.488087703	3.348669812	2.901755255	0.512398462	0.482834406	0.926798465	0.268906935	0.753983336	0.253346375	3.058932414	4.617104341	2.121485911	4.528154757	3.456845838	3.426680191	0.22693719	0.553044455	0.650830599	0.302178696	0.245929386	0.779403799	2.699164294	3.141109528	3.442876167	4.391023281	4.699089057	4.376540226	0.47351716	0.427471907	0.422951416	0.160524314	0.733885554	0.661476503
bmp5	protein_coding	chrNC_030681.1:88268189-88340156:-	gi|301610724|ref|XP_002934893.1|	2441	0	PREDICTED: bone morphogenetic protein 5 [Xenopus tropicalis]	gi|847130080|ref|XM_002934847.3|	2793	0	PREDICTED: Xenopus (Silurana) tropicalis bone morphogenetic protein 5 (bmp5), transcript variant X1, mRNA	P22003	776	0	Bone morphogenetic protein 5	.	.	.	.	pfam00688	TGFb_propeptide	TGF-beta propeptide. This propeptide is known as latency associated peptide (LAP) in TGF-beta. LAP is a homodimer which is disulfide linked to TGF-beta binding protein.	GO:1905069|allantois development;GO:0030509|BMP signaling pathway;GO:0048738|cardiac muscle tissue development;GO:0060411|cardiac septum morphogenesis;GO:0051216|cartilage development;GO:0060710|chorio-allantoic fusion;GO:0003272|endocardial cushion formation;GO:0040007|growth;GO:0061384|heart trabecula morphogenesis;GO:0030902|hindbrain development;GO:0030539|male genitalia development;GO:0032348|negative regulation of aldosterone biosynthetic process;GO:0008285|negative regulation of cell proliferation;GO:2000065|negative regulation of cortisol biosynthetic process;GO:0010719|negative regulation of epithelial to mesenchymal transition;GO:1902042|negative regulation of extrinsic apoptotic signaling pathway via death domain receptors;GO:0043569|negative regulation of insulin-like growth factor receptor signaling pathway;GO:0071676|negative regulation of mononuclear cell migration;GO:0010894|negative regulation of steroid biosynthetic process;GO:0021502|neural fold elevation formation;GO:0001503|ossification;GO:0007389|pattern specification process;GO:0003344|pericardium morphogenesis;GO:0060037|pharyngeal system development;GO:1900006|positive regulation of dendrite development;GO:2000105|positive regulation of DNA-dependent DNA replication;GO:0050679|positive regulation of epithelial cell proliferation;GO:0010862|positive regulation of pathway-restricted SMAD protein phosphorylation;GO:0045944|positive regulation of transcription from RNA polymerase II promoter;GO:0042981|regulation of apoptotic process;GO:0043408|regulation of MAPK cascade;GO:0001501|skeletal system development;GO:0060395|SMAD protein signal transduction;GO:0003323|type B pancreatic cell development;	GO:0005615|extracellular space;	GO:0070700|BMP receptor binding;GO:0005125|cytokine activity;GO:0005160|transforming growth factor beta receptor binding;	K04663	BMP5; bone morphogenetic protein 5	3.77497148	4.333037646	15.91419254	11.86479265	6.884950021	10.51661382	0.070343075	0.0	0.021445853	0.0	0.12658371	0.021308632	10.23009762	6.436397083	12.24671752	4.371433688	7.257593733	6.375996488	0.04373641	0.022896074	0.095888533	0.025503208	0.06228115	0.09610976	15.19121414	15.88787849	15.87407818	17.97003314	16.61433857	18.53171814	0.021522786	0.024845158	0.0	0.042988066	0.02099161	0.024639624	6.184167025	16.66650387	5.059691847	13.71613162	11.00013457	7.366071445	0.0	0.0	0.042472407	0.0	0.067116126	0.0
adamts1	protein_coding	chrNC_030678.1:13984311-13993034:+	gi|188528959|ref|NP_001120905.1|	4938	0	A disintegrin and metalloproteinase with thrombospondin motifs 1 precursor [Xenopus tropicalis]	gi|188528958|ref|NM_001127433.1|	4466	0	Xenopus tropicalis ADAM metallopeptidase with thrombospondin type 1 motif 1 (adamts1), mRNA	Q9UHI8	1370	0	A disintegrin and metalloproteinase with thrombospondin motifs 1	.	.	.	.	pfam05986	ADAM_spacer1	ADAM-TS Spacer 1. This family represents the Spacer-1 region from the ADAM-TS family of metalloproteinases.	GO:0060347|heart trabecula formation;GO:0007229|integrin-mediated signaling pathway;GO:0001822|kidney development;GO:0008285|negative regulation of cell proliferation;GO:0001542|ovulation from ovarian follicle;	GO:0005604|basement membrane;GO:0005737|cytoplasm;GO:0031410|cytoplasmic vesicle;	GO:0008201|heparin binding;GO:0004222|metalloendopeptidase activity;GO:0008237|metallopeptidase activity;GO:0008270|zinc ion binding;	K08617	ADAMTS1; a disintegrin and metalloproteinase with thrombospondin motifs 1 [EC:3.4.24.-]	54.59982246	21.53602801	107.9265186	38.21778336	22.1477631	29.24026031	6.594368166	0.949489681	5.991166945	1.778414174	2.900746866	1.038749332	57.60147641	27.64601381	21.27923502	21.97433184	12.62876636	12.58283377	2.227723685	6.510779647	3.625622874	1.609817941	3.113918143	1.291417099	46.19465214	112.833588	55.0864652	33.91190027	40.05873665	33.95003948	2.25979135	13.94372069	2.415845126	3.935918655	3.437222237	14.75231441	11.79182997	48.00462902	51.68065048	45.20339621	29.13524245	29.61093966	1.976215669	2.65091887	4.034698086	0.842049222	3.201855193	2.131901224
pdgfrl	protein_coding	chrNC_030677.1:33242606-33275149:+	gi|71896169|ref|NP_001025586.1|	1907	0	platelet-derived growth factor receptor-like protein precursor [Xenopus tropicalis]	gi|402766827|ref|NM_001030415.2|	1597	0	Xenopus (Silurana) tropicalis platelet-derived growth factor receptor-like (pdgfrl), mRNA	Q15198	540	0	Platelet-derived growth factor receptor-like protein	.	.	.	.	pfam07679	I-set	Immunoglobulin I-set domain.	.	GO:0005576|extracellular region;	GO:0004992|platelet activating factor receptor activity;GO:0005019|platelet-derived growth factor beta-receptor activity;	.	.	23.581657	103.6561957	74.73268393	49.33329623	59.59382157	91.64576835	2.21026735	1.433536955	2.470803489	2.591652047	5.450536324	1.9714347	69.22027941	19.61111678	57.6999094	41.66050146	40.30662818	36.81494241	1.946857954	2.438045507	1.590161487	1.157494962	2.536789095	0.754972197	35.88238956	51.57450741	45.69102065	70.97441528	60.8178843	54.0976018	1.390116366	1.387850507	0.323245864	2.101149203	0.513008699	1.29034629	48.09172053	58.7350694	54.10913998	111.6422341	79.53362989	84.72766132	1.328076364	1.234057962	1.075042982	0.797270757	3.436681211	2.546133307
thbs1	protein_coding	chrNC_030684.1:98501300-98515014:+	gi|301615580|ref|XP_002937245.1|	5815	0	PREDICTED: thrombospondin-1 [Xenopus tropicalis]	gi|847159617|ref|XM_002937199.3|	5537	0	PREDICTED: Xenopus (Silurana) tropicalis thrombospondin 1 (thbs1), mRNA	P35448	2152	0	Thrombospondin-1	.	.	.	.	pfam05735	TSP_C	Thrombospondin C-terminal region. This region is found at the C-terminus of thrombospondin and related proteins.	GO:0007155|cell adhesion;GO:0006954|inflammatory response;GO:0016525|negative regulation of angiogenesis;GO:0006986|response to unfolded protein;	GO:0005783|endoplasmic reticulum;GO:0005615|extracellular space;GO:0016529|sarcoplasmic reticulum;	GO:0005509|calcium ion binding;GO:0050840|extracellular matrix binding;GO:0008201|heparin binding;	.	.	63.85834341	75.77495163	222.7603465	117.8299326	121.0941886	103.4652769	49.17914711	6.306837677	58.72994189	12.01355774	132.194841	6.92209975	77.22386877	46.00838126	92.34516464	62.87399302	70.6731175	41.41489673	19.86658692	29.65872322	23.73686681	8.477672493	28.66200574	4.932854679	68.77385287	174.0502798	92.51668748	144.6400212	142.9868349	110.8903712	10.2160854	25.94230223	12.52818539	24.85014563	15.33242025	22.81934417	44.32061483	57.70368158	74.2210254	103.8349837	79.20887562	120.9304525	15.42266755	11.48021086	89.08155112	7.383789856	52.83642743	30.73510293
anxa9	protein_coding	chrNC_030684.1:106114846-106130934:+	gi|56118278|ref|NP_001008048.1|	1764	0	annexin A9 [Xenopus tropicalis]	gi|89886037|ref|NM_001008047.2|	1661	0	Xenopus (Silurana) tropicalis annexin A9 (anxa9), mRNA	Q07936	304	3.00E-96	Annexin A2	.	.	.	.	pfam00191	Annexin	Annexin. This family of annexins also includes giardin that has been shown to function as an annexin.	GO:0001525|angiogenesis;GO:0007589|body fluid secretion;GO:0030199|collagen fibril organization;GO:0042730|fibrinolysis;GO:0006900|vesicle budding from membrane;GO:0001765|membrane raft assembly;GO:0032804|negative regulation of low-density lipoprotein particle receptor catabolic process;GO:1900121|negative regulation of receptor binding;GO:0002091|negative regulation of receptor internalization;GO:0036035|osteoclast development;GO:0051099|positive regulation of binding;GO:0048146|positive regulation of fibroblast proliferation;GO:0001934|positive regulation of protein phosphorylation;GO:0031340|positive regulation of vesicle fusion;GO:0051290|protein heterotetramerization;GO:0051917|regulation of fibrinolysis;GO:0097066|response to thyroid hormone;	GO:0005604|basement membrane;GO:0016323|basolateral plasma membrane;GO:0005938|cell cortex;GO:0009986|cell surface;GO:0005737|cytoplasm;GO:0005829|cytosol;GO:0005769|early endosome;GO:0070062|extracellular exosome;GO:0005615|extracellular space;GO:0019897|extrinsic component of plasma membrane;GO:0031902|late endosome membrane;GO:0005811|lipid droplet;GO:0005765|lysosomal membrane;GO:0044354|macropinosome;GO:0042470|melanosome;GO:0045121|membrane raft;GO:0030496|midbody;GO:0035749|myelin sheath adaxonal region;GO:0005634|nucleus;GO:1990667|PCSK9-AnxA2 complex;GO:0048471|perinuclear region of cytoplasm;GO:0005886|plasma membrane;GO:0043234|protein complex;GO:0001726|ruffle;GO:0042383|sarcolemma;GO:0043220|Schmidt-Lanterman incisure;GO:0031982|vesicle;	GO:0051015|actin filament binding;GO:0005509|calcium ion binding;GO:0005544|calcium-dependent phospholipid binding;GO:0005546|phosphatidylinositol-4,5-bisphosphate binding;GO:0019834|phospholipase A2 inhibitor activity;GO:0017137|Rab GTPase binding;GO:0030546|receptor activator activity;	K17092	ANXA2; annexin A2	14.93078037	15.98746	14.47802311	14.99384063	12.48789153	10.44357911	2.969868274	4.233934727	4.875440287	1.406322816	3.254562858	4.221413486	18.90198695	14.93637383	9.529852463	13.89003134	16.91088413	11.4685813	1.06531215	2.453846793	3.464488919	2.774674863	0.910210041	1.365582784	11.3318895	16.8641475	10.2725795	16.09813037	11.86780319	14.42989446	2.096970005	2.218947031	3.833846297	1.01218151	3.101913062	2.160579834	15.08281114	11.96293505	10.3738837	16.83406649	11.15426715	20.33421153	4.825858882	3.666068663	4.345001308	4.6352951	3.632855402	3.24713175
pm20d1	protein_coding	chrNC_030678.1:65198752-65225406:+	gi|187608159|ref|NP_001120523.1|	2611	0	probable carboxypeptidase PM20D1 precursor [Xenopus tropicalis]	gi|187608158|ref|NM_001127051.1|	3624	0	Xenopus (Silurana) tropicalis peptidase M20 domain containing 1 (pm20d1), mRNA	Q08BT9	1010	0	N-fatty-acyl-amino acid synthase/hydrolase PM20D1	RSp0487	348	9.00E-106	COG0624	pfam01546	Peptidase_M20	Peptidase family M20/M25/M40. This family includes a range of zinc metallopeptidases belonging to several families in the peptidase classification. Family M20 are Glutamate carboxypeptidases. Peptidase family M25 contains X-His dipeptidases.	GO:1990845|adaptive thermogenesis;GO:0043604|amide biosynthetic process;GO:0043605|cellular amide catabolic process;GO:0006520|cellular amino acid metabolic process;GO:0044255|cellular lipid metabolic process;GO:0097009|energy homeostasis;GO:0043171|peptide catabolic process;GO:2000275|regulation of oxidative phosphorylation uncoupler activity;	GO:0005615|extracellular space;	GO:0016811|hydrolase activity, acting on carbon-nitrogen (but not peptide) bonds, in linear amides;GO:0070573|metallodipeptidase activity;GO:0008270|zinc ion binding;	K13049	PM20D1; carboxypeptidase PM20D1 [EC:3.4.17.-]	6.01254211	10.79035568	13.19161175	7.731648793	11.3493681	3.739175287	28.97950692	24.49902938	34.6169545	18.01523796	29.25363335	19.44373209	8.640412768	5.147695505	6.385711484	8.038306484	5.504370549	4.88968502	26.47818352	16.01332074	26.50801251	16.03170552	26.63776669	19.0720194	14.43325094	10.41242364	10.98899523	7.334524296	18.0161154	7.935226831	17.28048034	38.2320671	12.08428681	30.60529512	22.78086117	27.84616516	16.27850386	6.617634685	5.173034626	10.6407578	11.4422577	4.965173717	46.2112675	28.42769716	38.65831535	19.39518616	31.02121955	47.21211941
igf2	protein_coding	chrNC_030680.1:12727882-12768659:+	gi|847116716|ref|XP_012816008.1|	1009	2.00E-122	PREDICTED: insulin-like growth factor II isoform X1 [Xenopus tropicalis]	gi|847116715|ref|XM_012960554.1|	5459	0	PREDICTED: Xenopus (Silurana) tropicalis insulin-like growth factor 2 (igf2), transcript variant X1, mRNA	Q6INW9	363	4.00E-113	Insulin-like growth factor II-B	.	.	.	.	pfam08365	IGF2_C	Insulin-like growth factor II E-peptide. This domain is found at the C-terminal domain of the insulin-like growth factor II (IGF-2, also see pfam00049) in vertebrates and seems to represent the E-peptide.	GO:0030154|cell differentiation;GO:0060323|head morphogenesis;GO:0007399|nervous system development;	GO:0005615|extracellular space;	GO:0008083|growth factor activity;	K13769	IGF2; insulin-like growth factor 2	3.156735133	6.912862435	4.455525976	3.25968507	2.528114104	4.168768127	57.80084486	8.105427602	69.66936809	19.01976542	31.91621853	6.123210045	5.608639479	3.700882137	3.822339303	4.957845995	2.48151299	3.417810186	69.17950112	62.17334785	51.77983368	14.30813252	63.66533765	10.87425426	3.933695954	4.446841673	3.301452368	4.795321512	4.819772316	4.763873429	27.09508984	46.14835881	23.79033253	24.7821989	56.59758461	27.92199169	3.920777868	5.753522283	4.092479236	6.681964187	6.244395611	3.319844693	54.51113657	31.39013631	168.2518043	25.27656445	89.78762642	54.08191561
