GeneName	Biotype	Position	NR:Seq-id	NR:Score	NR:Evalue	NR:Description	NT:Seq-id	NT:Score	NT:Evalue	NT:Description	Uniprot:UniProtKB-AC	Uniprot:Score	Uniprot:Evalue	Uniprot:Description	COG:gene	COG:Score	COG:Eval	COG:num	Pfam:pfam_ID	Pfam:pfam_Name	Pfam:pfam_Description	GO:biological_process	GO:cellular_component	GO:molecular_function	KEGG:KO	KEGG:Description	Lliv1	Lliv2	Lliv3	Lliv4	Lliv5	Lliv6	Llun1	Llun2	Llun3	Llun4	Llun5	Llun6	LMliv1	LMliv2	LMliv3	LMliv4	LMliv5	LMliv6	LMlun1	LMlun2	LMlun3	LMlun4	LMlun5	LMlun6	Mliv1	Mliv2	Mliv3	Mliv4	Mliv5	Mliv6	Mlun1	Mlun2	Mlun3	Mlun4	Mlun5	Mlun6	MLliv1	MLliv2	MLliv3	MLliv4	MLliv5	MLliv6	MLlun1	MLlun2	MLlun3	MLlun4	MLlun5	MLlun6
LOC101733634	protein_coding	chrNC_030683.1:32196004-32205067:+	gi|512852418|ref|XP_004915979.1|	590	4.00E-75	PREDICTED: beta-microseminoprotein-like isoform X2 [Xenopus tropicalis]	gi|847147041|ref|XM_012966838.1|	647	0	PREDICTED: Xenopus (Silurana) tropicalis beta-microseminoprotein-like (LOC101733634), transcript variant X1, mRNA	O02826	86.3	6.00E-20	Beta-microseminoprotein	.	.	.	.	pfam05825	PSP94	Beta-microseminoprotein (PSP-94). This family consists of the mammalian specific protein beta-microseminoprotein. Prostatic secretory protein of 94 amino acids (PSP94), also called beta-microseminoprotein, is a small, nonglycosylated protein, rich in cysteine residues. It was first isolated as a major protein from human seminal plasma. The exact function of this protein is unknown.	.	GO:0005576|extracellular region;	.	.	.	4.773280099	66.87052851	18.16157348	143.5609006	3.092259202	68.27742378	6.561923996	10.17093639	4.081630087	40.20827893	7.888839523	4.959925238	219.1147282	228.5747773	16.4945399	86.3902945	12.17151619	9.978252549	15.14794233	167.1520142	5.58859842	23.30855138	9.686247673	16.37178285	109.0098343	172.7732264	183.20407	63.00822265	254.0044736	221.7038134	18.89524313	32.14855251	15.24056595	5.319255265	67.87208276	32.57075048	81.89158923	168.053788	2.593850566	83.30665871	10.4749096	40.70748258	10.8056681	14.27179714	9.290287796	4.521785831	9.416218815	7.040333263
gpi	protein_coding	chrNC_030680.1:19407485-19430385:-	gi|58332406|ref|NP_001011010.1|	2989	0	glucose-6-phosphate isomerase [Xenopus tropicalis]	gi|58332405|ref|NM_001011010.1|	2119	0	Xenopus (Silurana) tropicalis glucose-6-phosphate isomerase (gpi), mRNA	P06744	965	0	Glucose-6-phosphate isomerase	HI1576	722	0	COG0166	pfam00342	PGI	Phosphoglucose isomerase. Phosphoglucose isomerase catalyses the interconversion of glucose-6-phosphate and fructose-6-phosphate.	GO:0046185|aldehyde catabolic process;GO:0001525|angiogenesis;GO:0061621|canonical glycolysis;GO:0005975|carbohydrate metabolic process;GO:0034101|erythrocyte homeostasis;GO:0006094|gluconeogenesis;GO:0051156|glucose 6-phosphate metabolic process;GO:0042593|glucose homeostasis;GO:0007599|hemostasis;GO:0006959|humoral immune response;GO:0001701|in utero embryonic development;GO:0007611|learning or memory;GO:0001707|mesoderm formation;GO:0019242|methylglyoxal biosynthetic process;GO:0043154|negative regulation of cysteine-type endopeptidase activity involved in apoptotic process;GO:0043524|negative regulation of neuron apoptotic process;GO:0046686|response to cadmium ion;GO:0032355|response to estradiol;GO:0035902|response to immobilization stress;GO:0043278|response to morphine;GO:0035994|response to muscle stretch;GO:0032570|response to progesterone;GO:0033574|response to testosterone;	GO:0060170|ciliary membrane;GO:0005737|cytoplasm;GO:0005829|cytosol;GO:0070062|extracellular exosome;GO:0005615|extracellular space;GO:0016020|membrane;GO:0043209|myelin sheath;GO:0043005|neuron projection;GO:0005654|nucleoplasm;GO:0005886|plasma membrane;	GO:0004347|glucose-6-phosphate isomerase activity;GO:0016866|intramolecular transferase activity;GO:0048029|monosaccharide binding;GO:0031625|ubiquitin protein ligase binding;	K01810	GPI, pgi; glucose-6-phosphate isomerase [EC:5.3.1.9]	111.4673955	202.0963752	183.4665885	329.2881209	81.43683869	131.3077871	56.52704191	150.4749012	63.13100221	147.1131855	58.82694857	88.1470924	285.6424939	130.3616592	134.002726	242.7124339	208.9921843	69.69459292	173.6905174	101.5548027	109.3782077	136.8693236	85.61191114	78.40415934	136.102025	358.017169	463.5722409	181.0012525	144.6177583	399.7809733	98.54321115	219.658727	514.7873413	94.14848518	137.7876337	173.9187225	250.6993776	206.9134778	100.8148942	161.9119034	106.7943401	157.9677177	182.9484917	93.24788511	62.16507197	98.44745291	59.77158898	71.67393209
pzp	protein_coding	chrNW_016683439.1:215644-252639:+	gi|847171590|ref|XP_012809154.1|	7670	0	PREDICTED: pregnancy-zone protein isoform X1 [Xenopus tropicalis]	gi|847171589|ref|XM_012953700.1|	4668	0	PREDICTED: Xenopus (Silurana) tropicalis pregnancy-zone protein (pzp), transcript variant X1, mRNA	A8K2U0	1187	0	Alpha-2-macroglobulin-like protein 1	.	.	.	.	pfam07678	A2M_comp	A-macroglobulin complement component. This family includes the complement components region of the alpha-2-macroglobulin family.	GO:0052548|regulation of endopeptidase activity;	GO:0070062|extracellular exosome;GO:0005615|extracellular space;	GO:0030414|peptidase inhibitor activity;GO:0004867|serine-type endopeptidase inhibitor activity;	.	.	774.7498763	743.3268297	562.9975199	1164.723128	760.417857	854.5610992	0.080343397	0.0	0.012238771	26.90568984	0.012737141	0.094031566	931.5785503	1614.37341	700.7315084	484.669192	669.4521456	304.8132195	0.06663577	10.56127977	0.037323337	0.355636184	0.383636274	0.11577029	838.8930975	1594.541843	1048.69017	1031.641565	1138.172027	994.7209259	0.040041528	61.01588382	1.459838352	0.08683775	16.84548632	0.521581206	773.7915052	761.564137	602.464247	586.0563334	481.6800566	594.6671403	0.038103345	0.062407909	0.038270742	0.012303154	0.050308815	0.025541032
igf3	protein_coding	chrNC_030683.1:103078149-103087709:-	gi|187607225|ref|NP_001120418.1|	564	2.00E-65	insulin-like growth factor 3 [Xenopus tropicalis]	gi|187607224|ref|NM_001126946.1|	2027	0	Xenopus (Silurana) tropicalis insulin-like growth factor 3 (igf3), mRNA	Q90WX8	216	5.00E-65	Insulin-like growth factor III	.	.	.	.	pfam00049	Insulin	Insulin/IGF/Relaxin family. Superfamily includes insulins; relaxins; insulin-like growth factor; and bombyxin. All are secreted regulatory hormones. Disulfide rich, all-alpha fold. Alignment includes B chain, linker (which is processed out of the final product), and A chain.	GO:0048699|generation of neurons;	GO:0005576|extracellular region;	GO:0008083|growth factor activity;	.	.	448.653674	207.7085639	654.3680472	154.5185891	372.6613585	156.765564	0.0	0.0	0.0	0.0	0.0	0.0	528.0369428	21.14938581	959.9930517	190.4125386	761.5331648	267.8107505	0.030442506	0.0	0.0	0.0	0.084805146	0.088149296	190.5739472	249.5958152	115.5714665	497.2974322	194.9347004	161.373249	0.0	0.029641711	0.084778748	0.0	0.393262718	0.0	493.3504812	414.7232475	742.540654	334.6040834	539.6830643	803.717252	0.0	0.0	0.058279875	0.028103438	0.028729435	0.0
clu	protein_coding	chrNW_016683964.1:36869-39048:+	gi|49522319|gb|AAH75303.1|	796	6.00E-101	MGC89163 protein [Xenopus tropicalis]	gi|56789335|gb|BC088762.1|	702	0	Xenopus tropicalis MGC89163 protein, mRNA (cDNA clone MGC:108473 IMAGE:6998203), complete cds	P14018	185	7.00E-54	Clusterin	.	.	.	.	pfam01093	Clusterin	Clusterin.	GO:0008219|cell death;	GO:0042583|chromaffin granule;GO:0005829|cytosol;GO:0005783|endoplasmic reticulum;GO:0005576|extracellular region;GO:0031966|mitochondrial membrane;GO:0005634|nucleus;	.	.	.	15.11293915	6.698007424	8.105890751	38.64096594	6.463252436	6.612778867	91.73243624	35.84600717	56.98002116	79.25392532	56.41998444	31.19200847	75.78183468	58.48303079	6.771717832	20.29357811	9.168370845	2.867890585	116.4714657	421.3745278	60.48718155	63.51363154	66.66989201	63.65233038	18.32508831	22.53774327	35.73202147	18.89922563	27.05979949	76.2689013	73.76955725	88.46488328	32.91315498	70.37952273	116.3552601	60.01430752	34.33701711	8.256540722	7.435212296	7.541136507	8.455962575	7.394339905	108.8883788	56.45017578	73.22227016	46.56027094	70.60139904	72.36603818
nampt	protein_coding	chrNC_030679.1:67220810-67247172:+	gi|58332628|ref|NP_001011388.1|	2559	0	nicotinamide phosphoribosyltransferase [Xenopus tropicalis]	gi|89886121|ref|NM_001011388.2|	2507	0	Xenopus (Silurana) tropicalis nicotinamide phosphoribosyltransferase (nampt), mRNA	Q52I78	887	0	Nicotinamide phosphoribosyltransferase	PM0999	392	7.00E-126	COG1488	pfam04095	NAPRTase	Nicotinate phosphoribosyltransferase (NAPRTase) family. Nicotinate phosphoribosyltransferase (EC:2.4.2.11) is the rate limiting enzyme that catalyses the first reaction in the NAD salvage synthesis. This family also includes Pre-B cell enhancing factor that is a cytokine. This family is related to Quinolinate phosphoribosyltransferase pfam01729.	GO:0032922|circadian regulation of gene expression;GO:0009435|NAD biosynthetic process;GO:0051770|positive regulation of nitric-oxide synthase biosynthetic process;GO:0045944|positive regulation of transcription from RNA polymerase II promoter;	GO:0030054|cell junction;GO:0005737|cytoplasm;GO:0070062|extracellular exosome;GO:0005615|extracellular space;GO:0005654|nucleoplasm;	GO:0047280|nicotinamide phosphoribosyltransferase activity;GO:0004514|nicotinate-nucleotide diphosphorylase (carboxylating) activity;	K03462	NAMPT; nicotinamide phosphoribosyltransferase [EC:2.4.2.12]	13.35724456	14.44323966	15.94124159	18.86289323	10.17472341	7.141801177	9.681400582	18.05186853	14.23478596	16.7934776	10.64566749	12.82325226	19.93195517	15.423675	11.72029394	16.95425979	11.89528035	4.677671519	21.71079934	19.59878594	13.91800782	25.18402879	13.29525266	10.25166421	13.85578121	33.39085873	37.50932207	15.26379392	11.00610459	26.87327138	18.04135947	39.97585583	78.12246913	14.77266615	23.70469058	23.87039629	19.98689182	12.25938641	12.84913101	8.563161559	9.89863175	10.48704412	22.5698011	13.70940355	10.28477068	19.26914179	10.79107152	12.35016104
bpi	protein_coding	chrNC_030686.1:30711073-30727760:-	gi|166795971|ref|NP_001107736.1|	2371	0	bactericidal/permeability-increasing protein precursor [Xenopus tropicalis]	gi|166795970|ref|NM_001114264.1|	1586	0	Xenopus (Silurana) tropicalis bactericidal/permeability-increasing protein (bpi), mRNA	P17453	410	2.00E-136	Bactericidal permeability-increasing protein	.	.	.	.	pfam02886	LBP_BPI_CETP_C	LBP / BPI / CETP family, C-terminal domain. The N and C terminal domains of the LBP/BPI/CETP family are structurally similar.	GO:0050829|defense response to Gram-negative bacterium;GO:0006955|immune response;	GO:0005615|extracellular space;GO:0016020|membrane;	GO:0001530|lipopolysaccharide binding;	.	.	10.32749033	6.423106756	10.5702823	7.316164171	7.669800463	6.033436538	7.237986497	6.012536554	5.077772599	10.93066115	6.140489799	6.593742915	16.70277899	4.762139811	9.804302428	7.577708422	12.73610545	2.057774309	10.04625549	6.804142711	5.198072665	9.197868088	7.846298096	3.608053287	7.410693747	14.76436709	9.95225064	8.527818147	12.36430763	18.2166535	11.6212476	17.44075223	10.66330611	10.29380563	20.23695798	16.11570873	16.95416635	6.377303043	11.24640365	5.268572714	9.658212072	9.251564361	14.1388448	7.476022231	8.274575164	7.297256424	7.09232301	7.910271691
bpi	protein_coding	chrNC_030686.1:30827952-30849637:-	gi|847168170|ref|XP_012827185.1|	2355	0	PREDICTED: bactericidal permeability-increasing protein isoform X1 [Xenopus tropicalis]	gi|847168169|ref|XM_012971731.1|	2487	0	PREDICTED: Xenopus (Silurana) tropicalis bactericidal/permeability-increasing protein (bpi), transcript variant X1, mRNA	P17213	394	9.00E-128	Bactericidal permeability-increasing protein	.	.	.	.	pfam02886	LBP_BPI_CETP_C	LBP / BPI / CETP family, C-terminal domain. The N and C terminal domains of the LBP/BPI/CETP family are structurally similar.	GO:0050829|defense response to Gram-negative bacterium;GO:0006955|immune response;GO:0032715|negative regulation of interleukin-6 production;GO:0032717|negative regulation of interleukin-8 production;GO:0043031|negative regulation of macrophage activation;GO:0032720|negative regulation of tumor necrosis factor production;	GO:0005737|cytoplasm;GO:0070062|extracellular exosome;GO:0005615|extracellular space;GO:0005887|integral component of plasma membrane;	GO:0001530|lipopolysaccharide binding;	.	.	13.25077414	12.27152257	10.1294584	13.82490234	3.597917471	9.20959595	9.431415454	14.3960963	5.678364755	21.91591628	4.218593851	7.621651056	17.40381849	8.594128056	9.659356154	13.36770365	17.19901137	3.756155529	15.66321134	12.0325614	5.354973484	15.88548105	13.64527751	6.237800545	14.0521887	32.54656905	12.36480738	10.88892476	21.30388883	34.44013164	17.36546714	23.52055991	23.66865657	12.91558838	48.74831524	24.63689842	19.79593024	8.845764072	11.36190913	4.963553352	6.471071257	6.726034053	17.39463526	10.46569979	9.751700546	5.811397326	6.608750282	7.138645735
LOC100170611	protein_coding	chrNC_030679.1:130810950-130842270:+	gi|512876862|ref|XP_002940096.2|	8809	0	PREDICTED: A.superbus venom factor 1 [Xenopus tropicalis]	gi|847170842|ref|XM_002940050.3|	5510	0	PREDICTED: Xenopus (Silurana) tropicalis A.superbus venom factor 1 (LOC100170611), mRNA	Q01833	1455	0	Complement C3	.	.	.	.	pfam07678	A2M_comp	A-macroglobulin complement component. This family includes the complement components region of the alpha-2-macroglobulin family.	GO:0006957|complement activation, alternative pathway;GO:0006958|complement activation, classical pathway;GO:0006954|inflammatory response;	GO:0005615|extracellular space;	GO:0004866|endopeptidase inhibitor activity;	.	.	51.64659672	28.83172314	27.15547197	36.84402998	25.87094984	31.3475183	9.81802572	6.805700694	2.856623557	20.27158927	6.883018803	3.76728971	70.76893762	86.79005042	34.11376095	26.90011001	43.22787866	10.66007553	5.488738013	34.4697043	6.586272116	15.31619905	8.571325729	13.38029995	51.90352093	70.13408647	73.38459814	82.45408131	48.116385	59.76898349	12.84510859	9.415723493	8.265249723	5.161569197	76.3140844	29.38767871	31.34366062	32.83303243	22.57127638	24.68781175	28.52064564	19.29188654	11.13850068	10.08043149	9.601559231	7.907445179	5.977595745	7.289845769
c3	protein_coding	chrNC_030679.1:130561577-130587377:+	gi|197246359|gb|AAI68633.1|	8682	0	Unknown (protein for IMAGE:7685509), partial [Xenopus tropicalis]	gi|847170837|ref|XM_012953413.1|	5117	0	PREDICTED: Xenopus (Silurana) tropicalis complement component 3 (c3), transcript variant X1, mRNA	Q0ZZJ6	1751	0	A.superbus venom factor 1	.	.	.	.	pfam07678	A2M_comp	A-macroglobulin complement component. This family includes the complement components region of the alpha-2-macroglobulin family.	GO:0006956|complement activation;GO:0006954|inflammatory response;	GO:0005615|extracellular space;	GO:0004866|endopeptidase inhibitor activity;GO:0046872|metal ion binding;	.	.	3845.629478	2355.663785	2546.853311	2832.542351	2104.242915	2382.314054	71.63103898	98.18103442	21.58975852	333.6614639	36.74626644	45.52622428	5581.367113	4360.059561	2417.071512	1381.579889	2089.186126	726.7056197	81.26711	2533.074069	34.21967146	142.2247551	69.67392839	58.76205854	3106.071681	3989.098172	4038.825009	6174.914273	4361.503571	5266.741682	104.8372463	187.538836	106.0067088	38.22320705	1193.016001	392.8756172	3143.536084	3006.857271	2190.185515	2341.643156	1966.384622	2324.2263	98.63201933	77.75491659	41.28784439	32.94615253	56.08385861	62.38640974
nell2	protein_coding	chrNC_030679.1:54574219-54690283:+	gi|148235875|ref|NP_001090754.1|	4339	0	protein kinase C-binding protein NELL2 precursor [Xenopus tropicalis]	gi|148235874|ref|NM_001097285.1|	3892	0	Xenopus (Silurana) tropicalis neural EGFL like 2 (nell2), mRNA	A2VCU8	1675	0	Protein kinase C-binding protein NELL2	.	.	.	.	pfam12947	EGF_3	EGF domain. This family includes a variety of EGF-like domain homologues. This family includes the C-terminal domain of the malaria parasite MSP1 protein.	.	GO:0005576|extracellular region;	GO:0005509|calcium ion binding;	.	.	11.74178689	3.504201445	12.26704395	5.30837821	10.96654456	4.298306264	52.10046136	26.99226559	26.17602972	21.63869786	41.23834161	18.27919922	8.683549443	7.266901659	9.383728072	3.093848227	9.854309155	4.524749191	25.92686736	15.82123857	30.51063404	11.64748415	29.79493187	19.77702171	3.779841388	7.237149739	5.893523081	12.7493974	4.323190188	5.856521207	23.85707966	15.33051312	11.96093973	34.15278289	12.71011661	18.89480934	7.814186689	7.221792437	10.27487964	4.509814384	13.74356903	12.27851839	22.59746802	42.38291273	38.45962523	42.5748635	43.18213963	44.62881215
LOC100496716	protein_coding	chrNC_030683.1:74219445-74235579:+	gi|512853816|ref|XP_002942520.2|	1045	8.00E-129	PREDICTED: interleukin-18 [Xenopus tropicalis]	gi|847148398|ref|XM_002942474.3|	2671	0	PREDICTED: Xenopus (Silurana) tropicalis interleukin-18 (LOC100496716), mRNA	Q9TU73	60.1	1.00E-08	Interleukin-18	.	.	.	.	pfam00340	IL1	Interleukin-1 / 18. This family includes interleukin-1 and interleukin-18.	GO:0001525|angiogenesis;GO:0071222|cellular response to lipopolysaccharide;GO:0071407|cellular response to organic cyclic compound;GO:0006955|immune response;GO:0006954|inflammatory response;GO:0042095|interferon-gamma biosynthetic process;GO:0031663|lipopolysaccharide-mediated signaling pathway;GO:0000165|MAPK cascade;GO:0030101|natural killer cell activation;GO:0045662|negative regulation of myoblast differentiation;GO:0042104|positive regulation of activated T cell proliferation;GO:0010628|positive regulation of gene expression;GO:0032725|positive regulation of granulocyte macrophage colony-stimulating factor production;GO:0032729|positive regulation of interferon-gamma production;GO:0032740|positive regulation of interleukin-17 production;GO:0032819|positive regulation of natural killer cell proliferation;GO:0042346|positive regulation of NF-kappaB import into nucleus;GO:0051142|positive regulation of NK T cell proliferation;GO:0042088|T-helper 1 type immune response;	GO:0070062|extracellular exosome;GO:0005615|extracellular space;GO:0005622|intracellular;	GO:0005125|cytokine activity;	K05482	IL18, IL1F4; interleukin 18	3.598149869	3.689026773	3.23470328	5.219679581	1.757088298	2.543257052	1.790915131	3.155625415	2.039377513	3.300327346	1.326513915	1.778193437	6.023178346	4.114100324	3.725789571	4.365144363	3.444444456	1.197524446	3.754799668	5.271499667	2.332230949	5.053897797	2.021438222	2.157556988	5.208205849	15.21780199	10.04877963	3.791695807	4.405132891	11.34317095	6.072307023	5.804123952	13.54891392	2.787922002	7.491389492	4.860233046	5.893553249	3.379828363	3.913330188	2.470996477	3.169003144	2.545574052	3.146781046	3.311320547	2.41940163	2.306369121	2.219863184	2.225982771
clul1	protein_coding	chrNC_030682.1:93054729-93062799:-	gi|512847017|ref|XP_002934179.2|	1662	0	PREDICTED: clusterin-like protein 1 [Xenopus tropicalis]	gi|847138163|ref|XM_002934133.3|	1969	0	PREDICTED: Xenopus (Silurana) tropicalis clusterin-like 1 (retinal) (clul1), mRNA	Q95KN1	170	1.00E-44	Clusterin-like protein 1	.	.	.	.	pfam01093	Clusterin	Clusterin.	GO:0008219|cell death;	GO:0005576|extracellular region;	.	.	.	3.468993127	4.683833615	2.609429427	7.384355117	1.225167383	1.001737789	0.433310768	0.056624431	0.198019678	0.349378868	0.41216633	0.081503722	10.1897283	5.920006619	3.314562766	5.888854793	4.477953028	1.129551361	0.154020994	0.174573509	0.201293501	0.091334727	0.228833953	0.118928819	3.749631514	8.519478359	4.928699317	6.538229485	2.118791231	6.745572683	0.092551434	0.209957226	0.343144081	0.114694613	0.061220792	0.180836336	7.232099014	3.909886611	5.696369781	4.231060652	2.010659574	4.944263976	0.264214633	0.23079804	0.471778472	0.540309466	0.31977852	0.295175933
LOC101732593	protein_coding	chrNC_030682.1:4869522-4872931:-	gi|512849524|ref|XP_004915576.1|	774	7.00E-102	PREDICTED: cathelicidin-related peptide Oh-Cath-like [Xenopus tropicalis]	gi|847136883|ref|XM_004915519.2|	633	0	PREDICTED: Xenopus (Silurana) tropicalis cathelicidin-related peptide Oh-Cath-like (LOC101732593), mRNA	.	.	.	.	.	.	.	.	pfam00666	Cathelicidins	Cathelicidin. A novel protein family, showing a conserved proregion and a variable carboxyl-terminal antimicrobial domain. This region shows similarity to cystatins.	.	.	.	.	.	38.12528623	44.8681363	41.71319021	116.8969816	18.53500488	36.13743944	17.02437611	116.618857	40.68855032	160.1456502	21.96377519	95.50178428	86.50312431	24.91899048	53.75193758	57.63090359	71.41347706	17.74860737	252.2087754	67.23493345	35.72520882	144.2669418	34.63217447	21.89946714	33.01989388	87.41937856	149.8363459	55.80516997	27.80087381	112.6512024	101.1325979	207.2685719	602.2133873	93.81534716	92.60435167	164.7327514	54.972801	64.69007962	15.68677473	25.65240496	21.90401455	25.19269666	126.1201054	81.25878866	10.81251286	83.24352705	37.40257683	48.70818638
colec10	protein_coding	chrNC_030682.1:122553790-122572363:+	gi|58332158|ref|NP_001011227.1|	1218	7.00E-162	collectin-10 precursor [Xenopus tropicalis]	gi|58332157|ref|NM_001011227.1|	1702	0	Xenopus tropicalis collectin subfamily member 10 (colec10), mRNA	Q5M8X6	473	2.00E-163	Collectin-10	.	.	.	.	pfam00059	Lectin_C	Lectin C-type domain. This family includes both long and short form C-type	.	GO:0005581|collagen trimer;GO:0005576|extracellular region;	GO:0005537|mannose binding;	K10065	COLEC10; collectin sub-family member 10	38.51638799	14.99233713	45.75073226	14.24579595	31.50498971	17.34397466	3.526423707	4.099449095	3.928149285	0.898422354	3.31940233	1.354245157	28.17047523	17.62159608	37.33225928	12.17865077	35.49886503	15.37742038	5.520503367	1.415802783	7.952056354	1.73439388	8.996387699	3.281722674	14.79871076	33.71775468	14.2440892	41.79724366	20.84070926	26.28202392	5.821713565	2.064679251	0.712699369	4.798372454	3.088017024	4.972113816	38.15683562	29.82583512	46.52319402	14.20284921	36.63933178	35.43990563	2.160219392	3.115841337	8.01392793	1.113767982	3.691749244	1.366272621
igf1	protein_coding	chrNC_030679.1:39667842-39729794:-	gi|301614806|ref|XP_002936875.1|	755	1.00E-95	PREDICTED: insulin-like growth factor I [Xenopus tropicalis]	gi|847113704|ref|XM_002936829.3|	1307	0	PREDICTED: Xenopus (Silurana) tropicalis insulin-like growth factor 1 (somatomedin C) (igf1), mRNA	P16501	275	2.00E-89	Insulin-like growth factor I-A	.	.	.	.	pfam00049	Insulin	Insulin/IGF/Relaxin family. Superfamily includes insulins; relaxins; insulin-like growth factor; and bombyxin. All are secreted regulatory hormones. Disulfide rich, all-alpha fold. Alignment includes B chain, linker (which is processed out of the final product), and A chain.	GO:0060323|head morphogenesis;GO:0007275|multicellular organism development;GO:0043066|negative regulation of apoptotic process;GO:0090201|negative regulation of release of cytochrome c from mitochondria;GO:0030178|negative regulation of Wnt signaling pathway;	GO:0005576|extracellular region;GO:0005615|extracellular space;	GO:0008083|growth factor activity;	K05459	IGF1; insulin-like growth factor 1	24.45459409	13.66088988	20.30904626	23.61325987	15.75433061	22.04588862	1.307375281	0.042711483	0.170702976	0.351379295	0.399721748	0.32788154	4.607070618	13.22912583	3.650227225	9.415826194	1.385720705	4.610899815	0.371766881	0.131679794	0.347050356	0.04592884	0.129456101	0.358829297	6.554532084	4.197755454	2.848619267	1.255354266	2.977453666	3.700470316	0.139622028	0.27149062	0.172554405	0.302797205	0.092356982	0.0	6.050235865	48.85215357	23.21124968	49.49152005	33.13250947	29.44286751	0.044287906	0.261134451	0.222412368	0.772204401	0.657837542	0.222649509
c1ql1	protein_coding	chrNC_030686.1:6561657-6590110:-	gi|313760697|ref|NP_001186529.1|	678	4.00E-82	C1q-related factor precursor [Xenopus tropicalis]	gi|313760696|ref|NM_001199600.1|	1319	0	Xenopus (Silurana) tropicalis complement component 1, q subcomponent-like 1 (c1ql1), mRNA	O88992	191	4.00E-55	C1q-related factor	.	.	.	.	pfam00386	C1q	C1q domain. C1q is a subunit of the C1 enzyme complex that activates the serum complement system.	GO:0099558|maintenance of synapse structure;GO:0061743|motor learning;GO:0016322|neuron remodeling;	GO:0044301|climbing fiber;GO:0005581|collagen trimer;GO:0005737|cytoplasm;GO:0098793|presynapse;GO:0043083|synaptic cleft;	GO:0005102|receptor binding;	.	.	142.5897512	42.75496342	112.6188148	52.99134373	86.8798911	23.18874944	5.476572673	5.08984985	5.045546934	9.23189385	2.792200976	3.422737477	104.5215302	45.12710283	114.3428921	37.63683687	114.7485018	24.83066696	12.99432063	7.619495482	4.599785228	7.326406291	3.198784354	3.409098351	56.32184189	86.89869852	42.6313046	144.3817011	52.0558231	78.75301999	8.734122681	20.59216081	10.36245429	7.26546569	12.04595229	8.063501072	109.354571	70.96872424	141.9847504	44.33875774	130.9253592	130.1240631	11.9683489	13.43585855	3.714800877	8.654756058	4.897009662	13.83045077
tnfsf10l	protein_coding	chrNC_030684.1:18400127-18406521:+	gi|512858823|ref|XP_004916844.1|	1763	0	PREDICTED: tumor necrosis factor ligand superfamily member 10-like isoform X1 [Xenopus tropicalis]	gi|847156288|ref|XM_004916787.2|	1953	0	PREDICTED: Xenopus (Silurana) tropicalis tumor necrosis factor ligand superfamily member 10-like (LOC100497331), transcript variant X1, mRNA	P50591	130	3.00E-32	Tumor necrosis factor ligand superfamily member 10	.	.	.	.	pfam00229	TNF	TNF(tumor Necrosis Factor) family.	GO:0006919|activation of cysteine-type endopeptidase activity involved in apoptotic process;GO:0097296|activation of cysteine-type endopeptidase activity involved in apoptotic signaling pathway;GO:0006915|apoptotic process;GO:0007166|cell surface receptor signaling pathway;GO:0007267|cell-cell signaling;GO:0006955|immune response;GO:0008584|male gonad development;GO:1902042|negative regulation of extrinsic apoptotic signaling pathway via death domain receptors;GO:0043065|positive regulation of apoptotic process;GO:0043280|positive regulation of cysteine-type endopeptidase activity involved in apoptotic process;GO:2001238|positive regulation of extrinsic apoptotic signaling pathway;GO:0043123|positive regulation of I-kappaB kinase/NF-kappaB signaling;GO:0090200|positive regulation of release of cytochrome c from mitochondria;GO:1902041|regulation of extrinsic apoptotic signaling pathway via death domain receptors;GO:0032868|response to insulin;GO:0007165|signal transduction;	GO:0070062|extracellular exosome;GO:0005576|extracellular region;GO:0005615|extracellular space;GO:0005887|integral component of plasma membrane;	GO:0046872|metal ion binding;GO:0005102|receptor binding;	K04721	TNFSF10, TRAIL; tumor necrosis factor ligand superfamily member 10	10.53699152	2.364898031	11.37579092	2.023353601	4.800384278	2.393933694	12.41497755	8.21169571	11.43438327	10.00165202	6.691856744	4.05167009	10.04488829	4.167738304	13.1590167	3.880681839	10.18553666	5.945470115	15.33434273	13.25686102	8.991148776	10.67773028	12.53285343	10.67240821	2.693460454	7.843757956	3.258792318	11.06511509	4.239001176	4.485114055	14.24682609	17.46059759	15.23473526	9.791089007	10.23203916	11.77952912	15.8233131	6.875245722	11.71758346	5.910520481	15.97124577	14.45279008	17.30130511	14.2724027	12.85860569	20.67846394	10.43498709	15.66536551
igfbp4	protein_coding	chrNW_016683386.1:860049-892765:+	gi|512874129|ref|XP_002942630.2|	1291	6.00E-174	PREDICTED: insulin-like growth factor-binding protein 4 [Xenopus tropicalis]	gi|847169583|ref|XM_002942584.3|	1554	0	PREDICTED: Xenopus (Silurana) tropicalis insulin-like growth factor binding protein 4 (igfbp4), mRNA	P24854	282	8.00E-90	Insulin-like growth factor-binding protein 4	.	.	.	.	pfam00219	IGFBP	Insulin-like growth factor binding protein.	GO:0001558|regulation of cell growth;GO:0043567|regulation of insulin-like growth factor receptor signaling pathway;	GO:0005615|extracellular space;	GO:0031994|insulin-like growth factor I binding;GO:0031995|insulin-like growth factor II binding;	.	.	146.1079537	45.68130631	187.3651692	71.786501	209.5353837	61.35331127	9.736147992	2.72336548	6.839488255	3.633180509	3.78861108	3.708052216	146.9564063	66.70585508	194.6151713	92.13206109	165.6678593	64.86304815	8.008298798	3.630769505	8.111325007	3.640850645	5.354184377	6.10639027	64.60035009	120.7447803	78.79377953	105.5403497	168.9089865	74.92976138	4.411181587	7.8756156	3.494004618	5.739897072	3.183166008	5.210584503	129.3464336	127.0177481	317.6703588	82.21020987	196.3415743	166.2116499	5.495120296	6.37516464	3.871148801	4.472750783	4.79910972	6.139051583
lipc	protein_coding	chrNC_030679.1:89435756-89502206:-	gi|166795961|ref|NP_001107731.1|	2579	0	hepatic triacylglycerol lipase precursor [Xenopus tropicalis]	gi|847162346|ref|XM_012970028.1|	1704	0	PREDICTED: Xenopus (Silurana) tropicalis lipase, hepatic (lipc), transcript variant X1, mRNA	O46559	601	0	Hepatic triacylglycerol lipase	.	.	.	.	pfam00151	Lipase	Lipase.	GO:0016042|lipid catabolic process;	GO:0034364|high-density lipoprotein particle;	GO:0008201|heparin binding;GO:0004806|triglyceride lipase activity;	K01046	E3.1.1.3; triacylglycerol lipase [EC:3.1.1.3]	68.02299065	370.7701324	72.60821506	344.7096398	41.44763213	424.4194662	4.800816252	1.877302347	2.277674	1.585789587	3.172182833	0.932881601	86.56878898	402.1348328	42.07202107	229.4322234	38.78045698	73.48120689	1.313060574	0.172254049	0.476685666	0.252339399	0.372559381	0.9857289	164.2716643	241.0841135	219.7162393	35.11885621	299.1276311	133.5223515	0.0	0.213086717	0.203150951	0.577170722	1.558510544	0.24980713	143.0056437	351.3212697	42.2420576	462.5105059	52.41277643	188.454113	13.83470082	7.720099724	2.723234759	1.380527857	3.132350398	3.180494727
cfb	protein_coding	chrNC_030684.1:53744892-53777706:-	gi|512861354|ref|XP_002943021.2|	3444	0	PREDICTED: complement factor B-like [Xenopus tropicalis]	gi|847158885|ref|XM_002942975.3|	3130	0	PREDICTED: Xenopus (Silurana) tropicalis complement factor B-like (LOC100491419), mRNA	P04186	448	3.00E-141	Complement factor B	.	.	.	.	pfam00092	VWA	von Willebrand factor type A domain.	GO:0008283|cell proliferation;GO:0006957|complement activation, alternative pathway;	GO:0072562|blood microparticle;GO:0070062|extracellular exosome;GO:0005615|extracellular space;	GO:0004252|serine-type endopeptidase activity;	K01335	CFB; component factor B [EC:3.4.21.47]	646.2440926	562.629036	697.7709568	982.9544711	554.1211374	488.2238631	88.4878746	112.1789085	68.90965933	190.4187109	85.0784091	55.61275818	2215.891315	1094.760817	728.5474364	491.9481108	516.9079753	188.4039818	117.7155694	1082.756538	117.894439	177.469402	122.7883152	120.1563372	899.4203791	1287.427906	787.312524	1320.665036	822.7545528	2060.370637	171.8405002	157.6011832	212.9420895	119.8233823	396.9552632	267.3789731	896.0077267	865.5155126	716.4719393	625.2510909	573.1447977	583.957015	135.1364694	138.2351342	110.839975	126.8618532	91.317761	122.8187413
cxcl12	protein_coding	chrNC_030683.1:37782394-37841002:-	gi|62751610|ref|NP_001015764.1|	482	3.00E-53	stromal cell-derived factor 1 precursor [Xenopus tropicalis]	gi|62751609|ref|NM_001015764.1|	2962	0	Xenopus (Silurana) tropicalis chemokine (C-X-C motif) ligand 12 (cxcl12), mRNA	Q5EBF6	190	8.00E-55	Stromal cell-derived factor 1	.	.	.	.	pfam00048	IL8	Small cytokines (intecrine/chemokine), interleukin-8 like. Includes a number of secreted growth factors and interferons involved in mitogenic, chemotactic, and inflammatory activity. Structure contains two highly conserved disulfide bonds.	GO:0007411|axon guidance;GO:0060326|cell chemotaxis;GO:0070098|chemokine-mediated signaling pathway;GO:0007186|G-protein coupled receptor signaling pathway;GO:0006955|immune response;GO:0050930|induction of positive chemotaxis;GO:0006954|inflammatory response;GO:0007509|mesoderm migration involved in gastrulation;GO:0030335|positive regulation of cell migration;	GO:0009897|external side of plasma membrane;GO:0005615|extracellular space;	GO:0042056|chemoattractant activity;GO:0008009|chemokine activity;GO:0045236|CXCR chemokine receptor binding;	K10031	CXCL12; C-X-C motif chemokine 12	333.582523	147.6860771	445.3349618	145.0830062	194.3051448	118.6503067	243.028183	166.9629715	176.340674	151.3947721	185.4983771	149.7475346	387.1001413	156.4145678	401.2753486	123.780264	463.2664142	211.4891147	186.7570239	98.38274365	199.2687859	96.62608924	157.5092989	132.2186554	153.9566554	350.5976952	191.5378281	461.9585064	202.5456583	289.2316841	145.7922312	115.214204	80.04909218	176.115735	84.71411645	110.8257122	318.9523895	275.5195678	442.9333436	203.7886167	474.3245342	417.34103	163.2085788	224.9848818	215.467351	238.8396636	212.1953735	195.7551679
tgfbr3	protein_coding	chrNC_030680.1:94552854-94677662:+	gi|512835964|ref|XP_004913781.1|	4224	0	PREDICTED: transforming growth factor beta receptor type 3 isoform X1 [Xenopus tropicalis]	gi|847125798|ref|XM_004913724.2|	7692	0	PREDICTED: Xenopus (Silurana) tropicalis transforming growth factor, beta receptor III (tgfbr3), transcript variant X1, mRNA	P35054	487	5.00E-147	Transforming growth factor beta receptor type 3	.	.	.	.	pfam00100	Zona_pellucida	Zona pellucida-like domain.	GO:0030509|BMP signaling pathway;GO:0016049|cell growth;GO:0001837|epithelial to mesenchymal transition;GO:0006955|immune response;GO:0035556|intracellular signal transduction;GO:0051271|negative regulation of cellular component movement;GO:0032354|response to follicle-stimulating hormone;GO:0007165|signal transduction;GO:0007179|transforming growth factor beta receptor signaling pathway;	GO:0009897|external side of plasma membrane;GO:0031012|extracellular matrix;GO:0016021|integral component of membrane;GO:0005622|intracellular;GO:0005578|proteinaceous extracellular matrix;	GO:0015026|coreceptor activity;GO:0005539|glycosaminoglycan binding;GO:0008201|heparin binding;GO:0050431|transforming growth factor beta binding;GO:0070123|transforming growth factor beta receptor activity, type III;GO:0005160|transforming growth factor beta receptor binding;GO:0005024|transforming growth factor beta-activated receptor activity;	K05843	TGFBR3; transforming growth factor, beta receptor III	49.33157252	14.77127819	50.37673727	5.709394154	24.81539071	4.77444269	20.72683867	21.9219139	19.04996154	10.22850903	13.48176196	4.823126312	39.7270571	5.715072326	44.9064666	7.105436409	44.15079167	7.308122567	17.83665921	23.55282198	23.8309752	17.59060935	21.10526495	10.23750742	9.585408008	32.08010442	5.521950364	70.42912619	8.479183153	18.07654464	21.67648386	17.68200956	15.92219641	17.68409462	18.56518619	16.73678658	69.81019456	25.32773691	53.13216994	16.95062673	37.41383028	54.14911523	25.17198683	21.81947264	28.96378666	15.61410345	25.30386336	24.01973176
bpi	protein_coding	chrNC_030686.1:30711073-30727760:-	gi|166795971|ref|NP_001107736.1|	2371	0	bactericidal/permeability-increasing protein precursor [Xenopus tropicalis]	gi|166795970|ref|NM_001114264.1|	1586	0	Xenopus (Silurana) tropicalis bactericidal/permeability-increasing protein (bpi), mRNA	P17453	410	2.00E-136	Bactericidal permeability-increasing protein	.	.	.	.	pfam02886	LBP_BPI_CETP_C	LBP / BPI / CETP family, C-terminal domain. The N and C terminal domains of the LBP/BPI/CETP family are structurally similar.	GO:0050829|defense response to Gram-negative bacterium;GO:0006955|immune response;	GO:0005615|extracellular space;GO:0016020|membrane;	GO:0001530|lipopolysaccharide binding;	.	.	10.32749033	6.423106756	10.5702823	7.316164171	7.669800463	6.033436538	7.237986497	6.012536554	5.077772599	10.93066115	6.140489799	6.593742915	16.70277899	4.762139811	9.804302428	7.577708422	12.73610545	2.057774309	10.04625549	6.804142711	5.198072665	9.197868088	7.846298096	3.608053287	7.410693747	14.76436709	9.95225064	8.527818147	12.36430763	18.2166535	11.6212476	17.44075223	10.66330611	10.29380563	20.23695798	16.11570873	16.95416635	6.377303043	11.24640365	5.268572714	9.658212072	9.251564361	14.1388448	7.476022231	8.274575164	7.297256424	7.09232301	7.910271691
bpi	protein_coding	chrNC_030686.1:30827952-30849637:-	gi|847168170|ref|XP_012827185.1|	2355	0	PREDICTED: bactericidal permeability-increasing protein isoform X1 [Xenopus tropicalis]	gi|847168169|ref|XM_012971731.1|	2487	0	PREDICTED: Xenopus (Silurana) tropicalis bactericidal/permeability-increasing protein (bpi), transcript variant X1, mRNA	P17213	394	9.00E-128	Bactericidal permeability-increasing protein	.	.	.	.	pfam02886	LBP_BPI_CETP_C	LBP / BPI / CETP family, C-terminal domain. The N and C terminal domains of the LBP/BPI/CETP family are structurally similar.	GO:0050829|defense response to Gram-negative bacterium;GO:0006955|immune response;GO:0032715|negative regulation of interleukin-6 production;GO:0032717|negative regulation of interleukin-8 production;GO:0043031|negative regulation of macrophage activation;GO:0032720|negative regulation of tumor necrosis factor production;	GO:0005737|cytoplasm;GO:0070062|extracellular exosome;GO:0005615|extracellular space;GO:0005887|integral component of plasma membrane;	GO:0001530|lipopolysaccharide binding;	.	.	13.25077414	12.27152257	10.1294584	13.82490234	3.597917471	9.20959595	9.431415454	14.3960963	5.678364755	21.91591628	4.218593851	7.621651056	17.40381849	8.594128056	9.659356154	13.36770365	17.19901137	3.756155529	15.66321134	12.0325614	5.354973484	15.88548105	13.64527751	6.237800545	14.0521887	32.54656905	12.36480738	10.88892476	21.30388883	34.44013164	17.36546714	23.52055991	23.66865657	12.91558838	48.74831524	24.63689842	19.79593024	8.845764072	11.36190913	4.963553352	6.471071257	6.726034053	17.39463526	10.46569979	9.751700546	5.811397326	6.608750282	7.138645735
thbs1	protein_coding	chrNC_030684.1:98501300-98515014:+	gi|301615580|ref|XP_002937245.1|	5815	0	PREDICTED: thrombospondin-1 [Xenopus tropicalis]	gi|847159617|ref|XM_002937199.3|	5537	0	PREDICTED: Xenopus (Silurana) tropicalis thrombospondin 1 (thbs1), mRNA	P35448	2152	0	Thrombospondin-1	.	.	.	.	pfam05735	TSP_C	Thrombospondin C-terminal region. This region is found at the C-terminus of thrombospondin and related proteins.	GO:0007155|cell adhesion;GO:0006954|inflammatory response;GO:0016525|negative regulation of angiogenesis;GO:0006986|response to unfolded protein;	GO:0005783|endoplasmic reticulum;GO:0005615|extracellular space;GO:0016529|sarcoplasmic reticulum;	GO:0005509|calcium ion binding;GO:0050840|extracellular matrix binding;GO:0008201|heparin binding;	.	.	49.17914711	6.306837677	58.72994189	12.01355774	132.194841	6.92209975	219.663148	112.3982168	251.5027187	135.6704126	164.4143709	140.9493799	19.86658692	29.65872322	23.73686681	8.477672493	28.66200574	4.932854679	118.3130473	185.4053481	121.47296	58.710893	84.19246226	81.23212081	10.2160854	25.94230223	12.52818539	24.85014563	15.33242025	22.81934417	167.4380297	417.6029128	149.2000215	185.2481642	122.0467498	152.2094134	15.42266755	11.48021086	89.08155112	7.383789856	52.83642743	30.73510293	47.45619928	157.1055427	121.8671232	201.0260598	115.6748013	135.328543
bmper	protein_coding	chrNC_030682.1:25558957-25686739:-	gi|847135596|ref|XP_012820269.1|	3935	0	PREDICTED: BMP-binding endothelial regulator protein isoform X1 [Xenopus tropicalis]	gi|847135595|ref|XM_012964815.1|	3935	0	PREDICTED: Xenopus (Silurana) tropicalis BMP binding endothelial regulator (bmper), transcript variant X1, mRNA	Q8CJ69	1156	0	BMP-binding endothelial regulator protein	.	.	.	.	pfam00094	VWD	von Willebrand factor type D domain. Luciferin-2-monooxygenase from Vargula hilgendorfii contains a vwd domain. Its function is unrelated but the similarity is very strong by several methods.	GO:0002043|blood vessel endothelial cell proliferation involved in sprouting angiogenesis;GO:0042118|endothelial cell activation;GO:0045446|endothelial cell differentiation;GO:0048839|inner ear development;GO:0030514|negative regulation of BMP signaling pathway;GO:0070374|positive regulation of ERK1 and ERK2 cascade;GO:0010594|regulation of endothelial cell migration;GO:0060393|regulation of pathway-restricted SMAD protein phosphorylation;GO:0001657|ureteric bud development;	GO:0005576|extracellular region;GO:0005615|extracellular space;	.	.	.	5.67626822	1.699681238	3.796648088	3.292293192	5.76225564	2.307515929	1.522268343	0.665975838	0.975443157	0.809376656	1.030902798	0.755251286	3.45922188	2.936378312	3.809751513	1.272477437	2.754554257	1.75830497	0.790465825	0.381087864	0.522688054	0.325519208	0.512279793	0.34174134	1.622744553	5.13304508	1.360224756	3.956113737	2.529209789	2.577163777	0.329855579	0.537167262	0.336317828	0.337238891	0.286377529	0.451153594	4.657142207	3.48092348	6.404548958	2.135339437	4.522873729	3.764851975	0.627778288	0.863698367	1.016739729	0.995777291	0.831461852	0.678549201
fga	protein_coding	chrNC_030677.1:45271099-45281710:+	gi|512816023|ref|XP_002933535.2|	3826	0	PREDICTED: fibrinogen alpha chain [Xenopus tropicalis]	gi|847095064|ref|XM_002933489.3|	2447	0	PREDICTED: Xenopus (Silurana) tropicalis fibrinogen alpha chain (fga), mRNA	P14448	719	0	Fibrinogen alpha chain	.	.	.	.	pfam00147	Fibrinogen_C	Fibrinogen beta and gamma chains, C-terminal globular domain.	GO:0030168|platelet activation;GO:0051258|protein polymerization;GO:0007165|signal transduction;	GO:0005577|fibrinogen complex;	GO:0046872|metal ion binding;	.	.	4117.672876	2736.141088	4819.566698	5140.180242	3766.791326	3602.08781	0.356387521	0.023286105	0.0	0.095785195	0.024214053	0.13406964	6453.740239	13810.55724	5240.444924	2858.499208	4434.694526	1713.866127	0.126678505	0.119652039	0.094605136	0.651045043	0.423473255	0.880344435	3056.836395	6209.952915	4474.243956	3555.356619	5835.647019	7352.816269	0.152242586	1.282800548	2.304858927	0.141500276	6.696896548	0.520567139	5231.869236	3079.608046	5400.596698	3850.428211	3910.891316	3918.562566	0.217310081	0.023728219	0.048503283	0.070167053	0.023910002	0.0
grn	protein_coding	chrNC_030686.1:9263066-9286816:+	gi|133777115|gb|AAH91093.2|	3495	0	GRN protein [Xenopus tropicalis]	gi|60551345|gb|BC091093.1|	1394	0	Xenopus tropicalis GRN protein, mRNA (cDNA clone MGC:108442 IMAGE:7025242), complete cds	P23785	94.7	1.00E-18	Granulins	.	.	.	.	pfam00396	Granulin	Granulin.	GO:0035988|chondrocyte proliferation;GO:0060179|male mating behavior;GO:0061351|neural precursor cell proliferation;GO:0060999|positive regulation of dendritic spine development;GO:0010976|positive regulation of neuron projection development;GO:0032355|response to estradiol;GO:0048488|synaptic vesicle endocytosis;	GO:0005623|cell;GO:0005615|extracellular space;GO:0045202|synapse;	.	.	.	63.20461781	31.45717974	40.81355709	40.2264255	43.90510243	26.39932439	40.2855828	42.95917566	36.86108653	54.62470404	40.22515319	39.52316361	69.36222506	33.01020476	40.66351384	35.72934032	48.15809559	10.60741759	64.04093147	51.86844738	38.17359322	53.63896583	45.0890054	35.70616576	41.9015765	77.07535745	79.51687157	57.76744438	44.93750611	98.09510467	52.33466722	73.74481954	139.6460407	41.36314837	90.07498568	58.82255996	62.45599421	38.25226805	51.98572711	28.24648834	49.78343991	42.89997345	58.54150146	35.70447316	44.59200904	38.40468376	39.61552792	36.40363066
postn	protein_coding	chrNC_030678.1:148502816-148562230:+	gi|163915007|ref|NP_001106376.1|	4014	0	periostin precursor [Xenopus tropicalis]	gi|163915006|ref|NM_001112905.1|	3244	0	Xenopus (Silurana) tropicalis periostin, osteoblast specific factor (postn), mRNA	Q15063	1044	0	Periostin	MA1996	74.7	1.00E-13	COG2335	pfam02469	Fasciclin	Fasciclin domain. This extracellular domain is found repeated four times in grasshopper fasciclin I as well as in proteins from mammals, sea urchins, plants, yeast and bacteria.	GO:1990523|bone regeneration;GO:0007155|cell adhesion;GO:0044344|cellular response to fibroblast growth factor stimulus;GO:0071560|cellular response to transforming growth factor beta stimulus;GO:0071356|cellular response to tumor necrosis factor;GO:0071307|cellular response to vitamin K;GO:0030198|extracellular matrix organization;GO:0001953|negative regulation of cell-matrix adhesion;GO:1900025|negative regulation of substrate adhesion-dependent cell spreading;GO:1990138|neuron projection extension;GO:1904209|positive regulation of chemokine (C-C motif) ligand 2 secretion;GO:0014911|positive regulation of smooth muscle cell migration;GO:0008593|regulation of Notch signaling pathway;GO:0003073|regulation of systemic arterial blood pressure;GO:0032355|response to estradiol;GO:0001666|response to hypoxia;GO:0009612|response to mechanical stimulus;GO:0014850|response to muscle activity;GO:0001501|skeletal system development;	GO:0031012|extracellular matrix;GO:0005615|extracellular space;GO:0031594|neuromuscular junction;GO:0005578|proteinaceous extracellular matrix;GO:0005802|trans-Golgi network;	GO:0050839|cell adhesion molecule binding;GO:0008201|heparin binding;GO:0046872|metal ion binding;	.	.	12.18453874	6.9843457	16.26956566	7.400711624	10.47869511	3.479562084	15.89666939	46.28892033	6.78614503	49.69659069	29.04671747	21.77453172	20.38409704	14.79934175	14.92401062	10.64986463	16.47345903	7.744876505	11.34971514	34.41554064	6.36769768	12.54693665	4.55699404	8.101754194	14.93676077	23.24353772	11.28013887	17.11045462	16.10349213	20.11745738	16.66113689	9.298471057	21.51146282	9.594672373	11.6925374	16.49957187	18.82519938	12.49040631	20.35488162	5.846004822	18.72270131	10.58429547	26.7434626	38.13526469	8.161666997	21.14771734	12.39190453	9.005562453
leap2	protein_coding	chrNC_030679.1:28336829-28341110:-	gi|163915061|ref|NP_001106385.1|	402	3.00E-48	liver-expressed antimicrobial peptide 2 precursor [Xenopus tropicalis]	gi|163915060|ref|NM_001112914.1|	378	0	Xenopus (Silurana) tropicalis liver expressed antimicrobial peptide 2 (leap2), mRNA	Q969E1	76.6	1.00E-17	Liver-expressed antimicrobial peptide 2	.	.	.	.	pfam07359	LEAP-2	Liver-expressed antimicrobial peptide 2 precursor (LEAP-2). This family consists of several mammalian liver-expressed antimicrobial peptide 2 (LEAP-2) sequences. LEAP-2 is a cysteine-rich, and cationic protein. LEAP-2 contains a core structure with two disulfide bonds formed by cysteine residues in relative 1-3 and 2-4 positions. LEAP-2 is synthesized as a 77-residue precursor, which is predominantly expressed in the liver and highly conserved among mammals. The largest native LEAP-2 form of 40 amino acid residues is generated from the precursor at a putative cleavage site for a furin-like endoprotease. In contrast to smaller LEAP-2 variants, this peptide exhibits dose-dependent antimicrobial activity against selected microbial model organisms. The exact function of this family is unclear.	GO:0042742|defense response to bacterium;	GO:0005576|extracellular region;	.	.	.	236.4895107	322.6595876	221.053126	362.0085399	219.9544331	321.6644578	0.49619487	1.210384658	0.453514454	0.466762774	0.943963704	0.43554899	290.3623815	226.3582193	250.4581835	102.7000007	306.4855397	122.4998979	0.0	0.621937369	1.997720086	0.48808505	1.37572793	1.271091083	123.5658992	128.3210985	59.34725657	194.3920351	138.508471	142.1884236	1.318898737	1.121993642	0.45843323	0.919377453	0.981476186	1.127436413	255.9533417	411.1420278	213.400249	227.6229104	206.3000554	340.8750582	0.62752917	0.925023889	0.787857567	0.455900218	0.621407033	0.630958079
igf2	protein_coding	chrNC_030680.1:12727882-12768659:+	gi|847116716|ref|XP_012816008.1|	1009	2.00E-122	PREDICTED: insulin-like growth factor II isoform X1 [Xenopus tropicalis]	gi|847116715|ref|XM_012960554.1|	5459	0	PREDICTED: Xenopus (Silurana) tropicalis insulin-like growth factor 2 (igf2), transcript variant X1, mRNA	Q6INW9	363	4.00E-113	Insulin-like growth factor II-B	.	.	.	.	pfam08365	IGF2_C	Insulin-like growth factor II E-peptide. This domain is found at the C-terminal domain of the insulin-like growth factor II (IGF-2, also see pfam00049) in vertebrates and seems to represent the E-peptide.	GO:0030154|cell differentiation;GO:0060323|head morphogenesis;GO:0007399|nervous system development;	GO:0005615|extracellular space;	GO:0008083|growth factor activity;	K13769	IGF2; insulin-like growth factor 2	57.80084486	8.105427602	69.66936809	19.01976542	31.91621853	6.123210045	3.346681786	2.687785311	1.949346832	4.00191273	2.374040452	1.772544503	69.17950112	62.17334785	51.77983368	14.30813252	63.66533765	10.87425426	6.864903802	15.02654176	3.383433969	3.403576208	3.701060115	3.868801316	27.09508984	46.14835881	23.79033253	24.7821989	56.59758461	27.92199169	4.681480248	5.233120044	4.433600852	4.340642706	4.645048426	4.551479825	54.51113657	31.39013631	168.2518043	25.27656445	89.78762642	54.08191561	3.83076326	6.06980836	3.339624007	3.762851986	3.431100454	4.013985626
angptl4	protein_coding	chrNC_030677.1:82447884-82456834:+	gi|301618393|ref|XP_002938598.1|	2191	0	PREDICTED: angiopoietin-related protein 4 [Xenopus tropicalis]	gi|847093596|ref|XM_002938552.3|	2548	0	PREDICTED: Xenopus (Silurana) tropicalis angiopoietin-like 4 (angptl4), mRNA	Q9Z1P8	300	3.00E-91	Angiopoietin-related protein 4	.	.	.	.	pfam00147	Fibrinogen_C	Fibrinogen beta and gamma chains, C-terminal globular domain.	GO:0001525|angiogenesis;GO:0009267|cellular response to starvation;GO:0043066|negative regulation of apoptotic process;GO:2000352|negative regulation of endothelial cell apoptotic process;GO:0051005|negative regulation of lipoprotein lipase activity;GO:0045834|positive regulation of lipid metabolic process;GO:0051260|protein homooligomerization;GO:0001666|response to hypoxia;GO:0070328|triglyceride homeostasis;	GO:0072562|blood microparticle;GO:0005576|extracellular region;GO:0005615|extracellular space;GO:0005578|proteinaceous extracellular matrix;	GO:0004857|enzyme inhibitor activity;GO:0042802|identical protein binding;	K08767	ANGPTL4, PGAR; angiopoietin-like 4	15.21574826	1.867873897	11.3073258	1.243161195	4.093279008	2.148893604	1.17778123	1.256937914	0.672796168	2.769801075	0.746872381	0.603067833	27.03919442	8.432800167	14.13710452	4.836290988	23.50754102	7.058522542	1.855989249	11.55624559	1.618609216	4.827214783	1.768793053	1.107839687	13.09371773	18.81877355	4.186465275	25.84616142	15.3476924	22.57937202	1.076134409	3.043649941	4.669973673	0.681955803	5.460135374	2.986733041	19.0246418	10.8488612	26.81642431	4.055191921	24.89104773	27.82476162	1.303329814	1.280802308	1.659695555	1.420304524	1.15233447	1.170045889
sparc	protein_coding	chrNC_030679.1:11519289-11535993:-	gi|45361541|ref|NP_989347.1|	1434	0	SPARC precursor [Xenopus tropicalis]	gi|51491873|ref|NM_204016.2|	1679	0	Xenopus (Silurana) tropicalis secreted protein, acidic, cysteine-rich (osteonectin) (sparc), mRNA	P36378	516	5.00E-180	SPARC	.	.	.	.	pfam10591	SPARC_Ca_bdg	Secreted protein acidic and rich in cysteine Ca binding region. The SPARC_Ca_bdg domain of Secreted Protein Acidic and Rich in Cysteine is responsible for the anti-spreading activity of human urothelial cells. It is rich in alpha-helices. This extracellular calcium-binding domain contains two EF-hands that each coordinates one Ca2+ ion, forming a helix-loop-helix structure that not only drives the conformation of the protein but is also necessary for biological activity. The anti-spreading activity was dependent on the coordination of Ca2+ by a Glu residue at the Z position of EF-hand 2.	GO:0007165|signal transduction;	GO:0005604|basement membrane;GO:0005615|extracellular space;	GO:0005509|calcium ion binding;	.	.	104.0263476	54.06287074	88.90201301	132.4725062	140.5910759	83.0870655	2797.934413	1914.848714	1763.974046	2094.7129	2027.035273	1971.204975	74.86498584	293.2729341	50.4847984	27.49096935	50.97320793	30.49665997	1600.084572	1547.282753	1307.540791	879.7356575	1128.183756	1808.889985	42.31907781	92.49581401	35.61672716	58.56687473	42.46191288	71.93353944	1496.967348	1232.610587	716.7858844	1261.458693	828.9451997	1088.833635	57.0305574	97.00047902	60.08989302	64.46544253	106.920625	66.01974123	791.22832	3212.357841	1384.506841	3121.035868	2004.869863	1416.772399
tnfsf10	protein_coding	chrNC_030681.1:92949458-92959835:-	gi|512841018|ref|XP_002931598.2|	1444	0	PREDICTED: tumor necrosis factor ligand superfamily member 10 [Xenopus tropicalis]	gi|847129371|ref|XM_002931552.3|	2869	0	PREDICTED: Xenopus (Silurana) tropicalis tumor necrosis factor (ligand) superfamily, member 10 (tnfsf10), mRNA	P50591	239	4.00E-70	Tumor necrosis factor ligand superfamily member 10	.	.	.	.	pfam00229	TNF	TNF(tumor Necrosis Factor) family.	GO:0006919|activation of cysteine-type endopeptidase activity involved in apoptotic process;GO:0097296|activation of cysteine-type endopeptidase activity involved in apoptotic signaling pathway;GO:0006915|apoptotic process;GO:0007166|cell surface receptor signaling pathway;GO:0007267|cell-cell signaling;GO:0006955|immune response;GO:0008584|male gonad development;GO:1902042|negative regulation of extrinsic apoptotic signaling pathway via death domain receptors;GO:0043065|positive regulation of apoptotic process;GO:0043280|positive regulation of cysteine-type endopeptidase activity involved in apoptotic process;GO:2001238|positive regulation of extrinsic apoptotic signaling pathway;GO:0043123|positive regulation of I-kappaB kinase/NF-kappaB signaling;GO:0090200|positive regulation of release of cytochrome c from mitochondria;GO:1902041|regulation of extrinsic apoptotic signaling pathway via death domain receptors;GO:0032868|response to insulin;GO:0007165|signal transduction;	GO:0070062|extracellular exosome;GO:0005576|extracellular region;GO:0005615|extracellular space;GO:0005887|integral component of plasma membrane;	GO:0046872|metal ion binding;GO:0005102|receptor binding;	K04721	TNFSF10, TRAIL; tumor necrosis factor ligand superfamily member 10	20.54792595	5.299803057	19.31396498	10.54590865	7.411656553	3.536159373	31.65130182	24.77997631	24.58054645	20.31245199	14.73311522	14.7399585	21.37089711	41.99552064	14.33070445	7.078495943	19.56296803	8.604269648	49.18717713	33.30746897	23.73556729	37.88645728	29.73350546	30.48863009	10.33912591	25.14815981	10.80481312	18.48126867	10.51176367	17.09701361	31.09402301	31.19906433	30.18586895	21.05112419	24.25623929	19.99064633	19.9119163	11.35325579	23.72096471	9.551735827	52.3025146	20.59326363	51.45095963	48.90123682	40.3357889	39.16052974	30.52451531	25.75210019
adamtsl5	protein_coding	chrNC_030679.1:97653859-97689336:+	gi|301605335|ref|XP_002932288.1|	2766	0	PREDICTED: ADAMTS-like protein 5 [Xenopus tropicalis]	gi|847111877|ref|XM_002932242.3|	2955	0	PREDICTED: Xenopus (Silurana) tropicalis ADAMTS-like 5 (adamtsl5), mRNA	Q6ZMM2	345	7.00E-106	ADAMTS-like protein 5	.	.	.	.	pfam05986	ADAM_spacer1	ADAM-TS Spacer 1. This family represents the Spacer-1 region from the ADAM-TS family of metalloproteinases.	.	GO:0005576|extracellular region;GO:0001527|microfibril;GO:0005578|proteinaceous extracellular matrix;	GO:0008201|heparin binding;GO:0004222|metalloendopeptidase activity;GO:0008270|zinc ion binding;	.	.	12.83193378	5.666230671	15.08098484	7.62049972	11.18672293	6.203256521	36.89876329	29.37916913	53.85541696	51.82630562	41.5181112	19.24021084	16.22543108	11.36145031	16.56294305	7.352044009	15.10913302	8.062120843	61.61381839	108.0191556	56.92776795	79.45925515	66.67741258	62.70124554	8.666056752	17.14265431	5.819519452	17.18706527	8.61090743	16.93097354	107.2375139	68.17392838	62.76672312	102.2973091	80.60261078	108.7627034	12.83133002	11.01430915	17.20169132	7.014903448	14.75959689	12.98568289	61.549144	45.14210489	55.34935363	42.0668619	63.61157689	51.00959774
LOC100491968	protein_coding	chrNC_030679.1:131012670-131091741:+	gi|512876870|ref|XP_004919148.1|	8772	0	PREDICTED: complement C3-like isoform X1 [Xenopus tropicalis]	gi|847170843|ref|XM_004919091.2|	5795	0	PREDICTED: Xenopus (Silurana) tropicalis complement C3-like (LOC100491968), transcript variant X1, mRNA	Q2UVX4	1598	0	Complement C3	.	.	.	.	pfam07678	A2M_comp	A-macroglobulin complement component. This family includes the complement components region of the alpha-2-macroglobulin family.	GO:0006957|complement activation, alternative pathway;GO:0006958|complement activation, classical pathway;GO:0006631|fatty acid metabolic process;GO:0006954|inflammatory response;GO:0045745|positive regulation of G-protein coupled receptor protein signaling pathway;GO:0010828|positive regulation of glucose transport;GO:0010884|positive regulation of lipid storage;GO:0001934|positive regulation of protein phosphorylation;GO:0010866|regulation of triglyceride biosynthetic process;	GO:0005615|extracellular space;	GO:0031715|C5L2 anaphylatoxin chemotactic receptor binding;GO:0004866|endopeptidase inhibitor activity;	K03990	C3; complement component 3	193.3039237	64.54503231	170.9813844	75.27244791	71.07571561	65.25597451	0.258928954	0.108558658	0.059164267	0.182677821	0.061573474	0.047350451	131.1567464	35.14697493	97.80276634	30.61864949	72.33210253	24.16837464	0.128851386	0.385397255	0.270640887	0.509394027	0.209386028	0.051819718	88.28696044	116.4764614	66.19986053	254.0543969	58.97355266	132.6967334	0.11829122	0.188192894	0.169450212	0.099949576	1.440458147	0.577823321	147.131152	178.253351	101.0107329	88.2817428	147.0098412	155.4396349	0.17396473	0.150845138	0.236398056	0.089213261	0.121600617	0.216071839
apom	protein_coding	chrNC_030684.1:53625421-53632707:+	gi|147899231|ref|NP_001090778.1|	1011	1.00E-136	apolipoprotein M precursor [Xenopus tropicalis]	gi|847152638|ref|XM_012967817.1|	804	0	PREDICTED: Xenopus (Silurana) tropicalis apolipoprotein M (apom), transcript variant X1, mRNA	Q2LE37	168	9.00E-50	Apolipoprotein M	.	.	.	.	pfam11032	ApoM	Apolipoprotein M (ApoM). ApoM is a 25 kDa plasma protein associated with high-density lipoproteins (HDLs). ApoM is important in the formation of pre-ss-HDL and also in increasing cholesterol efflux from macrophage foam cells. Lipoproteins consist of lipids solubilized by apolipoproteins. ApoM lacks an external amphipathic motif and is uniquely secreted to plasma without cleavage of its terminal signal peptide.	GO:0033344|cholesterol efflux;GO:0034380|high-density lipoprotein particle assembly;GO:0034384|high-density lipoprotein particle clearance;GO:0034375|high-density lipoprotein particle remodeling;GO:0042157|lipoprotein metabolic process;GO:0034445|negative regulation of plasma lipoprotein oxidation;GO:0043691|reverse cholesterol transport;	GO:0034365|discoidal high-density lipoprotein particle;GO:0070062|extracellular exosome;GO:0034362|low-density lipoprotein particle;GO:0034366|spherical high-density lipoprotein particle;GO:0034361|very-low-density lipoprotein particle;	GO:0016209|antioxidant activity;GO:0005319|lipid transporter activity;GO:0005543|phospholipid binding;	.	.	166.0316763	168.5990177	243.3859068	234.5663568	223.0268859	202.2941492	3.211928084	0.819937994	2.86738171	0.421592183	0.852612377	3.737291338	265.5465541	335.940963	249.4182741	213.0105607	221.1279957	92.28440178	0.669080448	0.491531146	1.804392336	2.057304728	1.311625912	2.296164537	178.6875659	318.1112542	223.4528758	202.1177147	320.116027	220.0217712	0.446723766	1.013413612	0.828137448	0.415202721	3.619853029	1.454756662	224.7574875	150.5201617	240.2979939	209.1764137	211.7177781	293.5211758	1.912951824	0.69625454	5.123615659	2.33342477	4.420008089	4.630418163
apoe	protein_coding	chrNC_030683.1:101372175-101377797:+	gi|49522289|gb|AAH75258.1|	1238	1.00E-164	apoe protein, partial [Xenopus tropicalis]	gi|847105036|ref|XM_002941039.3|	1749	0	PREDICTED: Xenopus (Silurana) tropicalis apolipoprotein E (apoe), transcript variant X4, mRNA	O42364	132	3.00E-33	Apolipoprotein Eb	.	.	.	.	pfam01442	Apolipoprotein	Apolipoprotein A1/A4/E domain. These proteins contain several 22 residue repeats which form a pair of alpha helices. This family includes: Apolipoprotein A-I. Apolipoprotein A-IV, and Apolipoprotein E.	GO:0006695|cholesterol biosynthetic process;GO:0006707|cholesterol catabolic process;GO:0033344|cholesterol efflux;GO:0042632|cholesterol homeostasis;GO:0034380|high-density lipoprotein particle assembly;GO:0042159|lipoprotein catabolic process;GO:0043524|negative regulation of neuron apoptotic process;GO:0031102|neuron projection regeneration;GO:0033700|phospholipid efflux;GO:0010873|positive regulation of cholesterol esterification;GO:0046889|positive regulation of lipid biosynthetic process;GO:0051000|positive regulation of nitric-oxide synthase activity;GO:0030516|regulation of axon extension;GO:1900221|regulation of amyloid-beta clearance;GO:0032374|regulation of cholesterol transport;GO:0043691|reverse cholesterol transport;GO:0019433|triglyceride catabolic process;GO:0034372|very-low-density lipoprotein particle remodeling;	GO:0072562|blood microparticle;GO:0042627|chylomicron;GO:0034364|high-density lipoprotein particle;GO:0034363|intermediate-density lipoprotein particle;	GO:0001540|amyloid-beta binding;GO:0015485|cholesterol binding;GO:0017127|cholesterol transporter activity;GO:0050750|low-density lipoprotein particle receptor binding;GO:0060228|phosphatidylcholine-sterol O-acyltransferase activator activity;GO:0005543|phospholipid binding;GO:0070326|very-low-density lipoprotein particle receptor binding;	K04524	APOE; apolipoprotein E	70.98252282	3.029478968	25.74059487	9.190922897	56.80650823	2.431168701	63.67834166	18.87666073	51.75844864	90.36435776	24.51991993	6.546045122	292.3821532	28.56098168	179.8572745	6.905785257	223.0290021	5.409628908	16.23394701	43.66366175	16.98966019	20.43258005	23.06816997	27.67426983	5.238617877	205.569687	13.20448792	194.387364	70.60455853	84.0364962	37.57406733	31.54782122	14.78671889	12.3665281	31.01753416	9.815328771	77.07327703	4.544566532	86.41694773	4.411912251	77.83412487	49.31578744	142.8920833	36.05779394	44.67152403	16.14423123	59.3946325	66.3155499
dcn	protein_coding	chrNC_030679.1:46045982-46203793:-	gi|154147680|ref|NP_001093704.1|	1756	0	decorin precursor [Xenopus tropicalis]	gi|847107955|ref|XM_012958377.1|	2934	0	PREDICTED: Xenopus (Silurana) tropicalis decorin (dcn), transcript variant X2, mRNA	Q9DE68	533	2.00E-180	Decorin	alr0124_1	60.8	1.00E-08	COG4886	pfam13855	LRR_8	Leucine rich repeat.	.	GO:0005578|proteinaceous extracellular matrix;	.	K04660	DCN; decorin	28.74550359	15.21522174	37.19039912	18.79871603	18.70393993	10.9584364	399.4261036	189.2468867	236.7016491	212.0043463	241.7685339	164.2122303	34.07942154	44.99802466	31.71294746	16.82504956	31.75985356	17.97329966	262.5348481	133.9064315	235.9154132	116.6302376	196.4109623	211.6774458	17.79542741	46.03223938	19.47892003	34.74311895	19.90061199	28.28682257	186.9345786	180.598545	110.9414101	212.8489899	113.2966092	124.3863619	28.75577621	22.38940429	30.24470498	16.96362826	35.38757015	28.8612355	169.0626025	309.1039296	188.3053828	306.5370747	252.8036368	211.8684277
col1a1	protein_coding	chrNC_030686.1:13936262-13962423:+	gi|58332412|ref|NP_001011005.1|	1566	0	collagen alpha-1(I) chain precursor [Xenopus tropicalis]	gi|58332411|ref|NM_001011005.1|	5663	0	Xenopus (Silurana) tropicalis collagen, type I, alpha 1 (col1a1), mRNA	Q9YIB4	60.8	1.00E-07	Collagen alpha-1(I) chain	.	.	.	.	pfam01410	COLFI	Fibrillar collagen C-terminal domain. Found at C-termini of fibrillar collagens: Ephydatia muelleri procollagen EMF1 alpha, vertebrate collagens alpha(1)III, alpha(1)II, alpha(2)V etc.	.	GO:0005581|collagen trimer;GO:0005578|proteinaceous extracellular matrix;	GO:0005201|extracellular matrix structural constituent;GO:0046872|metal ion binding;	.	.	15.10851006	7.168945137	8.784096038	20.78061075	18.42239262	12.4011406	1225.081838	416.9277648	478.2835045	575.4217331	550.4320908	351.797982	6.272110361	60.90141491	4.709278556	4.959954604	7.035130652	2.065062765	607.5394002	286.0730904	346.6765686	163.6361132	339.916802	488.2557109	6.60642036	16.77768988	5.195124318	9.627210293	4.690777621	6.691860953	345.2307891	370.6000042	176.9848916	376.1744316	207.7227817	265.5579626	4.577157859	8.724651261	5.162615536	5.237565586	15.78883546	6.689671111	279.6461759	875.5719524	441.0020192	574.1817534	435.2231819	425.5357361
col3a1	protein_coding	chrNC_030685.1:39803845-39864240:-	gi|218847780|ref|NP_001136379.1|	1436	1.00E-166	collagen alpha-1(III) chain precursor [Xenopus tropicalis]	gi|218847779|ref|NM_001142907.1|	5222	0	Xenopus (Silurana) tropicalis collagen, type III, alpha 1 (Ehlers-Danlos syndrome type IV, autosomal dominant) (col3a1), mRNA	P13941	147	4.00E-34	Collagen alpha-1(III) chain	.	.	.	.	pfam01410	COLFI	Fibrillar collagen C-terminal domain. Found at C-termini of fibrillar collagens: Ephydatia muelleri procollagen EMF1 alpha, vertebrate collagens alpha(1)III, alpha(1)II, alpha(2)V etc.	GO:0007568|aging;GO:0060414|aorta smooth muscle tissue morphogenesis;GO:0007160|cell-matrix adhesion;GO:0071230|cellular response to amino acid stimulus;GO:0021987|cerebral cortex development;GO:0030199|collagen fibril organization;GO:0048565|digestive tract development;GO:0007507|heart development;GO:0007229|integrin-mediated signaling pathway;GO:0050777|negative regulation of immune response;GO:2001223|negative regulation of neuron migration;GO:0018149|peptide cross-linking;GO:0035025|positive regulation of Rho protein signal transduction;GO:0034097|response to cytokine;GO:0009612|response to mechanical stimulus;GO:0009314|response to radiation;GO:0001501|skeletal system development;GO:0043588|skin development;GO:0007179|transforming growth factor beta receptor signaling pathway;GO:0042060|wound healing;	GO:0005586|collagen type III trimer;GO:0031012|extracellular matrix;GO:0005615|extracellular space;	GO:0005201|extracellular matrix structural constituent;GO:0046872|metal ion binding;	.	.	34.82471865	15.16964552	22.81784473	36.31007369	25.43916083	19.69496331	1139.448386	459.8421777	459.424805	627.6162562	512.8782085	520.4962853	22.3030737	73.49604473	13.87981038	8.981703011	19.84989565	7.785521151	556.8605905	416.2515742	393.8420073	199.6193594	359.6285725	480.8836362	15.58277102	33.08616604	11.23798859	26.62544118	12.12064241	21.1900154	445.6007118	434.3805425	271.4775674	398.4284282	260.9733605	296.534217	17.30186971	27.19503428	17.27040103	14.01061582	30.43445686	16.6703485	216.9501293	1016.524902	357.9725703	775.3879455	428.952382	402.2399156
mmp2	protein_coding	chrNC_030680.1:45322370-45354092:+	gi|62752843|ref|NP_001015789.1|	3410	0	72 kDa type IV collagenase precursor [Xenopus tropicalis]	gi|62752842|ref|NM_001015789.1|	2620	0	Xenopus (Silurana) tropicalis matrix metallopeptidase 2 (mmp2), mRNA	P08253	1101	0	72 kDa type IV collagenase	.	.	.	.	pfam00413	Peptidase_M10	Matrixin. The members of this family are enzymes that cleave peptides. These proteases require zinc for catalysis.	GO:0001525|angiogenesis;GO:0001955|blood vessel maturation;GO:0060346|bone trabecula formation;GO:0044267|cellular protein metabolic process;GO:0071230|cellular response to amino acid stimulus;GO:0030574|collagen catabolic process;GO:0007566|embryo implantation;GO:0035987|endodermal cell differentiation;GO:0048013|ephrin receptor signaling pathway;GO:0022617|extracellular matrix disassembly;GO:0060325|face morphogenesis;GO:0001957|intramembranous ossification;GO:0045089|positive regulation of innate immune response;GO:1904707|positive regulation of vascular smooth muscle cell proliferation;GO:0006508|proteolysis;GO:0001666|response to hypoxia;	GO:0031012|extracellular matrix;GO:0005576|extracellular region;GO:0005615|extracellular space;GO:0005739|mitochondrion;GO:0005634|nucleus;GO:0005886|plasma membrane;GO:0005578|proteinaceous extracellular matrix;GO:0030017|sarcomere;	GO:0004222|metalloendopeptidase activity;GO:0008237|metallopeptidase activity;GO:0004252|serine-type endopeptidase activity;GO:0008270|zinc ion binding;	K01398	MMP2; matrix metalloproteinase-2 (gelatinase A) [EC:3.4.24.24]	9.123523695	5.493401155	8.893292223	12.94726934	8.478861952	4.406836604	177.419968	112.591413	140.7632703	160.7680642	141.7739807	98.69872604	13.47443673	26.384955	8.688708807	8.563967419	13.05740952	4.559289262	153.0912247	131.5440264	154.8631907	80.84029735	146.1275104	142.6058675	5.713042708	14.99090433	6.020762663	10.05893675	6.422398976	10.664236	122.6855211	113.312793	66.20650715	140.7784443	101.6704438	103.7775096	8.541254481	6.733987793	11.68143572	5.915627298	14.26186929	7.849689487	104.139783	197.8064729	150.3145633	211.2251831	170.9689977	137.8214737
igfbp1	protein_coding	chrNC_030682.1:67729412-67734315:+	gi|76780851|ref|NP_001029118.1|	1337	8.00E-178	insulin-like growth factor-binding protein 1 precursor [Xenopus tropicalis]	gi|76780850|ref|NM_001033946.1|	2158	0	Xenopus tropicalis insulin like growth factor binding protein 1 (igfbp1), mRNA	P24591	252	4.00E-76	Insulin-like growth factor-binding protein 1	.	.	.	.	pfam00219	IGFBP	Insulin-like growth factor binding protein.	GO:0001558|regulation of cell growth;GO:0043567|regulation of insulin-like growth factor receptor signaling pathway;	GO:0005615|extracellular space;	GO:0031994|insulin-like growth factor I binding;GO:0031995|insulin-like growth factor II binding;	.	.	63.39544152	33.10819362	179.3617226	45.31588071	114.3270575	31.19160152	2.839209572	4.187269075	4.05136777	2.725306278	2.893568072	2.034445702	16.78368521	170.30277	16.28866456	9.341158455	40.2500735	1.24390435	2.796929899	2.260503129	2.691730921	3.191777678	3.748507984	2.42128715	11.81092281	437.320827	110.4248615	38.52895069	212.0771032	381.4992317	2.627866008	2.302218649	2.569605353	3.408683504	2.865291923	1.438813661	5.538780018	3.955006532	94.24620208	5.083617062	77.97609319	58.1860235	2.363266711	1.863335887	2.815258234	2.52878851	3.210986943	3.011669924
col28a1	protein_coding	chrNW_016683410.1:1367121-1425386:-	gi|847140136|ref|XP_012821060.1|	4054	0	PREDICTED: collagen alpha-1(XXVIII) chain [Xenopus tropicalis]	gi|847140135|ref|XM_012965606.1|	2464	0	PREDICTED: Xenopus (Silurana) tropicalis collagen, type XXVIII, alpha 1 (col28a1), mRNA	Q2UY09	78.2	4.00E-13	Collagen alpha-1(XXVIII) chain	.	.	.	.	pfam00092	VWA	von Willebrand factor type A domain.	GO:0007155|cell adhesion;	GO:0005604|basement membrane;GO:0005581|collagen trimer;GO:0005788|endoplasmic reticulum lumen;GO:0005576|extracellular region;	GO:0004867|serine-type endopeptidase inhibitor activity;	.	.	4.702799857	5.291750658	6.70078529	3.879360466	4.633545997	4.238457672	1.688240469	0.916408443	1.034335933	1.169261524	1.270569543	0.504823251	4.313513173	5.825596891	9.417292453	4.206190319	8.327636606	4.699596133	0.775497991	1.342886429	1.08590975	0.620461827	1.303063369	0.855440527	5.618884019	5.642003544	2.455517545	5.272913641	5.671584087	6.310061381	0.758171092	0.377549196	0.634188641	0.532802423	0.752270916	0.234854707	4.669942112	7.04973477	4.963259937	6.491723911	2.799778057	7.21408499	1.003022514	1.867614997	1.060451609	1.312505612	0.714433694	1.04388925
