GeneName	Biotype	Position	NR:Seq-id	NR:Score	NR:Evalue	NR:Description	NT:Seq-id	NT:Score	NT:Evalue	NT:Description	Uniprot:UniProtKB-AC	Uniprot:Score	Uniprot:Evalue	Uniprot:Description	COG:gene	COG:Score	COG:Eval	COG:num	Pfam:pfam_ID	Pfam:pfam_Name	Pfam:pfam_Description	GO:biological_process	GO:cellular_component	GO:molecular_function	KEGG:KO	KEGG:Description	Lliv1	Lliv2	Lliv3	Lliv4	Lliv5	Lliv6	Lski1	Lski2	Lski3	Lski4	Lski5	Lski6	LMliv1	LMliv2	LMliv3	LMliv4	LMliv5	LMliv6	LMski1	LMski2	LMski3	LMski4	LMski5	LMski6	Mliv1	Mliv2	Mliv3	Mliv4	Mliv5	Mliv6	Mski1	Mski2	Mski3	Mski4	Mski5	Mski6	MLliv1	MLliv2	MLliv3	MLliv4	MLliv5	MLliv6	MLski1	MLski2	MLski3	MLski4	MLski5	MLski6
igfbp4	protein_coding	chrNW_016683386.1:860049-892765:+	gi|512874129|ref|XP_002942630.2|	1291	6.00E-174	PREDICTED: insulin-like growth factor-binding protein 4 [Xenopus tropicalis]	gi|847169583|ref|XM_002942584.3|	1554	0	PREDICTED: Xenopus (Silurana) tropicalis insulin-like growth factor binding protein 4 (igfbp4), mRNA	P24854	282	8.00E-90	Insulin-like growth factor-binding protein 4	.	.	.	.	pfam00219	IGFBP	Insulin-like growth factor binding protein.	GO:0001558|regulation of cell growth;GO:0043567|regulation of insulin-like growth factor receptor signaling pathway;	GO:0005615|extracellular space;	GO:0031994|insulin-like growth factor I binding;GO:0031995|insulin-like growth factor II binding;	.	.	146.1079537	45.68130631	187.3651692	71.786501	209.5353837	61.35331127	3.168695509	4.257097589	4.737282884	6.00833199	2.11895809	5.728137344	146.9564063	66.70585508	194.6151713	92.13206109	165.6678593	64.86304815	3.987002821	5.578961774	5.652344022	7.99465428	3.651092996	5.718988258	64.60035009	120.7447803	78.79377953	105.5403497	168.9089865	74.92976138	3.502988202	4.043491986	4.936421223	3.589889651	5.185272349	4.867926406	129.3464336	127.0177481	317.6703588	82.21020987	196.3415743	166.2116499	3.584052018	4.0272744	5.86932552	3.241972861	6.377819345	4.335691864
LOC101733634	protein_coding	chrNC_030683.1:32196004-32205067:+	gi|512852418|ref|XP_004915979.1|	590	4.00E-75	PREDICTED: beta-microseminoprotein-like isoform X2 [Xenopus tropicalis]	gi|847147041|ref|XM_012966838.1|	647	0	PREDICTED: Xenopus (Silurana) tropicalis beta-microseminoprotein-like (LOC101733634), transcript variant X1, mRNA	O02826	86.3	6.00E-20	Beta-microseminoprotein	.	.	.	.	pfam05825	PSP94	Beta-microseminoprotein (PSP-94). This family consists of the mammalian specific protein beta-microseminoprotein. Prostatic secretory protein of 94 amino acids (PSP94), also called beta-microseminoprotein, is a small, nonglycosylated protein, rich in cysteine residues. It was first isolated as a major protein from human seminal plasma. The exact function of this protein is unknown.	.	GO:0005576|extracellular region;	.	.	.	4.773280099	66.87052851	18.16157348	143.5609006	3.092259202	68.27742378	3.211239756	25.1455379	16.87672521	14.45551401	18.3003383	8.041455243	219.1147282	228.5747773	16.4945399	86.3902945	12.17151619	9.978252549	8.359202397	101.8266247	14.06185367	23.43141836	16.03736692	24.08718547	109.0098343	172.7732264	183.20407	63.00822265	254.0044736	221.7038134	19.83835155	12.28010058	33.7454361	26.88409318	41.84594152	139.0364225	81.89158923	168.053788	2.593850566	83.30665871	10.4749096	40.70748258	6.781732042	15.85007686	12.33235389	20.48606481	10.03834619	16.03537849
igf3	protein_coding	chrNC_030683.1:103078149-103087709:-	gi|187607225|ref|NP_001120418.1|	564	2.00E-65	insulin-like growth factor 3 [Xenopus tropicalis]	gi|187607224|ref|NM_001126946.1|	2027	0	Xenopus (Silurana) tropicalis insulin-like growth factor 3 (igf3), mRNA	Q90WX8	216	5.00E-65	Insulin-like growth factor III	.	.	.	.	pfam00049	Insulin	Insulin/IGF/Relaxin family. Superfamily includes insulins; relaxins; insulin-like growth factor; and bombyxin. All are secreted regulatory hormones. Disulfide rich, all-alpha fold. Alignment includes B chain, linker (which is processed out of the final product), and A chain.	GO:0048699|generation of neurons;	GO:0005576|extracellular region;	GO:0008083|growth factor activity;	.	.	448.653674	207.7085639	654.3680472	154.5185891	372.6613585	156.765564	0.095095134	0.120992916	0.092349561	0.063006599	0.503433964	0.030668688	528.0369428	21.14938581	959.9930517	190.4125386	761.5331648	267.8107505	0.225728737	0.090890131	0.0	0.062661109	0.033851597	0.064414784	190.5739472	249.5958152	115.5714665	497.2974322	194.9347004	161.373249	0.030967799	0.067563994	0.033212678	0.064218816	0.0	0.0	493.3504812	414.7232475	742.540654	334.6040834	539.6830643	803.717252	0.0	0.216493165	0.064670948	0.032431416	0.0	0.033635854
abcb6	protein_coding	chrNC_030685.1:77841741-77861436:-	gi|118404630|ref|NP_001072643.1|	3835	0	ATP-binding cassette sub-family B member 6, mitochondrial [Xenopus tropicalis]	gi|118404629|ref|NM_001079175.1|	5558	0	Xenopus tropicalis ATP binding cassette subfamily B member 6 (Langereis blood group) (abcb6), mRNA	Q08D64	1481	0	ATP-binding cassette sub-family B member 6, mitochondrial	YPO2588	494	2.00E-154	COG5265	pfam00005	ABC_tran	ABC transporter. ABC transporters for a large family of proteins responsible for translocation of a variety of compounds across biological membranes. ABC transporters are the largest family of proteins in many completely sequenced bacteria. ABC transporters are composed of two copies of this domain and two copies of a transmembrane domain pfam00664. These four domains may belong to a single polypeptide or belong in different polypeptide chains.	GO:0006879|cellular iron ion homeostasis;GO:0055085|transmembrane transport;	GO:0005783|endoplasmic reticulum;GO:0005794|Golgi apparatus;GO:0016021|integral component of membrane;GO:0005743|mitochondrial inner membrane;GO:0005741|mitochondrial outer membrane;GO:0005886|plasma membrane;	GO:0005524|ATP binding;GO:0042626|ATPase activity, coupled to transmembrane movement of substances;	K05661	ABCB6; ATP-binding cassette, subfamily B (MDR/TAP), member 6	4.98148129	2.763444732	4.448477615	2.982660151	5.372204914	1.765865243	4.322539245	4.169262269	9.413798607	3.276954975	4.329984737	3.054868276	2.778764223	2.24240303	3.744424781	1.882912695	4.598243856	1.798091587	5.381119809	6.302892508	5.852706963	3.685072662	5.42492391	3.172622134	1.502558259	2.133810795	1.302051315	3.389733859	1.61307742	2.970047205	3.574110628	1.837701751	2.404906039	2.195195668	3.169697031	2.221861321	3.15242007	2.897753727	3.658381888	1.112537507	5.191174639	5.045269984	4.347903175	2.648683507	2.781141509	3.433099494	3.923280053	3.177339168
igf2	protein_coding	chrNC_030680.1:12727882-12768659:+	gi|847116716|ref|XP_012816008.1|	1009	2.00E-122	PREDICTED: insulin-like growth factor II isoform X1 [Xenopus tropicalis]	gi|847116715|ref|XM_012960554.1|	5459	0	PREDICTED: Xenopus (Silurana) tropicalis insulin-like growth factor 2 (igf2), transcript variant X1, mRNA	Q6INW9	363	4.00E-113	Insulin-like growth factor II-B	.	.	.	.	pfam08365	IGF2_C	Insulin-like growth factor II E-peptide. This domain is found at the C-terminal domain of the insulin-like growth factor II (IGF-2, also see pfam00049) in vertebrates and seems to represent the E-peptide.	GO:0030154|cell differentiation;GO:0060323|head morphogenesis;GO:0007399|nervous system development;	GO:0005615|extracellular space;	GO:0008083|growth factor activity;	K13769	IGF2; insulin-like growth factor 2	57.80084486	8.105427602	69.66936809	19.01976542	31.91621853	6.123210045	1.787026972	2.109153952	2.203542189	1.799398042	1.705384456	2.024723315	69.17950112	62.17334785	51.77983368	14.30813252	63.66533765	10.87425426	2.499686697	2.696852507	2.476169761	2.684296847	2.347854894	2.663856971	27.09508984	46.14835881	23.79033253	24.7821989	56.59758461	27.92199169	2.251214608	1.578724479	2.315859565	1.869745209	1.759150219	2.40216401	54.51113657	31.39013631	168.2518043	25.27656445	89.78762642	54.08191561	3.127027715	1.663277193	1.978853566	1.948639047	2.440722373	2.382792939
leap2	protein_coding	chrNC_030679.1:28336829-28341110:-	gi|163915061|ref|NP_001106385.1|	402	3.00E-48	liver-expressed antimicrobial peptide 2 precursor [Xenopus tropicalis]	gi|163915060|ref|NM_001112914.1|	378	0	Xenopus (Silurana) tropicalis liver expressed antimicrobial peptide 2 (leap2), mRNA	Q969E1	76.6	1.00E-17	Liver-expressed antimicrobial peptide 2	.	.	.	.	pfam07359	LEAP-2	Liver-expressed antimicrobial peptide 2 precursor (LEAP-2). This family consists of several mammalian liver-expressed antimicrobial peptide 2 (LEAP-2) sequences. LEAP-2 is a cysteine-rich, and cationic protein. LEAP-2 contains a core structure with two disulfide bonds formed by cysteine residues in relative 1-3 and 2-4 positions. LEAP-2 is synthesized as a 77-residue precursor, which is predominantly expressed in the liver and highly conserved among mammals. The largest native LEAP-2 form of 40 amino acid residues is generated from the precursor at a putative cleavage site for a furin-like endoprotease. In contrast to smaller LEAP-2 variants, this peptide exhibits dose-dependent antimicrobial activity against selected microbial model organisms. The exact function of this family is unclear.	GO:0042742|defense response to bacterium;	GO:0005576|extracellular region;	.	.	.	236.4895107	322.6595876	221.053126	362.0085399	219.9544331	321.6644578	0.685624174	2.944160949	2.163944033	0.681404701	0.725939346	3.316761843	290.3623815	226.3582193	250.4581835	102.7000007	306.4855397	122.4998979	0.697489855	0.491479966	1.037384568	0.508251217	3.660987557	5.224754705	123.5658992	128.3210985	59.34725657	194.3920351	138.508471	142.1884236	1.674555084	2.009403222	2.873511665	1.215400548	1.165786058	1.000629317	255.9533417	411.1420278	213.400249	227.6229104	206.3000554	340.8750582	1.560116761	3.344762128	0.874255412	0.701479508	1.02155548	0.545648296
c4a	protein_coding	chrNC_030684.1:54217914-54263904:-	gi|847153026|ref|XP_012823393.1|	8691	0	PREDICTED: complement component 4A (Rodgers blood group) isoform X1 [Xenopus tropicalis]	gi|847153025|ref|XM_012967939.1|	5258	0	PREDICTED: Xenopus (Silurana) tropicalis complement component 4A (Rodgers blood group) (c4a), transcript variant X1, mRNA	P08649	1150	0	Complement C4	.	.	.	.	pfam07678	A2M_comp	A-macroglobulin complement component. This family includes the complement components region of the alpha-2-macroglobulin family.	GO:0006956|complement activation;GO:0006958|complement activation, classical pathway;GO:0006954|inflammatory response;GO:0045087|innate immune response;	GO:0030424|axon;GO:0030054|cell junction;GO:0030425|dendrite;GO:0005576|extracellular region;GO:0005615|extracellular space;GO:0045202|synapse;	GO:0004866|endopeptidase inhibitor activity;	K03989	C4; complement component 4	791.5394708	743.0454546	731.5771944	844.6938786	519.4767272	544.9406609	22.0192692	30.11591732	29.15610572	24.79181746	7.042369274	10.69363039	1669.420012	623.3484813	666.517942	582.1704625	557.9753229	223.8907217	38.3344792	68.45989513	30.99846818	29.39505151	38.78465501	26.12040271	670.3014359	1059.137983	1031.786078	1179.206625	1131.161235	1274.800106	21.06736461	11.35990478	19.56734672	27.8716484	19.07686111	36.89075355	1100.488933	964.3191934	758.3586594	754.1243398	656.615383	770.3763716	23.86001721	26.62989172	32.40723802	44.22675223	35.67167059	11.87173313
creg1	protein_coding	chrNC_030678.1:1993154-1999642:-	gi|301613575|ref|XP_002936276.1|	1043	6.00E-134	PREDICTED: protein CREG1 [Xenopus tropicalis]	gi|847106670|ref|XM_002936230.3|	2346	0	PREDICTED: Xenopus (Silurana) tropicalis cellular repressor of E1A-stimulated genes 1 (creg1), mRNA	O75629	248	6.00E-75	Protein CREG1	.	.	.	.	pfam13883	Pyrid_oxidase_2	Pyridoxamine 5'-phosphate oxidase.	GO:0008283|cell proliferation;GO:0007275|multicellular organism development;GO:0040008|regulation of growth;GO:0006357|regulation of transcription from RNA polymerase II promoter;	GO:0070062|extracellular exosome;GO:0005615|extracellular space;GO:0005667|transcription factor complex;	GO:0010181|FMN binding;GO:0016491|oxidoreductase activity;GO:0003714|transcription corepressor activity;	.	.	86.42819167	29.30461598	65.73019794	45.74079765	95.20149858	26.4173768	45.94906297	25.44596249	112.8401695	26.44701995	55.00935024	24.76021943	70.45252275	29.03794581	82.61096732	41.67224142	99.96773354	17.80433298	67.0617813	51.39476213	69.02312319	33.29953063	59.98462738	24.46304792	39.79428538	68.35989848	54.67143062	81.80494648	42.57623214	65.07324599	29.33461673	27.12694349	25.14002003	25.97918672	37.87317715	29.85806408	67.92839568	47.41793923	69.29904095	33.73485789	88.06894104	93.53142761	44.10115772	25.39928741	19.55834249	35.7096912	32.72625947	37.67896357
enpp2	protein_coding	chrNC_030682.1:122888601-122942850:-	gi|847135208|ref|XP_012820111.1|	4946	0	PREDICTED: ectonucleotide pyrophosphatase/phosphodiesterase family member 2 isoform X1 [Xenopus tropicalis]	gi|847135211|ref|XM_012964658.1|	3508	0	PREDICTED: Xenopus (Silurana) tropicalis ectonucleotide pyrophosphatase/phosphodiesterase 2 (enpp2), transcript variant X2, mRNA	Q64610	1380	0	Ectonucleotide pyrophosphatase/phosphodiesterase family member 2	SPBC725.05c	214	3.00E-59	COG1524	pfam01663	Phosphodiest	Type I phosphodiesterase / nucleotide pyrophosphatase. This family consists of phosphodiesterases, including human plasma-cell membrane glycoprotein PC-1 / alkaline phosphodiesterase i / nucleotide pyrophosphatase (nppase). These enzymes catalyse the cleavage of phosphodiester and phosphosulfate bonds in NAD, deoxynucleotides and nucleotide sugars. Also in this family is ATX an autotaxin, tumor cell motility-stimulating protein which exhibits type I phosphodiesterases activity. The alignment encompasses the active site. Also present with in this family is 60-kDa Ca2+-ATPase form F. odoratum.	GO:0006935|chemotaxis;GO:0006955|immune response;GO:0034638|phosphatidylcholine catabolic process;GO:0009395|phospholipid catabolic process;GO:0010634|positive regulation of epithelial cell migration;GO:2000394|positive regulation of lamellipodium morphogenesis;GO:0050731|positive regulation of peptidyl-tyrosine phosphorylation;GO:0045765|regulation of angiogenesis;GO:0030334|regulation of cell migration;	GO:0005615|extracellular space;GO:0005887|integral component of plasma membrane;	GO:0047391|alkylglycerophosphoethanolamine phosphodiesterase activity;GO:0005509|calcium ion binding;GO:0004622|lysophospholipase activity;GO:0003676|nucleic acid binding;GO:0004551|nucleotide diphosphatase activity;GO:0004528|phosphodiesterase I activity;GO:0030247|polysaccharide binding;GO:0005044|scavenger receptor activity;GO:0008270|zinc ion binding;	K01122	ENPP2; ectonucleotide pyrophosphatase/phosphodiesterase family member 2 [EC:3.1.4.39]	168.7187584	93.78694349	133.3188505	84.10348258	176.1759306	69.46862886	12.84405062	19.88783474	12.92709631	15.0186657	12.73787907	8.089159453	129.0909004	107.8227262	120.5818984	59.77421113	133.5190884	61.42511344	14.54554251	3.606725007	14.54123261	7.374055729	16.39697935	14.12316942	67.14748569	130.201364	53.00783102	144.3482525	89.28360238	86.13799793	9.368739759	4.741104252	4.733751568	11.92345929	3.700117116	10.89678108	183.6527722	91.20923425	176.0524386	62.45252098	155.3697424	171.8238971	11.01126492	13.68019327	17.25181774	22.75779063	15.88746662	10.37795944
LOC100170611	protein_coding	chrNC_030679.1:130810950-130842270:+	gi|512876862|ref|XP_002940096.2|	8809	0	PREDICTED: A.superbus venom factor 1 [Xenopus tropicalis]	gi|847170842|ref|XM_002940050.3|	5510	0	PREDICTED: Xenopus (Silurana) tropicalis A.superbus venom factor 1 (LOC100170611), mRNA	Q01833	1455	0	Complement C3	.	.	.	.	pfam07678	A2M_comp	A-macroglobulin complement component. This family includes the complement components region of the alpha-2-macroglobulin family.	GO:0006957|complement activation, alternative pathway;GO:0006958|complement activation, classical pathway;GO:0006954|inflammatory response;	GO:0005615|extracellular space;	GO:0004866|endopeptidase inhibitor activity;	.	.	51.64659672	28.83172314	27.15547197	36.84402998	25.87094984	31.3475183	0.985778789	0.851092352	0.626815048	1.469568153	0.621275749	0.726671821	70.76893762	86.79005042	34.11376095	26.90011001	43.22787866	10.66007553	0.573050894	4.161333541	0.326716951	0.788751391	1.065273775	0.429260774	51.90352093	70.13408647	73.38459814	82.45408131	48.116385	59.76898349	0.59617922	0.57531579	0.663988862	0.737033334	1.698952114	0.662253129	31.34366062	32.83303243	22.57127638	24.68781175	28.52064564	19.29188654	1.436064731	0.652655722	0.718279759	0.816465734	0.909241736	1.843008408
nid2	protein_coding	chrNC_030684.1:74879973-74925486:+	gi|847152618|ref|XP_012823263.1|	7812	0	PREDICTED: nidogen-2 isoform X1 [Xenopus tropicalis]	gi|847152617|ref|XM_012967809.1|	5237	0	PREDICTED: Xenopus (Silurana) tropicalis nidogen 2 (osteonidogen) (nid2), transcript variant X1, mRNA	Q14112	186	7.00E-46	Nidogen-2	.	.	.	.	pfam07474	G2F	G2F domain. Nidogen, an invariant component of basement membranes, is a multifunctional protein that interacts with most other major basement membrane proteins. The G2 fragment or (G2F domain) contains binding sites for collagen IV and perlecan. The structure is composed of an 11-stranded beta-barrel with a central helix. This domain is structurally related to that of green fluorescent protein pfam01353. A large surface patch on the beta-barrel is conserved in all metazoan nidogens.	GO:0071711|basement membrane organization;GO:0007155|cell adhesion;GO:0007160|cell-matrix adhesion;GO:0030198|extracellular matrix organization;	GO:0005604|basement membrane;GO:0070062|extracellular exosome;GO:0031012|extracellular matrix;GO:0005576|extracellular region;	GO:0005509|calcium ion binding;GO:0005518|collagen binding;	K06826	NID; nidogen (entactin)	11.26712852	3.361434754	10.9342644	5.135686275	9.901422756	4.011609406	5.54259787	6.965467665	4.75780988	10.70958186	2.685365662	7.493209101	8.525480699	4.835535402	11.14837395	3.645171483	8.259667378	3.831484298	4.669399576	2.767003114	4.178142114	3.998656988	3.501251896	5.380190409	4.132276199	8.82478936	4.481124642	10.62639631	6.560421123	7.529689252	5.088511493	3.520423378	4.575904091	5.163305595	3.293673956	6.439986848	10.37203042	6.640547933	13.38698313	4.238307787	11.41841762	8.494063945	4.479265918	9.05327538	4.37932348	6.506198995	4.632989153	4.384774276
tnfsf10l	protein_coding	chrNC_030684.1:18400127-18406521:+	gi|512858823|ref|XP_004916844.1|	1763	0	PREDICTED: tumor necrosis factor ligand superfamily member 10-like isoform X1 [Xenopus tropicalis]	gi|847156288|ref|XM_004916787.2|	1953	0	PREDICTED: Xenopus (Silurana) tropicalis tumor necrosis factor ligand superfamily member 10-like (LOC100497331), transcript variant X1, mRNA	P50591	130	3.00E-32	Tumor necrosis factor ligand superfamily member 10	.	.	.	.	pfam00229	TNF	TNF(tumor Necrosis Factor) family.	GO:0006919|activation of cysteine-type endopeptidase activity involved in apoptotic process;GO:0097296|activation of cysteine-type endopeptidase activity involved in apoptotic signaling pathway;GO:0006915|apoptotic process;GO:0007166|cell surface receptor signaling pathway;GO:0007267|cell-cell signaling;GO:0006955|immune response;GO:0008584|male gonad development;GO:1902042|negative regulation of extrinsic apoptotic signaling pathway via death domain receptors;GO:0043065|positive regulation of apoptotic process;GO:0043280|positive regulation of cysteine-type endopeptidase activity involved in apoptotic process;GO:2001238|positive regulation of extrinsic apoptotic signaling pathway;GO:0043123|positive regulation of I-kappaB kinase/NF-kappaB signaling;GO:0090200|positive regulation of release of cytochrome c from mitochondria;GO:1902041|regulation of extrinsic apoptotic signaling pathway via death domain receptors;GO:0032868|response to insulin;GO:0007165|signal transduction;	GO:0070062|extracellular exosome;GO:0005576|extracellular region;GO:0005615|extracellular space;GO:0005887|integral component of plasma membrane;	GO:0046872|metal ion binding;GO:0005102|receptor binding;	K04721	TNFSF10, TRAIL; tumor necrosis factor ligand superfamily member 10	10.53699152	2.364898031	11.37579092	2.023353601	4.800384278	2.393933694	18.77105635	21.02886446	54.81545179	41.11430818	16.94074087	42.32316458	10.04488829	4.167738304	13.1590167	3.880681839	10.18553666	5.945470115	53.09268628	15.10324942	55.98453929	36.25870394	33.01096077	47.36277383	2.693460454	7.843757956	3.258792318	11.06511509	4.239001176	4.485114055	29.87648415	18.00091936	33.94335655	41.83849301	13.01359141	30.23592028	15.8233131	6.875245722	11.71758346	5.910520481	15.97124577	14.45279008	37.19972908	24.55896702	44.28682342	24.20050727	32.21176644	49.70844862
c3	protein_coding	chrNC_030679.1:130561577-130587377:+	gi|197246359|gb|AAI68633.1|	8682	0	Unknown (protein for IMAGE:7685509), partial [Xenopus tropicalis]	gi|847170837|ref|XM_012953413.1|	5117	0	PREDICTED: Xenopus (Silurana) tropicalis complement component 3 (c3), transcript variant X1, mRNA	Q0ZZJ6	1751	0	A.superbus venom factor 1	.	.	.	.	pfam07678	A2M_comp	A-macroglobulin complement component. This family includes the complement components region of the alpha-2-macroglobulin family.	GO:0006956|complement activation;GO:0006954|inflammatory response;	GO:0005615|extracellular space;	GO:0004866|endopeptidase inhibitor activity;GO:0046872|metal ion binding;	.	.	3845.629478	2355.663785	2546.853311	2832.542351	2104.242915	2382.314054	13.91630328	17.24911728	10.78467995	28.92662382	1.601586027	11.22020524	5581.367113	4360.059561	2417.071512	1381.579889	2089.186126	726.7056197	9.617625192	170.3459999	6.606726914	6.3167518	19.45202348	5.289606718	3106.071681	3989.098172	4038.825009	6174.914273	4361.503571	5266.741682	7.536670717	7.83198135	10.38111994	9.487218055	30.15348731	22.89786398	3143.536084	3006.857271	2190.185515	2341.643156	1966.384622	2324.2263	12.14887811	15.84089756	5.349218481	17.99110697	12.19546446	15.30193151
igf1	protein_coding	chrNC_030679.1:39667842-39729794:-	gi|301614806|ref|XP_002936875.1|	755	1.00E-95	PREDICTED: insulin-like growth factor I [Xenopus tropicalis]	gi|847113704|ref|XM_002936829.3|	1307	0	PREDICTED: Xenopus (Silurana) tropicalis insulin-like growth factor 1 (somatomedin C) (igf1), mRNA	P16501	275	2.00E-89	Insulin-like growth factor I-A	.	.	.	.	pfam00049	Insulin	Insulin/IGF/Relaxin family. Superfamily includes insulins; relaxins; insulin-like growth factor; and bombyxin. All are secreted regulatory hormones. Disulfide rich, all-alpha fold. Alignment includes B chain, linker (which is processed out of the final product), and A chain.	GO:0060323|head morphogenesis;GO:0007275|multicellular organism development;GO:0043066|negative regulation of apoptotic process;GO:0090201|negative regulation of release of cytochrome c from mitochondria;GO:0030178|negative regulation of Wnt signaling pathway;	GO:0005576|extracellular region;GO:0005615|extracellular space;	GO:0008083|growth factor activity;	K05459	IGF1; insulin-like growth factor 1	24.45459409	13.66088988	20.30904626	23.61325987	15.75433061	22.04588862	3.0000538	2.30871471	1.644681999	3.12586137	1.280830249	2.387622659	4.607070618	13.22912583	3.650227225	9.415826194	1.385720705	4.610899815	1.033733098	0.277489809	0.409995454	0.047826477	0.620098565	0.589979769	6.554532084	4.197755454	2.848619267	1.255354266	2.977453666	3.700470316	1.229090916	1.392353132	1.470287289	0.29409244	0.376116189	2.071504456	6.050235865	48.85215357	23.21124968	49.49152005	33.13250947	29.44286751	1.272328232	1.982876906	0.987209994	2.425840822	2.595468067	2.413240633
angptl4	protein_coding	chrNC_030677.1:82447884-82456834:+	gi|301618393|ref|XP_002938598.1|	2191	0	PREDICTED: angiopoietin-related protein 4 [Xenopus tropicalis]	gi|847093596|ref|XM_002938552.3|	2548	0	PREDICTED: Xenopus (Silurana) tropicalis angiopoietin-like 4 (angptl4), mRNA	Q9Z1P8	300	3.00E-91	Angiopoietin-related protein 4	.	.	.	.	pfam00147	Fibrinogen_C	Fibrinogen beta and gamma chains, C-terminal globular domain.	GO:0001525|angiogenesis;GO:0009267|cellular response to starvation;GO:0043066|negative regulation of apoptotic process;GO:2000352|negative regulation of endothelial cell apoptotic process;GO:0051005|negative regulation of lipoprotein lipase activity;GO:0045834|positive regulation of lipid metabolic process;GO:0051260|protein homooligomerization;GO:0001666|response to hypoxia;GO:0070328|triglyceride homeostasis;	GO:0072562|blood microparticle;GO:0005576|extracellular region;GO:0005615|extracellular space;GO:0005578|proteinaceous extracellular matrix;	GO:0004857|enzyme inhibitor activity;GO:0042802|identical protein binding;	K08767	ANGPTL4, PGAR; angiopoietin-like 4	15.21574826	1.867873897	11.3073258	1.243161195	4.093279008	2.148893604	9.764493737	1.650024268	3.778213357	5.938891245	3.230828956	1.549948323	27.03919442	8.432800167	14.13710452	4.836290988	23.50754102	7.058522542	7.786401172	8.360560297	10.21880798	4.549127652	2.769879047	3.720484669	13.09371773	18.81877355	4.186465275	25.84616142	15.3476924	22.57937202	1.664434146	4.877971857	2.291309783	9.659286148	6.942557942	4.082237735	19.0246418	10.8488612	26.81642431	4.055191921	24.89104773	27.82476162	0.694337679	0.917971804	4.383766421	8.11712002	2.247983349	5.936173768
lipc	protein_coding	chrNC_030679.1:89435756-89502206:-	gi|166795961|ref|NP_001107731.1|	2579	0	hepatic triacylglycerol lipase precursor [Xenopus tropicalis]	gi|847162346|ref|XM_012970028.1|	1704	0	PREDICTED: Xenopus (Silurana) tropicalis lipase, hepatic (lipc), transcript variant X1, mRNA	O46559	601	0	Hepatic triacylglycerol lipase	.	.	.	.	pfam00151	Lipase	Lipase.	GO:0016042|lipid catabolic process;	GO:0034364|high-density lipoprotein particle;	GO:0008201|heparin binding;GO:0004806|triglyceride lipase activity;	K01046	E3.1.1.3; triacylglycerol lipase [EC:3.1.1.3]	68.02299065	370.7701324	72.60821506	344.7096398	41.44763213	424.4194662	4.443495712	5.581135117	4.352085836	4.340659781	0.201058816	3.086571572	86.56878898	402.1348328	42.07202107	229.4322234	38.78045698	73.48120689	1.893157547	2.831339451	3.953493261	1.42644011	3.406907295	0.926122991	164.2716643	241.0841135	219.7162393	35.11885621	299.1276311	133.5223515	1.855163604	0.404750303	0.397929151	2.231321523	3.874564447	5.653614293	143.0056437	351.3212697	42.2420576	462.5105059	52.41277643	188.454113	6.951938813	16.34130004	3.448030546	13.01705013	4.828735866	2.256796234
cxcl12	protein_coding	chrNC_030683.1:37782394-37841002:-	gi|62751610|ref|NP_001015764.1|	482	3.00E-53	stromal cell-derived factor 1 precursor [Xenopus tropicalis]	gi|62751609|ref|NM_001015764.1|	2962	0	Xenopus (Silurana) tropicalis chemokine (C-X-C motif) ligand 12 (cxcl12), mRNA	Q5EBF6	190	8.00E-55	Stromal cell-derived factor 1	.	.	.	.	pfam00048	IL8	Small cytokines (intecrine/chemokine), interleukin-8 like. Includes a number of secreted growth factors and interferons involved in mitogenic, chemotactic, and inflammatory activity. Structure contains two highly conserved disulfide bonds.	GO:0007411|axon guidance;GO:0060326|cell chemotaxis;GO:0070098|chemokine-mediated signaling pathway;GO:0007186|G-protein coupled receptor signaling pathway;GO:0006955|immune response;GO:0050930|induction of positive chemotaxis;GO:0006954|inflammatory response;GO:0007509|mesoderm migration involved in gastrulation;GO:0030335|positive regulation of cell migration;	GO:0009897|external side of plasma membrane;GO:0005615|extracellular space;	GO:0042056|chemoattractant activity;GO:0008009|chemokine activity;GO:0045236|CXCR chemokine receptor binding;	K10031	CXCL12; C-X-C motif chemokine 12	333.582523	147.6860771	445.3349618	145.0830062	194.3051448	118.6503067	16.40455987	20.74061536	24.23445159	17.10364697	15.29591741	13.05097894	387.1001413	156.4145678	401.2753486	123.780264	463.2664142	211.4891147	35.50171836	17.38432964	36.76396156	23.4181271	40.26557695	25.20093236	153.9566554	350.5976952	191.5378281	461.9585064	202.5456583	289.2316841	16.53659695	16.06847828	16.89189201	28.87086461	20.33588117	26.94743807	318.9523895	275.5195678	442.9333436	203.7886167	474.3245342	417.34103	23.10313941	19.25349759	23.61440782	15.82674862	27.55421219	16.99168582
gpi	protein_coding	chrNC_030680.1:19407485-19430385:-	gi|58332406|ref|NP_001011010.1|	2989	0	glucose-6-phosphate isomerase [Xenopus tropicalis]	gi|58332405|ref|NM_001011010.1|	2119	0	Xenopus (Silurana) tropicalis glucose-6-phosphate isomerase (gpi), mRNA	P06744	965	0	Glucose-6-phosphate isomerase	HI1576	722	0	COG0166	pfam00342	PGI	Phosphoglucose isomerase. Phosphoglucose isomerase catalyses the interconversion of glucose-6-phosphate and fructose-6-phosphate.	GO:0046185|aldehyde catabolic process;GO:0001525|angiogenesis;GO:0061621|canonical glycolysis;GO:0005975|carbohydrate metabolic process;GO:0034101|erythrocyte homeostasis;GO:0006094|gluconeogenesis;GO:0051156|glucose 6-phosphate metabolic process;GO:0042593|glucose homeostasis;GO:0007599|hemostasis;GO:0006959|humoral immune response;GO:0001701|in utero embryonic development;GO:0007611|learning or memory;GO:0001707|mesoderm formation;GO:0019242|methylglyoxal biosynthetic process;GO:0043154|negative regulation of cysteine-type endopeptidase activity involved in apoptotic process;GO:0043524|negative regulation of neuron apoptotic process;GO:0046686|response to cadmium ion;GO:0032355|response to estradiol;GO:0035902|response to immobilization stress;GO:0043278|response to morphine;GO:0035994|response to muscle stretch;GO:0032570|response to progesterone;GO:0033574|response to testosterone;	GO:0060170|ciliary membrane;GO:0005737|cytoplasm;GO:0005829|cytosol;GO:0070062|extracellular exosome;GO:0005615|extracellular space;GO:0016020|membrane;GO:0043209|myelin sheath;GO:0043005|neuron projection;GO:0005654|nucleoplasm;GO:0005886|plasma membrane;	GO:0004347|glucose-6-phosphate isomerase activity;GO:0016866|intramolecular transferase activity;GO:0048029|monosaccharide binding;GO:0031625|ubiquitin protein ligase binding;	K01810	GPI, pgi; glucose-6-phosphate isomerase [EC:5.3.1.9]	111.4673955	202.0963752	183.4665885	329.2881209	81.43683869	131.3077871	290.1915595	406.1489399	345.8871797	361.6342511	75.79021685	303.7422851	285.6424939	130.3616592	134.002726	242.7124339	208.9921843	69.69459292	192.9064212	211.4463216	189.8741354	224.1688806	277.2909049	142.2439468	136.102025	358.017169	463.5722409	181.0012525	144.6177583	399.7809733	253.1927287	248.7177295	302.5233554	252.1019457	255.5668189	374.7718861	250.6993776	206.9134778	100.8148942	161.9119034	106.7943401	157.9677177	429.2373877	665.7583978	211.170643	304.4721039	394.3741812	270.9682258
postn	protein_coding	chrNC_030678.1:148502816-148562230:+	gi|163915007|ref|NP_001106376.1|	4014	0	periostin precursor [Xenopus tropicalis]	gi|163915006|ref|NM_001112905.1|	3244	0	Xenopus (Silurana) tropicalis periostin, osteoblast specific factor (postn), mRNA	Q15063	1044	0	Periostin	MA1996	74.7	1.00E-13	COG2335	pfam02469	Fasciclin	Fasciclin domain. This extracellular domain is found repeated four times in grasshopper fasciclin I as well as in proteins from mammals, sea urchins, plants, yeast and bacteria.	GO:1990523|bone regeneration;GO:0007155|cell adhesion;GO:0044344|cellular response to fibroblast growth factor stimulus;GO:0071560|cellular response to transforming growth factor beta stimulus;GO:0071356|cellular response to tumor necrosis factor;GO:0071307|cellular response to vitamin K;GO:0030198|extracellular matrix organization;GO:0001953|negative regulation of cell-matrix adhesion;GO:1900025|negative regulation of substrate adhesion-dependent cell spreading;GO:1990138|neuron projection extension;GO:1904209|positive regulation of chemokine (C-C motif) ligand 2 secretion;GO:0014911|positive regulation of smooth muscle cell migration;GO:0008593|regulation of Notch signaling pathway;GO:0003073|regulation of systemic arterial blood pressure;GO:0032355|response to estradiol;GO:0001666|response to hypoxia;GO:0009612|response to mechanical stimulus;GO:0014850|response to muscle activity;GO:0001501|skeletal system development;	GO:0031012|extracellular matrix;GO:0005615|extracellular space;GO:0031594|neuromuscular junction;GO:0005578|proteinaceous extracellular matrix;GO:0005802|trans-Golgi network;	GO:0050839|cell adhesion molecule binding;GO:0008201|heparin binding;GO:0046872|metal ion binding;	.	.	12.18453874	6.9843457	16.26956566	7.400711624	10.47869511	3.479562084	423.6305587	593.3470481	234.5544617	1001.891492	449.6474717	653.7064898	20.38409704	14.79934175	14.92401062	10.64986463	16.47345903	7.744876505	257.6298993	151.157926	188.9490482	217.255109	249.3801404	403.7717164	14.93676077	23.24353772	11.28013887	17.11045462	16.10349213	20.11745738	383.7018613	189.7624466	294.1413035	263.1260766	165.3364361	531.0763924	18.82519938	12.49040631	20.35488162	5.846004822	18.72270131	10.58429547	243.9425931	563.6696211	389.256525	580.0964252	376.2316663	320.6667367
tnxb	protein_coding	chrNC_030684.1:54121735-54164968:+	gi|512860516|ref|XP_002941313.2|	14254	0	PREDICTED: tenascin-X [Xenopus tropicalis]	gi|847160309|ref|XM_002941267.3|	9544	0	PREDICTED: Xenopus (Silurana) tropicalis tenascin XB (tnxb), mRNA	P22105	304	5.00E-81	Tenascin-X	.	.	.	.	pfam00147	Fibrinogen_C	Fibrinogen beta and gamma chains, C-terminal globular domain.	GO:0030036|actin cytoskeleton organization;GO:0007155|cell adhesion;GO:0030199|collagen fibril organization;GO:0032963|collagen metabolic process;GO:0048251|elastic fiber assembly;	GO:0070062|extracellular exosome;GO:0005615|extracellular space;GO:0005622|intracellular;GO:0005578|proteinaceous extracellular matrix;	GO:0008201|heparin binding;GO:0005178|integrin binding;	K06252	TN; tenascin	5.164801051	2.672492438	6.825441331	1.900038158	6.609590692	1.670509282	9.995586158	14.49848174	8.230846451	16.60399416	9.290054434	10.01229244	8.367185669	4.407024232	5.708074219	2.297756747	11.87853126	3.521305874	7.310603896	9.01527034	8.074259181	6.807734411	21.91439238	3.702527784	3.437554935	5.552564868	2.37660868	12.06566916	2.824633448	4.245295152	5.641679202	7.687534239	4.024285674	7.994300926	7.160280431	10.85433385	6.954735884	3.655628001	7.808555127	2.010712174	10.27457345	6.558279503	10.38324044	14.07595569	7.531415534	8.650723462	12.46986711	9.425634272
nell2	protein_coding	chrNC_030679.1:54574219-54690283:+	gi|148235875|ref|NP_001090754.1|	4339	0	protein kinase C-binding protein NELL2 precursor [Xenopus tropicalis]	gi|148235874|ref|NM_001097285.1|	3892	0	Xenopus (Silurana) tropicalis neural EGFL like 2 (nell2), mRNA	A2VCU8	1675	0	Protein kinase C-binding protein NELL2	.	.	.	.	pfam12947	EGF_3	EGF domain. This family includes a variety of EGF-like domain homologues. This family includes the C-terminal domain of the malaria parasite MSP1 protein.	.	GO:0005576|extracellular region;	GO:0005509|calcium ion binding;	.	.	11.74178689	3.504201445	12.26704395	5.30837821	10.96654456	4.298306264	2.634199243	3.731500961	2.971261615	1.95129528	0.779559865	2.12121996	8.683549443	7.266901659	9.383728072	3.093848227	9.854309155	4.524749191	0.865521502	1.047745927	2.000266062	0.840924741	2.917973492	0.847835195	3.779841388	7.237149739	5.893523081	12.7493974	4.323190188	5.856521207	0.351656568	0.575420013	0.840012359	1.905969042	1.367149104	1.973968743	7.814186689	7.221792437	10.27487964	4.509814384	13.74356903	12.27851839	2.713657638	3.144836574	1.285155455	1.355928003	4.35554109	3.871622681
apoe	protein_coding	chrNC_030683.1:101372175-101377797:+	gi|49522289|gb|AAH75258.1|	1238	1.00E-164	apoe protein, partial [Xenopus tropicalis]	gi|847105036|ref|XM_002941039.3|	1749	0	PREDICTED: Xenopus (Silurana) tropicalis apolipoprotein E (apoe), transcript variant X4, mRNA	O42364	132	3.00E-33	Apolipoprotein Eb	.	.	.	.	pfam01442	Apolipoprotein	Apolipoprotein A1/A4/E domain. These proteins contain several 22 residue repeats which form a pair of alpha helices. This family includes: Apolipoprotein A-I. Apolipoprotein A-IV, and Apolipoprotein E.	GO:0006695|cholesterol biosynthetic process;GO:0006707|cholesterol catabolic process;GO:0033344|cholesterol efflux;GO:0042632|cholesterol homeostasis;GO:0034380|high-density lipoprotein particle assembly;GO:0042159|lipoprotein catabolic process;GO:0043524|negative regulation of neuron apoptotic process;GO:0031102|neuron projection regeneration;GO:0033700|phospholipid efflux;GO:0010873|positive regulation of cholesterol esterification;GO:0046889|positive regulation of lipid biosynthetic process;GO:0051000|positive regulation of nitric-oxide synthase activity;GO:0030516|regulation of axon extension;GO:1900221|regulation of amyloid-beta clearance;GO:0032374|regulation of cholesterol transport;GO:0043691|reverse cholesterol transport;GO:0019433|triglyceride catabolic process;GO:0034372|very-low-density lipoprotein particle remodeling;	GO:0072562|blood microparticle;GO:0042627|chylomicron;GO:0034364|high-density lipoprotein particle;GO:0034363|intermediate-density lipoprotein particle;	GO:0001540|amyloid-beta binding;GO:0015485|cholesterol binding;GO:0017127|cholesterol transporter activity;GO:0050750|low-density lipoprotein particle receptor binding;GO:0060228|phosphatidylcholine-sterol O-acyltransferase activator activity;GO:0005543|phospholipid binding;GO:0070326|very-low-density lipoprotein particle receptor binding;	K04524	APOE; apolipoprotein E	70.98252282	3.029478968	25.74059487	9.190922897	56.80650823	2.431168701	41.42984901	112.4746454	49.04123842	21.92018799	8.855392459	26.11949951	292.3821532	28.56098168	179.8572745	6.905785257	223.0290021	5.409628908	34.57190525	23.71149913	40.79362255	38.82142385	49.21874742	31.37413977	5.238617877	205.569687	13.20448792	194.387364	70.60455853	84.0364962	24.13329385	13.38885783	14.45735557	26.13111179	9.360576285	53.70044	77.07327703	4.544566532	86.41694773	4.411912251	77.83412487	49.31578744	70.37860054	106.4273797	35.96275349	109.4720667	57.24216023	11.27138195
mmp15	protein_coding	chrNC_030680.1:27645917-27683484:+	gi|62860164|ref|NP_001015921.1|	3159	0	matrix metalloproteinase-15 [Xenopus tropicalis]	gi|77682534|ref|NM_001015921.2|	3469	0	Xenopus tropicalis matrix metallopeptidase 15 (mmp15), mRNA	P51511	786	0	Matrix metalloproteinase-15	.	.	.	.	pfam00413	Peptidase_M10	Matrixin. The members of this family are enzymes that cleave peptides. These proteases require zinc for catalysis.	GO:0006464|cellular protein modification process;GO:0030574|collagen catabolic process;GO:0035987|endodermal cell differentiation;GO:0022617|extracellular matrix disassembly;GO:0006508|proteolysis;GO:0032355|response to estradiol;	GO:0031012|extracellular matrix;GO:0005887|integral component of plasma membrane;GO:0005886|plasma membrane;	GO:0005509|calcium ion binding;GO:0008047|enzyme activator activity;GO:0070006|metalloaminopeptidase activity;GO:0004222|metalloendopeptidase activity;GO:0004252|serine-type endopeptidase activity;GO:0008270|zinc ion binding;	K07995	MMP15; matrix metalloproteinase-15 (membrane-inserted) [EC:3.4.24.-]	4.176572094	1.350761624	3.854413005	2.068093497	2.285215972	1.64132173	2.643030967	2.362264157	2.89208086	4.88356348	1.458343535	3.277505713	3.456577315	2.75561913	4.404626383	1.637011414	3.997730589	1.465169956	2.08285178	1.81456493	1.599616606	1.545340673	2.663549867	2.174854802	1.519665709	3.628106754	1.987205256	3.725105493	2.475882257	2.629375567	1.691103402	1.487727699	1.521161626	2.111675529	2.007389149	1.666086619	2.823259149	1.994418627	4.804994539	1.667374637	3.643917818	2.54823324	1.920005804	4.503754394	2.297425683	2.608935492	2.29255714	1.817051148
clul1	protein_coding	chrNC_030682.1:93054729-93062799:-	gi|512847017|ref|XP_002934179.2|	1662	0	PREDICTED: clusterin-like protein 1 [Xenopus tropicalis]	gi|847138163|ref|XM_002934133.3|	1969	0	PREDICTED: Xenopus (Silurana) tropicalis clusterin-like 1 (retinal) (clul1), mRNA	Q95KN1	170	1.00E-44	Clusterin-like protein 1	.	.	.	.	pfam01093	Clusterin	Clusterin.	GO:0008219|cell death;	GO:0005576|extracellular region;	.	.	.	3.468993127	4.683833615	2.609429427	7.384355117	1.225167383	1.001737789	0.352824915	0.673367504	0.249191423	0.573796731	1.222596858	0.403429893	10.1897283	5.920006619	3.314562766	5.888854793	4.477953028	1.129551361	0.163150474	0.398536725	0.116474663	0.25362239	0.239776561	0.325900541	3.749631514	8.519478359	4.928699317	6.538229485	2.118791231	6.745572683	0.0	0.068366734	0.100821851	0.357399963	0.186987467	0.124830984	7.232099014	3.909886611	5.696369781	4.231060652	2.010659574	4.944263976	0.291942641	0.219065361	0.556234186	0.262533915	0.254883149	0.442461341
c1qtnf1	protein_coding	chrNC_030685.1:11842355-11853886:-	gi|163915089|ref|NP_001106527.1|	1379	0	complement C1q tumor necrosis factor-related protein 8 precursor [Xenopus tropicalis]	gi|847162294|ref|XM_012970010.1|	1150	0	PREDICTED: Xenopus (Silurana) tropicalis C1q and tumor necrosis factor related protein 1 (c1qtnf1), transcript variant X1, mRNA	Q5XIG2	295	5.00E-96	Complement C1q tumor necrosis factor-related protein 1	.	.	.	.	pfam00386	C1q	C1q domain. C1q is a subunit of the C1 enzyme complex that activates the serum complement system.	.	GO:0005581|collagen trimer;GO:0005576|extracellular region;	.	.	.	8.371254118	1.844899733	6.562766578	4.206739554	9.530432491	3.053378764	10.98638215	24.6234261	7.495786335	17.63801255	18.79078215	11.88323665	5.364232659	4.226177243	5.705659522	2.601460248	5.445430505	2.917766943	6.992487426	3.554041213	5.523937511	5.958472095	4.572732632	8.186054806	2.561342493	4.706623458	1.91136685	4.019589779	4.486436321	7.240899759	8.916787401	4.623374717	6.080288217	5.878311174	4.488783185	11.12786812	4.792623402	4.596995717	9.696339704	2.939502618	9.834613425	7.370573838	8.147879361	15.88645671	9.483010438	14.06496912	10.52113313	8.7882589
tgfbr3	protein_coding	chrNC_030680.1:94552854-94677662:+	gi|512835964|ref|XP_004913781.1|	4224	0	PREDICTED: transforming growth factor beta receptor type 3 isoform X1 [Xenopus tropicalis]	gi|847125798|ref|XM_004913724.2|	7692	0	PREDICTED: Xenopus (Silurana) tropicalis transforming growth factor, beta receptor III (tgfbr3), transcript variant X1, mRNA	P35054	487	5.00E-147	Transforming growth factor beta receptor type 3	.	.	.	.	pfam00100	Zona_pellucida	Zona pellucida-like domain.	GO:0030509|BMP signaling pathway;GO:0016049|cell growth;GO:0001837|epithelial to mesenchymal transition;GO:0006955|immune response;GO:0035556|intracellular signal transduction;GO:0051271|negative regulation of cellular component movement;GO:0032354|response to follicle-stimulating hormone;GO:0007165|signal transduction;GO:0007179|transforming growth factor beta receptor signaling pathway;	GO:0009897|external side of plasma membrane;GO:0031012|extracellular matrix;GO:0016021|integral component of membrane;GO:0005622|intracellular;GO:0005578|proteinaceous extracellular matrix;	GO:0015026|coreceptor activity;GO:0005539|glycosaminoglycan binding;GO:0008201|heparin binding;GO:0050431|transforming growth factor beta binding;GO:0070123|transforming growth factor beta receptor activity, type III;GO:0005160|transforming growth factor beta receptor binding;GO:0005024|transforming growth factor beta-activated receptor activity;	K05843	TGFBR3; transforming growth factor, beta receptor III	49.33157252	14.77127819	50.37673727	5.709394154	24.81539071	4.77444269	8.713613735	12.82402269	7.497612382	8.492837835	3.620858035	6.268679882	39.7270571	5.715072326	44.9064666	7.105436409	44.15079167	7.308122567	6.982356261	9.576022384	6.55329552	11.06643206	10.17790743	7.209773995	9.585408008	32.08010442	5.521950364	70.42912619	8.479183153	18.07654464	7.135715962	8.765730835	7.745294955	7.049924121	7.649228122	7.807877163	69.81019456	25.32773691	53.13216994	16.95062673	37.41383028	54.14911523	11.96295218	9.251884919	13.14521359	5.883323373	16.88104646	9.705120468
fbn2	protein_coding	chrNC_030677.1:159018045-159159808:+	gi|512810739|ref|XP_002931771.2|	14311	0	PREDICTED: fibrillin-2 [Xenopus tropicalis]	gi|847090290|ref|XM_002931725.3|	11646	0	PREDICTED: Xenopus (Silurana) tropicalis fibrillin 2 (fbn2), mRNA	Q61555	91.7	2.00E-16	Fibrillin-2	.	.	.	.	pfam00683	TB	TB domain. This domain is also known as the 8 cysteine domain. This family includes the hybrid domains. This cysteine rich repeat is found in TGF binding protein and fibrillin.	GO:0060346|bone trabecula formation;GO:0043010|camera-type eye development;GO:0048048|embryonic eye morphogenesis;GO:0030326|embryonic limb morphogenesis;GO:0035108|limb morphogenesis;GO:0030501|positive regulation of bone mineralization;GO:0045669|positive regulation of osteoblast differentiation;GO:0035583|sequestering of TGFbeta in extracellular matrix;	GO:0031012|extracellular matrix;GO:0005576|extracellular region;GO:0001527|microfibril;	GO:0005509|calcium ion binding;GO:0005201|extracellular matrix structural constituent;	.	.	2.288698867	1.605128103	2.602483496	1.201693376	1.963145303	1.02717817	1.758037875	1.805023972	0.945487376	4.075000214	1.113312698	2.766702267	2.963164313	2.229365125	2.765323265	1.584122353	2.613899119	1.521267463	1.007425455	0.935862933	0.855241002	1.044782255	0.647604368	1.158813447	1.79627106	3.295042634	1.69311332	3.139274955	1.223337149	1.737302921	1.940361586	1.162105334	1.334883848	1.093296938	0.85947442	1.84041559	3.255759935	2.406410632	3.473404817	1.024143099	3.219222716	2.155241835	0.888969159	2.25267403	1.657166672	1.872690077	1.105237768	1.345988686
fbn1	protein_coding	chrNC_030679.1:93845661-93969772:-	gi|512827448|ref|XP_002936615.2|	14414	0	PREDICTED: fibrillin-1 [Xenopus tropicalis]	gi|847111608|ref|XM_002936569.3|	10642	0	PREDICTED: Xenopus (Silurana) tropicalis fibrillin 1 (fbn1), mRNA	P98133	97.1	3.00E-18	Fibrillin-1	.	.	.	.	pfam00683	TB	TB domain. This domain is also known as the 8 cysteine domain. This family includes the hybrid domains. This cysteine rich repeat is found in TGF binding protein and fibrillin.	GO:0034199|activation of protein kinase A activity;GO:0009653|anatomical structure morphogenesis;GO:0042593|glucose homeostasis;GO:0006006|glucose metabolic process;GO:0010737|protein kinase A signaling;GO:0090287|regulation of cellular response to growth factor stimulus;	GO:0005576|extracellular region;GO:0005615|extracellular space;GO:0005622|intracellular;GO:0001527|microfibril;	GO:0005509|calcium ion binding;GO:0005201|extracellular matrix structural constituent;GO:0008201|heparin binding;GO:0005179|hormone activity;	K06825	FBN1; fibrillin 1	5.815399906	2.54862988	5.375196805	1.96989151	3.421863852	2.315280404	30.01522444	44.97909937	24.96849115	33.33392482	17.89486191	25.23494138	3.868305048	4.380626529	4.882205813	2.068240169	5.252427713	3.253905101	22.53868141	10.59651496	19.12386574	14.83948367	23.27011346	18.35400064	2.524955238	4.929594922	2.442113089	6.447803953	2.24226961	2.948808661	20.63941854	12.10750323	15.4885303	18.59418937	9.896583726	26.69795986	5.060467635	3.83045678	4.893494163	2.42732311	5.448805186	4.192334731	23.93302966	47.8010887	20.56966403	40.22736474	32.22133043	27.0626583
LOC100496716	protein_coding	chrNC_030683.1:74219445-74235579:+	gi|512853816|ref|XP_002942520.2|	1045	8.00E-129	PREDICTED: interleukin-18 [Xenopus tropicalis]	gi|847148398|ref|XM_002942474.3|	2671	0	PREDICTED: Xenopus (Silurana) tropicalis interleukin-18 (LOC100496716), mRNA	Q9TU73	60.1	1.00E-08	Interleukin-18	.	.	.	.	pfam00340	IL1	Interleukin-1 / 18. This family includes interleukin-1 and interleukin-18.	GO:0001525|angiogenesis;GO:0071222|cellular response to lipopolysaccharide;GO:0071407|cellular response to organic cyclic compound;GO:0006955|immune response;GO:0006954|inflammatory response;GO:0042095|interferon-gamma biosynthetic process;GO:0031663|lipopolysaccharide-mediated signaling pathway;GO:0000165|MAPK cascade;GO:0030101|natural killer cell activation;GO:0045662|negative regulation of myoblast differentiation;GO:0042104|positive regulation of activated T cell proliferation;GO:0010628|positive regulation of gene expression;GO:0032725|positive regulation of granulocyte macrophage colony-stimulating factor production;GO:0032729|positive regulation of interferon-gamma production;GO:0032740|positive regulation of interleukin-17 production;GO:0032819|positive regulation of natural killer cell proliferation;GO:0042346|positive regulation of NF-kappaB import into nucleus;GO:0051142|positive regulation of NK T cell proliferation;GO:0042088|T-helper 1 type immune response;	GO:0070062|extracellular exosome;GO:0005615|extracellular space;GO:0005622|intracellular;	GO:0005125|cytokine activity;	K05482	IL18, IL1F4; interleukin 18	3.598149869	3.689026773	3.23470328	5.219679581	1.757088298	2.543257052	1.323517058	1.974295297	1.625097854	1.784067579	0.708724066	1.265805283	6.023178346	4.114100324	3.725789571	4.365144363	3.444444456	1.197524446	1.563088031	4.434744091	1.325825705	1.83443008	1.234712967	1.839398264	5.208205849	15.21780199	10.04877963	3.791695807	4.405132891	11.34317095	2.675199058	1.783410232	2.725669861	1.787571974	2.039783447	2.531058847	5.893553249	3.379828363	3.913330188	2.470996477	3.169003144	2.545574052	1.58465957	1.11321914	1.536341207	1.712110703	1.23910674	1.920979232
olfml3	protein_coding	chrNC_030678.1:67665487-67675124:-	gi|118403662|ref|NP_001072318.1|	2182	0	olfactomedin-like protein 3 precursor [Xenopus tropicalis]	gi|847088505|ref|XM_012965130.1|	3399	0	PREDICTED: Xenopus (Silurana) tropicalis olfactomedin-like 3 (olfml3), transcript variant X1, mRNA	Q0V9V5	843	0	Olfactomedin-like protein 3	.	.	.	.	pfam02191	OLF	Olfactomedin-like domain.	GO:0007275|multicellular organism development;	GO:0005576|extracellular region;	.	.	.	3.658728577	2.334226372	5.919199823	2.877996533	3.705540879	1.470331517	46.07434873	102.0620421	34.11008727	114.1967898	81.89011573	53.64103392	4.543976025	5.314100349	3.496203038	2.199705365	5.534664586	2.260818855	39.4329473	17.14191607	37.34165062	25.24190716	44.11469451	60.15801929	2.615816037	6.701580213	2.577255066	4.584202961	3.275486678	3.921995835	50.14808256	24.65808839	31.50385647	43.46575358	20.74850446	69.18079168	4.902920885	2.950420223	5.228577459	2.417328517	7.876422151	5.58930932	36.91984341	71.78796661	47.24160118	66.34564433	52.54156375	41.24715088
bmp6	protein_coding	chrNC_030682.1:83419275-83504741:+	gi|163915013|ref|NP_001106378.1|	2399	0	bone morphogenetic protein 6 precursor [Xenopus tropicalis]	gi|163915012|ref|NM_001112907.1|	2349	0	Xenopus (Silurana) tropicalis bone morphogenetic protein 6 (bmp6), mRNA	Q04906	639	0	Bone morphogenetic protein 6	.	.	.	.	pfam00688	TGFb_propeptide	TGF-beta propeptide. This propeptide is known as latency associated peptide (LAP) in TGF-beta. LAP is a homodimer which is disulfide linked to TGF-beta binding protein.	GO:0030509|BMP signaling pathway;GO:0051216|cartilage development;GO:0048468|cell development;GO:0006879|cellular iron ion homeostasis;GO:0071281|cellular response to iron ion;GO:0071260|cellular response to mechanical stimulus;GO:0001958|endochondral ossification;GO:0001654|eye development;GO:0040007|growth;GO:0006955|immune response;GO:0006954|inflammatory response;GO:0001822|kidney development;GO:0030539|male genitalia development;GO:0060586|multicellular organismal iron ion homeostasis;GO:0000122|negative regulation of transcription from RNA polymerase II promoter;GO:0001503|ossification;GO:0001649|osteoblast differentiation;GO:0032349|positive regulation of aldosterone biosynthetic process;GO:2000860|positive regulation of aldosterone secretion;GO:0030501|positive regulation of bone mineralization;GO:0032332|positive regulation of chondrocyte differentiation;GO:0045603|positive regulation of endothelial cell differentiation;GO:0001938|positive regulation of endothelial cell proliferation;GO:0031666|positive regulation of lipopolysaccharide-mediated signaling pathway;GO:0045666|positive regulation of neuron differentiation;GO:0045669|positive regulation of osteoblast differentiation;GO:0010862|positive regulation of pathway-restricted SMAD protein phosphorylation;GO:0060391|positive regulation of SMAD protein import into nucleus;GO:0045944|positive regulation of transcription from RNA polymerase II promoter;GO:0042981|regulation of apoptotic process;GO:0045595|regulation of cell differentiation;GO:0043408|regulation of MAPK cascade;GO:0014823|response to activity;GO:0051384|response to glucocorticoid;GO:0010039|response to iron ion;GO:0032026|response to magnesium ion;GO:0032526|response to retinoic acid;GO:0060395|SMAD protein signal transduction;GO:0003323|type B pancreatic cell development;	GO:0005737|cytoplasm;GO:0005615|extracellular space;	GO:0070700|BMP receptor binding;GO:0005125|cytokine activity;GO:0008083|growth factor activity;GO:0005160|transforming growth factor beta receptor binding;	K16620	BMP6; bone morphogenetic protein 6	9.060900793	3.295487252	8.057834048	5.663607425	6.170915447	3.167039687	1.765285231	1.974054276	1.794676838	4.331227581	3.154081295	3.015584618	7.748494334	7.105414956	7.724384628	4.305970712	7.973074284	3.399713973	1.262697152	1.107242222	1.034999775	0.6270379	1.089880204	1.3452242	4.734325639	9.866795855	4.65121763	8.101493611	6.68911178	8.056653434	1.374290034	1.058243703	0.86700783	1.480832852	0.803990385	2.281128136	10.43125114	6.778769066	10.88283555	4.615956704	9.12405012	6.377658513	1.366845591	2.206774094	1.350573877	2.793823557	1.397300024	2.692701169
tnfsf10	protein_coding	chrNC_030681.1:92949458-92959835:-	gi|512841018|ref|XP_002931598.2|	1444	0	PREDICTED: tumor necrosis factor ligand superfamily member 10 [Xenopus tropicalis]	gi|847129371|ref|XM_002931552.3|	2869	0	PREDICTED: Xenopus (Silurana) tropicalis tumor necrosis factor (ligand) superfamily, member 10 (tnfsf10), mRNA	P50591	239	4.00E-70	Tumor necrosis factor ligand superfamily member 10	.	.	.	.	pfam00229	TNF	TNF(tumor Necrosis Factor) family.	GO:0006919|activation of cysteine-type endopeptidase activity involved in apoptotic process;GO:0097296|activation of cysteine-type endopeptidase activity involved in apoptotic signaling pathway;GO:0006915|apoptotic process;GO:0007166|cell surface receptor signaling pathway;GO:0007267|cell-cell signaling;GO:0006955|immune response;GO:0008584|male gonad development;GO:1902042|negative regulation of extrinsic apoptotic signaling pathway via death domain receptors;GO:0043065|positive regulation of apoptotic process;GO:0043280|positive regulation of cysteine-type endopeptidase activity involved in apoptotic process;GO:2001238|positive regulation of extrinsic apoptotic signaling pathway;GO:0043123|positive regulation of I-kappaB kinase/NF-kappaB signaling;GO:0090200|positive regulation of release of cytochrome c from mitochondria;GO:1902041|regulation of extrinsic apoptotic signaling pathway via death domain receptors;GO:0032868|response to insulin;GO:0007165|signal transduction;	GO:0070062|extracellular exosome;GO:0005576|extracellular region;GO:0005615|extracellular space;GO:0005887|integral component of plasma membrane;	GO:0046872|metal ion binding;GO:0005102|receptor binding;	K04721	TNFSF10, TRAIL; tumor necrosis factor ligand superfamily member 10	20.54792595	5.299803057	19.31396498	10.54590865	7.411656553	3.536159373	14.47565133	12.39555185	13.46741969	13.11123979	11.84670962	11.47878491	21.37089711	41.99552064	14.33070445	7.078495943	19.56296803	8.604269648	14.29102911	43.50776019	12.75312575	11.72651053	40.630856	16.58378535	10.33912591	25.14815981	10.80481312	18.48126867	10.51176367	17.09701361	19.13461379	32.22192125	53.21488004	20.95742447	11.65867071	22.36396093	19.9119163	11.35325579	23.72096471	9.551735827	52.3025146	20.59326363	44.21451128	13.77221496	21.79392979	25.98155303	64.87232248	70.71055887
clu	protein_coding	chrNW_016683964.1:36869-39048:+	gi|49522319|gb|AAH75303.1|	796	6.00E-101	MGC89163 protein [Xenopus tropicalis]	gi|56789335|gb|BC088762.1|	702	0	Xenopus tropicalis MGC89163 protein, mRNA (cDNA clone MGC:108473 IMAGE:6998203), complete cds	P14018	185	7.00E-54	Clusterin	.	.	.	.	pfam01093	Clusterin	Clusterin.	GO:0008219|cell death;	GO:0042583|chromaffin granule;GO:0005829|cytosol;GO:0005783|endoplasmic reticulum;GO:0005576|extracellular region;GO:0031966|mitochondrial membrane;GO:0005634|nucleus;	.	.	.	15.11293915	6.698007424	8.105890751	38.64096594	6.463252436	6.612778867	36.64133809	45.97420559	54.22664486	36.04892946	30.0985621	29.11096356	75.78183468	58.48303079	6.771717832	20.29357811	9.168370845	2.867890585	61.40593379	166.9897699	36.53189654	58.93107702	68.50270948	33.38484288	18.32508831	22.53774327	35.73202147	18.89922563	27.05979949	76.2689013	68.5279465	27.73819552	47.578722	71.24117061	64.74596412	103.4496771	34.33701711	8.256540722	7.435212296	7.541136507	8.455962575	7.394339905	70.1919199	65.55733771	34.55326388	86.49781932	58.94898991	27.61819836
nid1	protein_coding	chrNC_030681.1:60252309-60300053:+	gi|512842629|ref|XP_002935874.2|	6427	0	PREDICTED: nidogen-1 isoform X1 [Xenopus tropicalis]	gi|847131246|ref|XM_002935828.3|	5418	0	PREDICTED: Xenopus (Silurana) tropicalis nidogen 1 (nid1), transcript variant X1, mRNA	P14543	1304	0	Nidogen-1	.	.	.	.	pfam07474	G2F	G2F domain. Nidogen, an invariant component of basement membranes, is a multifunctional protein that interacts with most other major basement membrane proteins. The G2 fragment or (G2F domain) contains binding sites for collagen IV and perlecan. The structure is composed of an 11-stranded beta-barrel with a central helix. This domain is structurally related to that of green fluorescent protein pfam01353. A large surface patch on the beta-barrel is conserved in all metazoan nidogens.	GO:0071711|basement membrane organization;GO:0007160|cell-matrix adhesion;GO:0022617|extracellular matrix disassembly;GO:0030198|extracellular matrix organization;GO:0032836|glomerular basement membrane development;GO:0010811|positive regulation of cell-substrate adhesion;	GO:0005605|basal lamina;GO:0005604|basement membrane;GO:0071944|cell periphery;GO:0070062|extracellular exosome;GO:0031012|extracellular matrix;GO:0005576|extracellular region;	GO:0005509|calcium ion binding;GO:0005518|collagen binding;GO:0043236|laminin binding;GO:0043394|proteoglycan binding;	K06826	NID; nidogen (entactin)	6.166972127	3.942343401	8.031325063	5.038619707	6.911990266	3.956031932	11.64304454	15.5626103	14.94600461	19.12479191	3.252357288	17.62747064	8.149690017	7.490899345	6.992118214	3.922433235	7.453434236	4.209323278	8.526353259	6.406535038	8.266829395	8.211014531	9.525546071	6.724764926	3.897854314	8.286855829	3.82333818	9.536007413	4.365218551	5.718054591	8.672820332	7.34602676	8.472014049	9.666176796	8.328020047	13.96772888	8.124677009	5.779924402	8.300688054	5.008595699	8.133855527	7.600477819	13.21600376	22.46238273	9.389656948	13.14348371	13.1588928	10.77535374
sparc	protein_coding	chrNC_030679.1:11519289-11535993:-	gi|45361541|ref|NP_989347.1|	1434	0	SPARC precursor [Xenopus tropicalis]	gi|51491873|ref|NM_204016.2|	1679	0	Xenopus (Silurana) tropicalis secreted protein, acidic, cysteine-rich (osteonectin) (sparc), mRNA	P36378	516	5.00E-180	SPARC	.	.	.	.	pfam10591	SPARC_Ca_bdg	Secreted protein acidic and rich in cysteine Ca binding region. The SPARC_Ca_bdg domain of Secreted Protein Acidic and Rich in Cysteine is responsible for the anti-spreading activity of human urothelial cells. It is rich in alpha-helices. This extracellular calcium-binding domain contains two EF-hands that each coordinates one Ca2+ ion, forming a helix-loop-helix structure that not only drives the conformation of the protein but is also necessary for biological activity. The anti-spreading activity was dependent on the coordination of Ca2+ by a Glu residue at the Z position of EF-hand 2.	GO:0007165|signal transduction;	GO:0005604|basement membrane;GO:0005615|extracellular space;	GO:0005509|calcium ion binding;	.	.	104.0263476	54.06287074	88.90201301	132.4725062	140.5910759	83.0870655	1875.634368	5082.991298	646.6343027	4823.012707	3377.478636	2479.768794	74.86498584	293.2729341	50.4847984	27.49096935	50.97320793	30.49665997	730.890023	186.2957884	319.3103063	318.3674726	573.4460578	1262.843439	42.31907781	92.49581401	35.61672716	58.56687473	42.46191288	71.93353944	1331.561521	277.0652506	475.4091558	744.2681524	191.2194641	1892.503517	57.0305574	97.00047902	60.08989302	64.46544253	106.920625	66.01974123	520.1795383	3835.430564	450.0591878	3224.156492	800.0476927	1046.630778
c2	protein_coding	chrNC_030684.1:53833003-53870229:-	gi|512861362|ref|XP_002943019.2|	4111	0	PREDICTED: complement C2 [Xenopus tropicalis]	gi|847157853|ref|XM_002942973.3|	2469	0	PREDICTED: Xenopus (Silurana) tropicalis complement component 2 (c2), mRNA	Q3SYW2	576	0	Complement C2	.	.	.	.	pfam00092	VWA	von Willebrand factor type A domain.	GO:0006958|complement activation, classical pathway;GO:0045087|innate immune response;	GO:0005576|extracellular region;	GO:0046872|metal ion binding;GO:0004252|serine-type endopeptidase activity;	K01332	C2; complement component 2 [EC:3.4.21.43]	166.4688104	133.1929435	171.9315569	230.1358093	153.8390951	101.3611244	1.836939617	2.429022217	1.401638672	1.956037188	0.583485877	2.056553546	288.0482091	293.8948123	132.3626137	82.94352779	132.5242226	69.44616218	1.0945421	0.802611269	0.794109693	1.244999336	1.120982824	1.306506097	163.0772834	365.4841634	196.5921384	255.692704	209.9883549	295.4539365	0.999849779	0.839008525	1.072329611	0.691139072	0.458948582	1.506415217	243.3730867	185.7399197	228.9869629	146.3439073	168.423826	152.5171741	1.167718013	2.099518974	0.749543886	2.255303497	0.91232476	1.615065916
cfb	protein_coding	chrNC_030684.1:53744892-53777706:-	gi|512861354|ref|XP_002943021.2|	3444	0	PREDICTED: complement factor B-like [Xenopus tropicalis]	gi|847158885|ref|XM_002942975.3|	3130	0	PREDICTED: Xenopus (Silurana) tropicalis complement factor B-like (LOC100491419), mRNA	P04186	448	3.00E-141	Complement factor B	.	.	.	.	pfam00092	VWA	von Willebrand factor type A domain.	GO:0008283|cell proliferation;GO:0006957|complement activation, alternative pathway;	GO:0072562|blood microparticle;GO:0070062|extracellular exosome;GO:0005615|extracellular space;	GO:0004252|serine-type endopeptidase activity;	K01335	CFB; component factor B [EC:3.4.21.47]	646.2440926	562.629036	697.7709568	982.9544711	554.1211374	488.2238631	1.175402487	6.808489324	4.205402668	8.423111991	0.174669047	3.052539854	2215.891315	1094.760817	728.5474364	491.9481108	516.9079753	188.4039818	11.64277504	41.72449046	2.396219681	7.68394313	4.206174087	2.598076623	899.4203791	1287.427906	787.312524	1320.665036	822.7545528	2060.370637	10.1534958	8.790630377	20.02895705	8.877607443	8.31485218	25.80171419	896.0077267	865.5155126	716.4719393	625.2510909	573.1447977	583.957015	6.068665516	3.983694728	1.051777675	5.590961355	2.027829894	3.369751602
thbs1	protein_coding	chrNC_030684.1:98501300-98515014:+	gi|301615580|ref|XP_002937245.1|	5815	0	PREDICTED: thrombospondin-1 [Xenopus tropicalis]	gi|847159617|ref|XM_002937199.3|	5537	0	PREDICTED: Xenopus (Silurana) tropicalis thrombospondin 1 (thbs1), mRNA	P35448	2152	0	Thrombospondin-1	.	.	.	.	pfam05735	TSP_C	Thrombospondin C-terminal region. This region is found at the C-terminus of thrombospondin and related proteins.	GO:0007155|cell adhesion;GO:0006954|inflammatory response;GO:0016525|negative regulation of angiogenesis;GO:0006986|response to unfolded protein;	GO:0005783|endoplasmic reticulum;GO:0005615|extracellular space;GO:0016529|sarcoplasmic reticulum;	GO:0005509|calcium ion binding;GO:0050840|extracellular matrix binding;GO:0008201|heparin binding;	.	.	49.17914711	6.306837677	58.72994189	12.01355774	132.194841	6.92209975	35.12805426	53.30755135	152.3077372	55.2054103	58.78869739	30.60184526	19.86658692	29.65872322	23.73686681	8.477672493	28.66200574	4.932854679	67.59126406	106.752431	68.68141579	59.86441137	70.6547457	22.89908927	10.2160854	25.94230223	12.52818539	24.85014563	15.33242025	22.81934417	59.85719375	94.789977	102.584094	86.19707614	82.7920751	60.89923633	15.42266755	11.48021086	89.08155112	7.383789856	52.83642743	30.73510293	29.7980329	24.71783441	58.72874279	55.92192863	57.91870871	45.28397981
tf	protein_coding	chrNC_030681.1:126324097-126345250:+	gi|73853808|ref|NP_001027487.1|	3678	0	serotransferrin precursor [Xenopus tropicalis]	gi|73853807|ref|NM_001032316.1|	2302	0	Xenopus (Silurana) tropicalis transferrin (tf), mRNA	Q501K5	1421	0	Serotransferrin	.	.	.	.	pfam00405	Transferrin	Transferrin.	GO:0006811|ion transport;GO:0055072|iron ion homeostasis;	GO:0005615|extracellular space;	GO:0046872|metal ion binding;	K14736	TF; transferrin	11988.11686	9427.218	10816.52886	10390.45069	10853.58987	8506.561532	27.55467563	12.43530708	14.43188552	17.90241369	8.910416673	19.14370963	13622.97113	17367.74849	11013.7861	6456.505812	12587.18415	3770.706777	16.57841276	53.80232466	9.232632522	9.069038659	34.59633242	15.242575	5455.933361	13174.30056	7504.892751	10100.22448	10580.9811	11325.63059	51.52944977	21.11706461	37.15780126	26.28686469	38.75048547	23.05794211	14340.68627	11789.07354	11154.03714	10165.27835	10718.88411	10673.33716	26.07333276	15.13119823	21.82068589	16.70203815	59.32565849	41.78262715
smpdl3a	protein_coding	chrNC_030681.1:68275178-68295361:+	gi|349732204|ref|NP_001025618.2|	2425	0	acid sphingomyelinase-like phosphodiesterase 3a precursor [Xenopus tropicalis]	gi|847127930|ref|XM_012963075.1|	2259	0	PREDICTED: Xenopus (Silurana) tropicalis sphingomyelin phosphodiesterase, acid-like 3A (smpdl3a), transcript variant X1, mRNA	Q92484	583	0	Acid sphingomyelinase-like phosphodiesterase 3a	.	.	.	.	pfam00149	Metallophos	Calcineurin-like phosphoesterase. This family includes a diverse range of phosphoesterases, including protein phosphoserine phosphatases, nucleotidases, sphingomyelin phosphodiesterases and 2'-3' cAMP phosphodiesterases as well as nucleases such as bacterial SbcD or yeast MRE11. The most conserved regions in this superfamily centre around the metal chelating residues.	GO:0009143|nucleoside triphosphate catabolic process;	GO:0070062|extracellular exosome;GO:0005615|extracellular space;	GO:0008081|phosphoric diester hydrolase activity;GO:0008270|zinc ion binding;	K01128	SMPDL3; sphingomyelin phosphodiesterase acid-like 3 [EC:3.1.4.-]	7.424119326	3.606083858	8.252429751	6.910119005	4.241994522	3.742772648	5.522153828	4.527698075	4.555707896	3.596615834	3.207258296	3.293845035	7.909549706	9.419010972	5.734179871	5.452062452	6.789160721	2.693230472	5.454099405	9.838546406	6.100181788	5.74952618	8.101582187	6.10109544	5.42187197	22.13555525	4.841332349	5.290440099	15.28201337	16.99819026	7.097148269	13.312986	12.667318	6.001071636	9.584816109	7.302896627	10.57735623	4.532581726	8.294455151	3.984704488	10.2892325	6.741933457	7.645023961	4.053984549	6.48084777	7.761695167	10.14497152	9.813542168
fstl1	protein_coding	chrNW_016683629.1:37140-43868:+	gi|113931544|ref|NP_001039221.1|	1085	2.00E-139	follistatin-related protein 1 precursor [Xenopus tropicalis]	gi|113931543|ref|NM_001045756.1|	2043	0	Xenopus tropicalis follistatin like 1 (fstl1), mRNA	Q58D84	302	2.00E-94	Follistatin-related protein 1	.	.	.	.	pfam13499	EF-hand_7	EF-hand domain pair.	GO:0042594|response to starvation;	GO:0070062|extracellular exosome;GO:0005615|extracellular space;	GO:0005509|calcium ion binding;GO:0008201|heparin binding;	.	.	6.176531764	1.90873159	4.37537036	4.286803098	4.876340428	2.751502996	84.14206191	117.452013	73.65490162	131.7327292	73.45378505	116.4763035	5.732229779	9.401617015	7.45998819	3.095544689	6.433703273	2.544109318	69.0210228	21.35790609	59.39077007	37.12701124	72.48755363	77.94522407	3.307195412	7.057954496	4.602853731	8.520610332	4.391118641	6.490507458	71.34580126	32.7853733	57.59228781	76.52472024	22.58488162	99.79091594	4.328681632	3.298035684	4.743920442	2.005156227	6.644279229	3.037756172	65.52490395	173.047601	50.35711171	142.0496003	90.39278292	79.11370534
LOC100491968	protein_coding	chrNC_030679.1:131012670-131091741:+	gi|512876870|ref|XP_004919148.1|	8772	0	PREDICTED: complement C3-like isoform X1 [Xenopus tropicalis]	gi|847170843|ref|XM_004919091.2|	5795	0	PREDICTED: Xenopus (Silurana) tropicalis complement C3-like (LOC100491968), transcript variant X1, mRNA	Q2UVX4	1598	0	Complement C3	.	.	.	.	pfam07678	A2M_comp	A-macroglobulin complement component. This family includes the complement components region of the alpha-2-macroglobulin family.	GO:0006957|complement activation, alternative pathway;GO:0006958|complement activation, classical pathway;GO:0006631|fatty acid metabolic process;GO:0006954|inflammatory response;GO:0045745|positive regulation of G-protein coupled receptor protein signaling pathway;GO:0010828|positive regulation of glucose transport;GO:0010884|positive regulation of lipid storage;GO:0001934|positive regulation of protein phosphorylation;GO:0010866|regulation of triglyceride biosynthetic process;	GO:0005615|extracellular space;	GO:0031715|C5L2 anaphylatoxin chemotactic receptor binding;GO:0004866|endopeptidase inhibitor activity;	K03990	C3; complement component 3	193.3039237	64.54503231	170.9813844	75.27244791	71.07571561	65.25597451	0.178889345	0.021338181	0.130293358	0.111117764	0.0	0.118991335	131.1567464	35.14697493	97.80276634	30.61864949	72.33210253	24.16837464	0.034122239	0.042744763	0.040600314	0.110508461	0.035820189	0.193122081	88.28696044	116.4764614	66.19986053	254.0543969	58.97355266	132.6967334	0.16384344	0.023831027	0.257723501	0.249162356	0.076042645	0.108782825	147.131152	178.253351	101.0107329	88.2817428	147.0098412	155.4396349	0.056535724	0.087269721	0.0	0.205904511	0.23322138	0.023727933
lipg	protein_coding	chrNC_030677.1:191708348-191716434:+	gi|512809666|ref|XP_002934486.2|	2714	0	PREDICTED: endothelial lipase isoform X1 [Xenopus tropicalis]	gi|847089267|ref|XM_002934440.3|	1923	0	PREDICTED: Xenopus (Silurana) tropicalis lipase, endothelial (lipg), transcript variant X1, mRNA	Q9Y5X9	666	0	Endothelial lipase	.	.	.	.	pfam00151	Lipase	Lipase.	GO:0008283|cell proliferation;GO:0042632|cholesterol homeostasis;GO:0034375|high-density lipoprotein particle remodeling;GO:0044241|lipid digestion;GO:0006629|lipid metabolic process;GO:0009395|phospholipid catabolic process;GO:0055091|phospholipid homeostasis;GO:0032376|positive regulation of cholesterol transport;GO:0010983|positive regulation of high-density lipoprotein particle clearance;GO:0050746|regulation of lipoprotein metabolic process;GO:0007584|response to nutrient;GO:0043691|reverse cholesterol transport;	GO:0009986|cell surface;GO:0005769|early endosome;GO:0005576|extracellular region;GO:0005615|extracellular space;GO:0005794|Golgi apparatus;	GO:0008201|heparin binding;GO:0004465|lipoprotein lipase activity;GO:0008970|phosphatidylcholine 1-acylhydrolase activity;GO:0004620|phospholipase activity;	K01046	E3.1.1.3; triacylglycerol lipase [EC:3.1.1.3]	33.16639126	21.74133315	29.88634675	25.09636104	36.58309026	17.25382734	9.100690692	13.83200144	5.332912872	16.87440886	4.00636337	7.753713062	16.31670673	8.924860834	48.38586614	25.10879019	19.83151942	14.4708657	5.922083676	11.73987994	4.721078447	4.814002094	5.740152189	7.216076309	7.381367912	26.97559086	13.97924612	50.86339874	16.29476994	23.88757272	5.270109207	3.598313831	6.119766589	6.879625746	5.561836447	6.589049652	29.11506136	26.72486766	19.61103287	19.04471866	13.45516508	17.12033525	7.162800222	9.674566683	3.919303505	9.986156391	4.56808771	3.93278583
LOC101732593	protein_coding	chrNC_030682.1:4869522-4872931:-	gi|512849524|ref|XP_004915576.1|	774	7.00E-102	PREDICTED: cathelicidin-related peptide Oh-Cath-like [Xenopus tropicalis]	gi|847136883|ref|XM_004915519.2|	633	0	PREDICTED: Xenopus (Silurana) tropicalis cathelicidin-related peptide Oh-Cath-like (LOC101732593), mRNA	.	.	.	.	.	.	.	.	pfam00666	Cathelicidins	Cathelicidin. A novel protein family, showing a conserved proregion and a variable carboxyl-terminal antimicrobial domain. This region shows similarity to cystatins.	.	.	.	.	.	38.12528623	44.8681363	41.71319021	116.8969816	18.53500488	36.13743944	4.258595224	28.63991308	28.55562116	40.40921821	10.84307994	23.15193196	86.50312431	24.91899048	53.75193758	57.63090359	71.41347706	17.74860737	47.86155739	46.12989425	22.33737362	35.27692955	11.26140398	12.77489319	33.01989388	87.41937856	149.8363459	55.80516997	27.80087381	112.6512024	28.03346722	21.0717188	97.20867368	55.05250935	17.24049803	100.4293593	54.972801	64.69007962	15.68677473	25.65240496	21.90401455	25.19269666	23.17469216	24.2377481	3.413290142	41.80719067	15.6110943	20.55019075
bpi	protein_coding	chrNC_030686.1:30711073-30727760:-	gi|166795971|ref|NP_001107736.1|	2371	0	bactericidal/permeability-increasing protein precursor [Xenopus tropicalis]	gi|166795970|ref|NM_001114264.1|	1586	0	Xenopus (Silurana) tropicalis bactericidal/permeability-increasing protein (bpi), mRNA	P17453	410	2.00E-136	Bactericidal permeability-increasing protein	.	.	.	.	pfam02886	LBP_BPI_CETP_C	LBP / BPI / CETP family, C-terminal domain. The N and C terminal domains of the LBP/BPI/CETP family are structurally similar.	GO:0050829|defense response to Gram-negative bacterium;GO:0006955|immune response;	GO:0005615|extracellular space;GO:0016020|membrane;	GO:0001530|lipopolysaccharide binding;	.	.	10.32749033	6.423106756	10.5702823	7.316164171	7.669800463	6.033436538	63.29130618	26.61904718	35.87038796	25.91022186	34.4723519	31.77491054	16.70277899	4.762139811	9.804302428	7.577708422	12.73610545	2.057774309	48.58902889	36.2335762	28.02340554	31.13817938	53.43163229	31.06211489	7.410693747	14.76436709	9.95225064	8.527818147	12.36430763	18.2166535	49.67204032	52.06866955	69.84089883	53.14601297	50.89772319	42.56556888	16.95416635	6.377303043	11.24640365	5.268572714	9.658212072	9.251564361	61.26045463	18.15778845	70.51925785	38.41324612	74.18487308	78.6901329
bpi	protein_coding	chrNC_030686.1:30827952-30849637:-	gi|847168170|ref|XP_012827185.1|	2355	0	PREDICTED: bactericidal permeability-increasing protein isoform X1 [Xenopus tropicalis]	gi|847168169|ref|XM_012971731.1|	2487	0	PREDICTED: Xenopus (Silurana) tropicalis bactericidal/permeability-increasing protein (bpi), transcript variant X1, mRNA	P17213	394	9.00E-128	Bactericidal permeability-increasing protein	.	.	.	.	pfam02886	LBP_BPI_CETP_C	LBP / BPI / CETP family, C-terminal domain. The N and C terminal domains of the LBP/BPI/CETP family are structurally similar.	GO:0050829|defense response to Gram-negative bacterium;GO:0006955|immune response;GO:0032715|negative regulation of interleukin-6 production;GO:0032717|negative regulation of interleukin-8 production;GO:0043031|negative regulation of macrophage activation;GO:0032720|negative regulation of tumor necrosis factor production;	GO:0005737|cytoplasm;GO:0070062|extracellular exosome;GO:0005615|extracellular space;GO:0005887|integral component of plasma membrane;	GO:0001530|lipopolysaccharide binding;	.	.	13.25077414	12.27152257	10.1294584	13.82490234	3.597917471	9.20959595	4.906388977	7.994441225	5.179056991	6.302432614	2.402379041	5.159793378	17.40381849	8.594128056	9.659356154	13.36770365	17.19901137	3.756155529	6.510392437	14.29072516	5.375521277	9.296387871	10.04443054	9.142773393	14.0521887	32.54656905	12.36480738	10.88892476	21.30388883	34.44013164	14.05784231	8.866393982	13.04497749	9.606066112	9.798046242	13.28342157	19.79593024	8.845764072	11.36190913	4.963553352	6.471071257	6.726034053	8.276417081	5.260116484	7.853697252	4.424611915	5.682612567	6.605594425
c9	protein_coding	chrNC_030677.1:183624473-183642059:+	gi|166796971|gb|AAI59018.1|	3203	0	c9 protein, partial [Xenopus tropicalis]	gi|847090069|ref|XM_004910445.2|	2021	0	PREDICTED: Xenopus (Silurana) tropicalis complement component 9 (c9), mRNA	Q3MHN2	513	2.00E-173	Complement component C9	.	.	.	.	pfam01823	MACPF	MAC/Perforin domain. The membrane-attack complex (MAC) of the complement system forms transmembrane channels. These channels disrupt the phospholipid bilayer of target cells, leading to cell lysis and death. A number of proteins participate in the assembly of the MAC. Freshly activated C5b binds to C6 to form a C5b-6 complex, then to C7 forming the C5b-7 complex. The C5b-7 complex binds to C8, which is composed of three chains (alpha, beta, and gamma), thus forming the C5b-8 complex. C5b-8 subsequently binds to C9 and acts as a catalyst in the polymerization of C9. Active MAC has a subunit composition of C5b-C6-C7-C8-C9{n}. Perforin is a protein found in cytolytic T-cell and killer cells. In the presence of calcium, perforin polymerizes into transmembrane tubules and is capable of lysing, non-specifically, a variety of target cells. There are a number of regions of similarity in the sequences of complement components C6, C7, C8-alpha, C8-beta, C9 and perforin. The X-ray crystal structure of a MACPF domain reveals that it shares a common fold with bacterial cholesterol dependent cytolysins (pfam01289) such as perfringolysin O. Three key pieces of evidence suggests that MACPF domains and CDCs are homologous: Functional similarity (pore formation), conservation of three glycine residues at a hinge in both families and conservation of a complex core fold.	GO:0006957|complement activation, alternative pathway;GO:0006958|complement activation, classical pathway;GO:0019835|cytolysis;	GO:0072562|blood microparticle;GO:0005737|cytoplasm;GO:0070062|extracellular exosome;GO:0005579|membrane attack complex;	.	K04000	C9; complement component 9	2060.404848	1209.193032	1642.949282	2118.232777	1542.451412	1423.44237	3.71885809	7.709302199	4.9190954	8.507106733	4.175139032	7.537304361	2099.979576	2563.10705	1224.655007	701.4490838	1107.257245	453.3568816	14.93718873	19.57991982	20.91625993	11.78760566	11.36663272	16.48240777	1404.821182	1849.254146	1800.54824	2381.559869	1739.073017	3536.813003	12.24620941	8.712445528	19.11308251	13.73685271	19.62396916	19.21445944	2048.299865	1784.137658	1871.212012	1576.931338	1824.590032	1584.307686	5.835963736	9.008515198	10.69403408	9.28254192	10.57241683	7.65419554
lpl	protein_coding	chrNC_030677.1:77715979-77740078:+	gi|301608942|ref|XP_002934038.1|	2530	0	PREDICTED: lipoprotein lipase [Xenopus tropicalis]	gi|847094016|ref|XM_002933992.3|	4999	0	PREDICTED: Xenopus (Silurana) tropicalis lipoprotein lipase (lpl), mRNA	P11602	763	0	Lipoprotein lipase	.	.	.	.	pfam00151	Lipase	Lipase.	GO:0042632|cholesterol homeostasis;GO:0006633|fatty acid biosynthetic process;GO:0090197|positive regulation of chemokine secretion;GO:0010886|positive regulation of cholesterol storage;GO:0010744|positive regulation of macrophage derived foam cell differentiation;GO:0010890|positive regulation of sequestering of triglyceride;GO:0019433|triglyceride catabolic process;GO:0070328|triglyceride homeostasis;GO:0034372|very-low-density lipoprotein particle remodeling;	GO:0031225|anchored component of membrane;GO:0009986|cell surface;GO:0042627|chylomicron;GO:0070062|extracellular exosome;GO:0005615|extracellular space;GO:0005886|plasma membrane;GO:0034361|very-low-density lipoprotein particle;	GO:0008201|heparin binding;GO:0004465|lipoprotein lipase activity;	K01059	LPL; lipoprotein lipase [EC:3.1.1.34]	33.85169379	23.43441487	52.09795204	27.8571921	36.06914064	8.952848044	19.38949005	32.94821767	21.69944352	21.93655599	7.822108992	26.1205445	25.68228419	63.32191164	24.13510912	13.55074348	28.68450002	10.08173403	26.29127943	10.41811683	26.30943395	22.41836235	22.27065367	35.89873669	15.54836771	28.56767697	32.09826906	26.74397322	43.78158997	35.65509785	22.044836	12.1414889	13.24055717	21.00632274	16.64795661	27.52861558	29.47590971	14.28289761	73.18280335	23.08082096	51.2480422	36.18532736	24.34081749	39.07530567	17.9810851	42.61961604	27.61510297	13.03792711
tfpi2	protein_coding	chrNC_030682.1:24332695-24343724:-	gi|62751741|ref|NP_001015766.1|	1023	6.00E-132	tissue factor pathway inhibitor 2 precursor [Xenopus tropicalis]	gi|62751740|ref|NM_001015766.1|	2027	0	Xenopus (Silurana) tropicalis tissue factor pathway inhibitor 2 (tfpi2), mRNA	Q7YRQ8	236	1.00E-70	Tissue factor pathway inhibitor 2	.	.	.	.	pfam00014	Kunitz_BPTI	Kunitz/Bovine pancreatic trypsin inhibitor domain. Indicative of a protease inhibitor, usually a serine protease inhibitor. Structure is a disulfide rich alpha+beta fold. BPTI (bovine pancreatic trypsin inhibitor) is an extensively studied model structure. Certain family members are similar to the tick anticoagulant peptide (TAP). This is a highly selective inhibitor of factor Xa in the blood coagulation pathways. TAP molecules are highly dipolar, and are arranged to form a twisted two- stranded antiparallel beta-sheet followed by an alpha helix.	GO:0007596|blood coagulation;	GO:0005576|extracellular region;GO:0005634|nucleus;	GO:0004867|serine-type endopeptidase inhibitor activity;	.	.	13.98959619	3.903859887	13.03164059	10.8820121	5.930262591	4.022474762	227.0418916	118.8049555	225.1429751	164.9686832	96.75926279	156.0830161	9.28070654	14.48074454	8.059603828	5.025138461	8.610315232	2.582374887	352.1635569	151.4097748	285.4994922	212.4966495	250.4863219	194.6701846	4.062900937	10.4071671	6.346909422	10.04002509	6.276574113	7.333393812	289.572789	385.3809539	365.2218087	303.5179556	375.9754932	306.3969422	12.44866844	7.070052137	11.61674808	3.838856729	15.53650563	8.817076049	308.6814543	164.8231782	277.2870756	264.4070755	451.9029826	366.1442736
col5a2	protein_coding	chrNC_030685.1:39677783-39793267:+	gi|512867119|ref|XP_002931546.2|	2285	0	PREDICTED: collagen alpha-2(V) chain [Xenopus tropicalis]	gi|847166874|ref|XM_002931500.3|	6892	0	PREDICTED: Xenopus (Silurana) tropicalis collagen, type V, alpha 2 (col5a2), mRNA	P05997	58.2	1.00E-06	Collagen alpha-2(V) chain	.	.	.	.	pfam01410	COLFI	Fibrillar collagen C-terminal domain. Found at C-termini of fibrillar collagens: Ephydatia muelleri procollagen EMF1 alpha, vertebrate collagens alpha(1)III, alpha(1)II, alpha(2)V etc.	GO:0071230|cellular response to amino acid stimulus;GO:0030574|collagen catabolic process;GO:0030199|collagen fibril organization;GO:0030198|extracellular matrix organization;GO:0048592|eye morphogenesis;GO:1903225|negative regulation of endodermal cell differentiation;GO:0001503|ossification;GO:0001501|skeletal system development;GO:0043588|skin development;	GO:0005588|collagen type V trimer;GO:0005788|endoplasmic reticulum lumen;GO:0031012|extracellular matrix;GO:0005576|extracellular region;	GO:0005201|extracellular matrix structural constituent;GO:0046872|metal ion binding;	.	.	4.113870809	1.913323659	3.753960696	3.509176329	3.470685494	1.856336444	41.52745952	59.25310777	27.97800041	88.19554595	38.62491248	70.3259851	3.349404457	10.01025455	3.545375202	2.294089937	3.776977236	1.801116835	26.72657068	11.45455629	19.11448414	18.42312964	22.56566234	32.37634883	2.747082423	4.852342553	1.903928927	4.772666942	2.058371517	3.085000269	37.20019381	21.22701306	26.99513718	25.18434068	13.33390001	43.55067443	3.169426403	3.668394852	3.416095802	1.637799786	4.188034552	2.707194711	23.01404214	70.79128631	24.00008036	58.90397616	32.26769642	35.10894127
col28a1	protein_coding	chrNW_016683410.1:1367121-1425386:-	gi|847140136|ref|XP_012821060.1|	4054	0	PREDICTED: collagen alpha-1(XXVIII) chain [Xenopus tropicalis]	gi|847140135|ref|XM_012965606.1|	2464	0	PREDICTED: Xenopus (Silurana) tropicalis collagen, type XXVIII, alpha 1 (col28a1), mRNA	Q2UY09	78.2	4.00E-13	Collagen alpha-1(XXVIII) chain	.	.	.	.	pfam00092	VWA	von Willebrand factor type A domain.	GO:0007155|cell adhesion;	GO:0005604|basement membrane;GO:0005581|collagen trimer;GO:0005788|endoplasmic reticulum lumen;GO:0005576|extracellular region;	GO:0004867|serine-type endopeptidase inhibitor activity;	.	.	4.702799857	5.291750658	6.70078529	3.879360466	4.633545997	4.238457672	3.268413164	2.054797197	2.109808387	3.190975752	1.730299049	1.543918191	4.313513173	5.825596891	9.417292453	4.206190319	8.327636606	4.699596133	1.740723569	1.139300146	0.814516192	0.950143225	1.211384933	0.918130485	5.618884019	5.642003544	2.455517545	5.272913641	5.671584087	6.310061381	0.864010795	1.208894272	1.269098791	1.460644576	1.102134831	1.084955348	4.669942112	7.04973477	4.963259937	6.491723911	2.799778057	7.21408499	1.633261701	2.063430405	2.490771827	1.593315992	1.947927451	2.794949817
col3a1	protein_coding	chrNC_030685.1:39803845-39864240:-	gi|218847780|ref|NP_001136379.1|	1436	1.00E-166	collagen alpha-1(III) chain precursor [Xenopus tropicalis]	gi|218847779|ref|NM_001142907.1|	5222	0	Xenopus (Silurana) tropicalis collagen, type III, alpha 1 (Ehlers-Danlos syndrome type IV, autosomal dominant) (col3a1), mRNA	P13941	147	4.00E-34	Collagen alpha-1(III) chain	.	.	.	.	pfam01410	COLFI	Fibrillar collagen C-terminal domain. Found at C-termini of fibrillar collagens: Ephydatia muelleri procollagen EMF1 alpha, vertebrate collagens alpha(1)III, alpha(1)II, alpha(2)V etc.	GO:0007568|aging;GO:0060414|aorta smooth muscle tissue morphogenesis;GO:0007160|cell-matrix adhesion;GO:0071230|cellular response to amino acid stimulus;GO:0021987|cerebral cortex development;GO:0030199|collagen fibril organization;GO:0048565|digestive tract development;GO:0007507|heart development;GO:0007229|integrin-mediated signaling pathway;GO:0050777|negative regulation of immune response;GO:2001223|negative regulation of neuron migration;GO:0018149|peptide cross-linking;GO:0035025|positive regulation of Rho protein signal transduction;GO:0034097|response to cytokine;GO:0009612|response to mechanical stimulus;GO:0009314|response to radiation;GO:0001501|skeletal system development;GO:0043588|skin development;GO:0007179|transforming growth factor beta receptor signaling pathway;GO:0042060|wound healing;	GO:0005586|collagen type III trimer;GO:0031012|extracellular matrix;GO:0005615|extracellular space;	GO:0005201|extracellular matrix structural constituent;GO:0046872|metal ion binding;	.	.	34.82471865	15.16964552	22.81784473	36.31007369	25.43916083	19.69496331	433.5040746	615.1459783	263.4585557	834.2032253	194.1789034	706.6869533	22.3030737	73.49604473	13.87981038	8.981703011	19.84989565	7.785521151	214.8370897	34.86161431	113.8359296	83.97744577	133.1741666	213.0710217	15.58277102	33.08616604	11.23798859	26.62544118	12.12064241	21.1900154	350.9329228	117.3384059	202.9112938	199.2665149	53.0629984	477.9527436	17.30186971	27.19503428	17.27040103	14.01061582	30.43445686	16.6703485	160.1359863	1005.348473	147.4978286	618.5830542	270.2717558	363.9602814
loxl1	protein_coding	chrNC_030679.1:82947858-82954271:+	gi|156717522|ref|NP_001096301.1|	2232	0	lysyl oxidase homolog 1 precursor [Xenopus tropicalis]	gi|156717521|ref|NM_001102831.1|	2300	0	Xenopus tropicalis lysyl oxidase like 1 (loxl1), mRNA	Q08397	84.3	2.00E-15	Lysyl oxidase homolog 1	.	.	.	.	pfam01186	Lysyl_oxidase	Lysyl oxidase.	GO:0035904|aorta development;GO:0030198|extracellular matrix organization;GO:0055114|oxidation-reduction process;GO:0018277|protein deamination;GO:0032496|response to lipopolysaccharide;	GO:0001669|acrosomal vesicle;GO:0005604|basement membrane;GO:0005576|extracellular region;GO:0005615|extracellular space;	GO:0005507|copper ion binding;GO:0016641|oxidoreductase activity, acting on the CH-NH2 group of donors, oxygen as acceptor;	K14678	LOXL1; lysyl oxidase-like protein 1 [EC:1.4.3.-]	10.29403555	5.054416011	9.857335198	8.77763177	8.187542095	9.975160132	17.04890994	27.59815309	15.84632385	24.15776423	12.0640528	21.01355132	8.407161627	8.413576459	6.221533618	4.670342742	6.269194067	2.156334927	10.50368841	7.260159981	10.14808052	7.452291402	11.80751944	9.661826025	6.133993892	12.23333274	7.663579761	8.523984731	5.473450541	7.888873539	11.51625633	7.675598269	11.28988759	10.60137482	6.587728942	18.7230215	12.36962137	8.462941437	13.41811775	8.585460173	8.546595992	8.102776006	15.47787571	30.38650311	18.10904492	29.82034163	19.03074022	17.55362177
igfbp1	protein_coding	chrNC_030682.1:67729412-67734315:+	gi|76780851|ref|NP_001029118.1|	1337	8.00E-178	insulin-like growth factor-binding protein 1 precursor [Xenopus tropicalis]	gi|76780850|ref|NM_001033946.1|	2158	0	Xenopus tropicalis insulin like growth factor binding protein 1 (igfbp1), mRNA	P24591	252	4.00E-76	Insulin-like growth factor-binding protein 1	.	.	.	.	pfam00219	IGFBP	Insulin-like growth factor binding protein.	GO:0001558|regulation of cell growth;GO:0043567|regulation of insulin-like growth factor receptor signaling pathway;	GO:0005615|extracellular space;	GO:0031994|insulin-like growth factor I binding;GO:0031995|insulin-like growth factor II binding;	.	.	63.39544152	33.10819362	179.3617226	45.31588071	114.3270575	31.19160152	0	0	0.029157013	0	0	0	16.78368521	170.30277	16.28866456	9.341158455	40.2500735	1.24390435	0.030543462	0.028696235	0	0	0.032063329	0.030505982	11.81092281	437.320827	110.4248615	38.52895069	212.0771032	381.4992317	0	0	0	0	0.116686649	0	5.538780018	3.955006532	94.24620208	5.083617062	77.97609319	58.1860235	0	0.087881378	0.091881894	0.030718171	0	0.031858983
col1a1	protein_coding	chrNC_030686.1:13936262-13962423:+	gi|58332412|ref|NP_001011005.1|	1566	0	collagen alpha-1(I) chain precursor [Xenopus tropicalis]	gi|58332411|ref|NM_001011005.1|	5663	0	Xenopus (Silurana) tropicalis collagen, type I, alpha 1 (col1a1), mRNA	Q9YIB4	60.8	1.00E-07	Collagen alpha-1(I) chain	.	.	.	.	pfam01410	COLFI	Fibrillar collagen C-terminal domain. Found at C-termini of fibrillar collagens: Ephydatia muelleri procollagen EMF1 alpha, vertebrate collagens alpha(1)III, alpha(1)II, alpha(2)V etc.	.	GO:0005581|collagen trimer;GO:0005578|proteinaceous extracellular matrix;	GO:0005201|extracellular matrix structural constituent;GO:0046872|metal ion binding;	.	.	15.10851006	7.168945137	8.784096038	20.78061075	18.42239262	12.4011406	990.4313191	2228.003505	313.663733	2434.00497	3630.414817	1044.302325	6.272110361	60.90141491	4.709278556	4.959954604	7.035130652	2.065062765	325.4610679	60.38021939	119.9768908	106.7627841	298.962926	521.179893	6.60642036	16.77768988	5.195124318	9.627210293	4.690777621	6.691860953	579.2668529	139.0357216	254.0230798	351.677976	54.41783541	907.5736055	4.577157859	8.724651261	5.162615536	5.237565586	15.78883546	6.689671111	174.1416209	1715.380225	199.5130481	1567.502894	408.5550102	683.2856078
calu	protein_coding	chrNC_030679.1:79497494-79505467:-	gi|47498076|ref|NP_998840.1|	1609	0	calumenin precursor [Xenopus tropicalis]	gi|847109171|ref|XM_012958790.1|	2445	0	PREDICTED: Xenopus (Silurana) tropicalis calumenin (calu), transcript variant X1, mRNA	Q28BT4	624	0	Calumenin	.	.	.	.	pfam13499	EF-hand_7	EF-hand domain pair.	.	GO:0005789|endoplasmic reticulum membrane;GO:0005576|extracellular region;GO:0005794|Golgi apparatus;GO:0042470|melanosome;GO:0033018|sarcoplasmic reticulum lumen;	GO:0005509|calcium ion binding;	.	.	26.40382132	19.54034488	26.02991985	24.74463544	24.78225617	14.11343084	30.99895154	55.77091571	26.84368418	74.11010616	28.80007854	47.4418625	21.69143151	27.52407715	25.90548931	16.72999816	21.9303142	17.66551181	23.9320271	27.87159836	25.74659804	25.84353636	23.91909821	40.93330516	20.16654891	26.53398	25.28261904	26.79226344	15.12305738	35.81475531	34.0910028	22.61635696	26.24062813	24.4753354	24.50002575	41.43831559	24.23588676	19.1513558	29.56662634	18.47834796	25.05076388	23.65837596	25.99683217	43.25179714	28.94724476	40.51601309	29.45278903	27.09502877
