GeneName	Biotype	Position	NR:Seq-id	NR:Score	NR:Evalue	NR:Description	NT:Seq-id	NT:Score	NT:Evalue	NT:Description	Uniprot:UniProtKB-AC	Uniprot:Score	Uniprot:Evalue	Uniprot:Description	COG:gene	COG:Score	COG:Eval	COG:num	Pfam:pfam_ID	Pfam:pfam_Name	Pfam:pfam_Description	GO:biological_process	GO:cellular_component	GO:molecular_function	KEGG:KO	KEGG:Description	Lliv1	Lliv2	Lliv3	Lliv4	Lliv5	Lliv6	Lmus1	Lmus2	Lmus3	Lmus4	Lmus5	Lmus6	LMliv1	LMliv2	LMliv3	LMliv4	LMliv5	LMliv6	LMmus1	LMmus2	LMmus3	LMmus4	LMmus5	LMmus6	Mliv1	Mliv2	Mliv3	Mliv4	Mliv5	Mliv6	Mmus1	Mmus2	Mmus3	Mmus4	Mmus5	Mmus6	MLliv1	MLliv2	MLliv3	MLliv4	MLliv5	MLliv6	MLmus1	MLmus2	MLmus3	MLmus4	MLmus5	MLmus6
igf1	protein_coding	chrNC_030679.1:39667842-39729794:-	gi|301614806|ref|XP_002936875.1|	755	1.00E-95	PREDICTED: insulin-like growth factor I [Xenopus tropicalis]	gi|847113704|ref|XM_002936829.3|	1307	0	PREDICTED: Xenopus (Silurana) tropicalis insulin-like growth factor 1 (somatomedin C) (igf1), mRNA	P16501	275	2.00E-89	Insulin-like growth factor I-A	.	.	.	.	pfam00049	Insulin	Insulin/IGF/Relaxin family. Superfamily includes insulins; relaxins; insulin-like growth factor; and bombyxin. All are secreted regulatory hormones. Disulfide rich, all-alpha fold. Alignment includes B chain, linker (which is processed out of the final product), and A chain.	GO:0060323|head morphogenesis;GO:0007275|multicellular organism development;GO:0043066|negative regulation of apoptotic process;GO:0090201|negative regulation of release of cytochrome c from mitochondria;GO:0030178|negative regulation of Wnt signaling pathway;	GO:0005576|extracellular region;GO:0005615|extracellular space;	GO:0008083|growth factor activity;	K05459	IGF1; insulin-like growth factor 1	24.45459409	13.66088988	20.30904626	23.61325987	15.75433061	22.04588862	1.49106186	0.289467606	0.633205702	0.996074113	0.900206373	1.030542551	4.607070618	13.22912583	3.650227225	9.415826194	1.385720705	4.610899815	0.320542065	0.289836436	0.156381875	0.098867674	0.174333443	0.304538162	6.554532084	4.197755454	2.848619267	1.255354266	2.977453666	3.700470316	0.722083044	0.297167946	0.199362982	0.298740892	0.492528468	0.427484187	6.050235865	48.85215357	23.21124968	49.49152005	33.13250947	29.44286751	0.590959645	1.166887312	0.814809108	2.217484915	0.593289401	0.325156011
sparc	protein_coding	chrNC_030679.1:11519289-11535993:-	gi|45361541|ref|NP_989347.1|	1434	0	SPARC precursor [Xenopus tropicalis]	gi|51491873|ref|NM_204016.2|	1679	0	Xenopus (Silurana) tropicalis secreted protein, acidic, cysteine-rich (osteonectin) (sparc), mRNA	P36378	516	5.00E-180	SPARC	.	.	.	.	pfam10591	SPARC_Ca_bdg	Secreted protein acidic and rich in cysteine Ca binding region. The SPARC_Ca_bdg domain of Secreted Protein Acidic and Rich in Cysteine is responsible for the anti-spreading activity of human urothelial cells. It is rich in alpha-helices. This extracellular calcium-binding domain contains two EF-hands that each coordinates one Ca2+ ion, forming a helix-loop-helix structure that not only drives the conformation of the protein but is also necessary for biological activity. The anti-spreading activity was dependent on the coordination of Ca2+ by a Glu residue at the Z position of EF-hand 2.	GO:0007165|signal transduction;	GO:0005604|basement membrane;GO:0005615|extracellular space;	GO:0005509|calcium ion binding;	.	.	104.0263476	54.06287074	88.90201301	132.4725062	140.5910759	83.0870655	662.3396247	522.7597907	245.1875057	1076.404235	399.1975476	1025.377619	74.86498584	293.2729341	50.4847984	27.49096935	50.97320793	30.49665997	165.052945	73.46530817	127.2085991	189.2323738	74.84483919	283.3873306	42.31907781	92.49581401	35.61672716	58.56687473	42.46191288	71.93353944	442.3373783	151.0027621	88.31987874	183.1313099	56.8368172	185.0805957	57.0305574	97.00047902	60.08989302	64.46544253	106.920625	66.01974123	177.9903106	632.355124	453.1844767	1631.932329	594.6007157	806.9030946
LOC101733634	protein_coding	chrNC_030683.1:32196004-32205067:+	gi|512852418|ref|XP_004915979.1|	590	4.00E-75	PREDICTED: beta-microseminoprotein-like isoform X2 [Xenopus tropicalis]	gi|847147041|ref|XM_012966838.1|	647	0	PREDICTED: Xenopus (Silurana) tropicalis beta-microseminoprotein-like (LOC101733634), transcript variant X1, mRNA	O02826	86.3	6.00E-20	Beta-microseminoprotein	.	.	.	.	pfam05825	PSP94	Beta-microseminoprotein (PSP-94). This family consists of the mammalian specific protein beta-microseminoprotein. Prostatic secretory protein of 94 amino acids (PSP94), also called beta-microseminoprotein, is a small, nonglycosylated protein, rich in cysteine residues. It was first isolated as a major protein from human seminal plasma. The exact function of this protein is unknown.	.	GO:0005576|extracellular region;	.	.	.	4.773280099	66.87052851	18.16157348	143.5609006	3.092259202	68.27742378	0.1877675	0.188336795	3.517706893	0.0	0.0	1.737213958	219.1147282	228.5747773	16.4945399	86.3902945	12.17151619	9.978252549	0.208554823	10.65458738	3.968133098	0.868406949	0.680561166	6.241478553	109.0098343	172.7732264	183.20407	63.00822265	254.0044736	221.7038134	1.785278398	1.160081283	10.21480991	0.0	0.961363876	0.18542317	81.89158923	168.053788	2.593850566	83.30665871	10.4749096	40.70748258	0.384497067	1.093267949	19.27217077	0.920914429	9.531548821	20.03745137
LOC100170611	protein_coding	chrNC_030679.1:130810950-130842270:+	gi|512876862|ref|XP_002940096.2|	8809	0	PREDICTED: A.superbus venom factor 1 [Xenopus tropicalis]	gi|847170842|ref|XM_002940050.3|	5510	0	PREDICTED: Xenopus (Silurana) tropicalis A.superbus venom factor 1 (LOC100170611), mRNA	Q01833	1455	0	Complement C3	.	.	.	.	pfam07678	A2M_comp	A-macroglobulin complement component. This family includes the complement components region of the alpha-2-macroglobulin family.	GO:0006957|complement activation, alternative pathway;GO:0006958|complement activation, classical pathway;GO:0006954|inflammatory response;	GO:0005615|extracellular space;	GO:0004866|endopeptidase inhibitor activity;	.	.	51.64659672	28.83172314	27.15547197	36.84402998	25.87094984	31.3475183	0.0	0.046802768	0.011813111	0.0	0.034472483	0.170410887	70.76893762	86.79005042	34.11376095	26.90011001	43.22787866	10.66007553	0.0	0.023431201	0.0	0.023978231	0.0	0.0	51.90352093	70.13408647	73.38459814	82.45408131	48.116385	59.76898349	0.023350098	0.024023901	0.024175605	0.0	0.0	0.011519679	31.34366062	32.83303243	22.57127638	24.68781175	28.52064564	19.29188654	0.0	0.011320138	0.034873139	0.0	0.022136862	0.022531317
leap2	protein_coding	chrNC_030679.1:28336829-28341110:-	gi|163915061|ref|NP_001106385.1|	402	3.00E-48	liver-expressed antimicrobial peptide 2 precursor [Xenopus tropicalis]	gi|163915060|ref|NM_001112914.1|	378	0	Xenopus (Silurana) tropicalis liver expressed antimicrobial peptide 2 (leap2), mRNA	Q969E1	76.6	1.00E-17	Liver-expressed antimicrobial peptide 2	.	.	.	.	pfam07359	LEAP-2	Liver-expressed antimicrobial peptide 2 precursor (LEAP-2). This family consists of several mammalian liver-expressed antimicrobial peptide 2 (LEAP-2) sequences. LEAP-2 is a cysteine-rich, and cationic protein. LEAP-2 contains a core structure with two disulfide bonds formed by cysteine residues in relative 1-3 and 2-4 positions. LEAP-2 is synthesized as a 77-residue precursor, which is predominantly expressed in the liver and highly conserved among mammals. The largest native LEAP-2 form of 40 amino acid residues is generated from the precursor at a putative cleavage site for a furin-like endoprotease. In contrast to smaller LEAP-2 variants, this peptide exhibits dose-dependent antimicrobial activity against selected microbial model organisms. The exact function of this family is unclear.	GO:0042742|defense response to bacterium;	GO:0005576|extracellular region;	.	.	.	236.4895107	322.6595876	221.053126	362.0085399	219.9544331	321.6644578	15.33434586	24.60934124	15.52861602	12.99100556	24.00011358	9.624097599	290.3623815	226.3582193	250.4581835	102.7000007	306.4855397	122.4998979	9.462209556	8.042449932	12.18702986	11.9075389	7.822252412	12.40590181	123.5658992	128.3210985	59.34725657	194.3920351	138.508471	142.1884236	4.945186362	4.912442962	5.82622491	9.876890218	5.059622474	9.590498417	255.9533417	411.1420278	213.400249	227.6229104	206.3000554	340.8750582	13.2580285	14.54991171	22.24165124	14.37308668	10.83145544	8.885385677
c7	protein_coding	chrNC_030677.1:182893667-182929038:-	gi|847090059|ref|XP_012823262.1|	4152	0	PREDICTED: complement component C7 [Xenopus tropicalis]	gi|847090058|ref|XM_012967808.1|	2014	0	PREDICTED: Xenopus (Silurana) tropicalis complement component 7 (c7), mRNA	Q9TUQ3	841	0	Complement component C7	.	.	.	.	pfam01823	MACPF	MAC/Perforin domain. The membrane-attack complex (MAC) of the complement system forms transmembrane channels. These channels disrupt the phospholipid bilayer of target cells, leading to cell lysis and death. A number of proteins participate in the assembly of the MAC. Freshly activated C5b binds to C6 to form a C5b-6 complex, then to C7 forming the C5b-7 complex. The C5b-7 complex binds to C8, which is composed of three chains (alpha, beta, and gamma), thus forming the C5b-8 complex. C5b-8 subsequently binds to C9 and acts as a catalyst in the polymerization of C9. Active MAC has a subunit composition of C5b-C6-C7-C8-C9{n}. Perforin is a protein found in cytolytic T-cell and killer cells. In the presence of calcium, perforin polymerizes into transmembrane tubules and is capable of lysing, non-specifically, a variety of target cells. There are a number of regions of similarity in the sequences of complement components C6, C7, C8-alpha, C8-beta, C9 and perforin. The X-ray crystal structure of a MACPF domain reveals that it shares a common fold with bacterial cholesterol dependent cytolysins (pfam01289) such as perfringolysin O. Three key pieces of evidence suggests that MACPF domains and CDCs are homologous: Functional similarity (pore formation), conservation of three glycine residues at a hinge in both families and conservation of a complex core fold.	GO:0006957|complement activation, alternative pathway;GO:0006958|complement activation, classical pathway;GO:0019835|cytolysis;	GO:0005576|extracellular region;GO:0005579|membrane attack complex;	.	K03996	C7; complement component 7	91.15185485	96.3473922	92.45410412	184.2866512	51.46282719	57.18065193	2.766712383	3.137070489	2.679947926	6.046616706	4.455316256	5.998123713	311.0021699	218.3382272	57.29996211	108.9876581	70.15665621	31.96246381	3.901385289	1.570533821	3.102732463	2.348984387	1.278922813	4.163576279	141.8957537	140.1589034	140.6004798	107.8213925	105.695287	211.5197464	3.828469733	1.684580739	1.495780905	2.714576757	1.453501738	2.518347263	111.7231219	97.97873278	60.30975484	66.30719514	64.7725769	62.5403754	3.768775044	8.451420006	3.644036744	8.991248433	4.770915555	3.113370103
postn	protein_coding	chrNC_030678.1:148502816-148562230:+	gi|163915007|ref|NP_001106376.1|	4014	0	periostin precursor [Xenopus tropicalis]	gi|163915006|ref|NM_001112905.1|	3244	0	Xenopus (Silurana) tropicalis periostin, osteoblast specific factor (postn), mRNA	Q15063	1044	0	Periostin	MA1996	74.7	1.00E-13	COG2335	pfam02469	Fasciclin	Fasciclin domain. This extracellular domain is found repeated four times in grasshopper fasciclin I as well as in proteins from mammals, sea urchins, plants, yeast and bacteria.	GO:1990523|bone regeneration;GO:0007155|cell adhesion;GO:0044344|cellular response to fibroblast growth factor stimulus;GO:0071560|cellular response to transforming growth factor beta stimulus;GO:0071356|cellular response to tumor necrosis factor;GO:0071307|cellular response to vitamin K;GO:0030198|extracellular matrix organization;GO:0001953|negative regulation of cell-matrix adhesion;GO:1900025|negative regulation of substrate adhesion-dependent cell spreading;GO:1990138|neuron projection extension;GO:1904209|positive regulation of chemokine (C-C motif) ligand 2 secretion;GO:0014911|positive regulation of smooth muscle cell migration;GO:0008593|regulation of Notch signaling pathway;GO:0003073|regulation of systemic arterial blood pressure;GO:0032355|response to estradiol;GO:0001666|response to hypoxia;GO:0009612|response to mechanical stimulus;GO:0014850|response to muscle activity;GO:0001501|skeletal system development;	GO:0031012|extracellular matrix;GO:0005615|extracellular space;GO:0031594|neuromuscular junction;GO:0005578|proteinaceous extracellular matrix;GO:0005802|trans-Golgi network;	GO:0050839|cell adhesion molecule binding;GO:0008201|heparin binding;GO:0046872|metal ion binding;	.	.	12.18453874	6.9843457	16.26956566	7.400711624	10.47869511	3.479562084	45.63602187	36.86342933	26.05629893	83.62663138	29.92384033	64.65161074	20.38409704	14.79934175	14.92401062	10.64986463	16.47345903	7.744876505	12.3072113	46.04936715	10.09569451	32.18893914	10.8044266	17.79780121	14.93676077	23.24353772	11.28013887	17.11045462	16.10349213	20.11745738	38.01919675	35.8448278	12.17275216	38.49099909	31.78993803	20.83853794	18.82519938	12.49040631	20.35488162	5.846004822	18.72270131	10.58429547	26.6857239	20.53467256	11.72561506	51.15152453	18.47778522	50.68241307
bpi	protein_coding	chrNC_030686.1:30711073-30727760:-	gi|166795971|ref|NP_001107736.1|	2371	0	bactericidal/permeability-increasing protein precursor [Xenopus tropicalis]	gi|166795970|ref|NM_001114264.1|	1586	0	Xenopus (Silurana) tropicalis bactericidal/permeability-increasing protein (bpi), mRNA	P17453	410	2.00E-136	Bactericidal permeability-increasing protein	.	.	.	.	pfam02886	LBP_BPI_CETP_C	LBP / BPI / CETP family, C-terminal domain. The N and C terminal domains of the LBP/BPI/CETP family are structurally similar.	GO:0050829|defense response to Gram-negative bacterium;GO:0006955|immune response;	GO:0005615|extracellular space;GO:0016020|membrane;	GO:0001530|lipopolysaccharide binding;	.	.	10.32749033	6.423106756	10.5702823	7.316164171	7.669800463	6.033436538	0.12090911	0.363827088	0.408136341	0.455254262	0.516102112	0.745762688	16.70277899	4.762139811	9.804302428	7.577708422	12.73610545	2.057774309	0.223824481	0.404767405	0.436786256	0.787012666	0.535618957	0.467828805	7.410693747	14.76436709	9.95225064	8.527818147	12.36430763	18.2166535	1.008415932	1.90902821	0.125288031	0.41720281	0.619050957	0.955196206	16.95416635	6.377303043	11.24640365	5.268572714	9.658212072	9.251564361	0.825297209	0.273773086	1.285170458	0.830206086	0.956020155	2.568866197
bpi	protein_coding	chrNC_030686.1:30827952-30849637:-	gi|847168170|ref|XP_012827185.1|	2355	0	PREDICTED: bactericidal permeability-increasing protein isoform X1 [Xenopus tropicalis]	gi|847168169|ref|XM_012971731.1|	2487	0	PREDICTED: Xenopus (Silurana) tropicalis bactericidal/permeability-increasing protein (bpi), transcript variant X1, mRNA	P17213	394	9.00E-128	Bactericidal permeability-increasing protein	.	.	.	.	pfam02886	LBP_BPI_CETP_C	LBP / BPI / CETP family, C-terminal domain. The N and C terminal domains of the LBP/BPI/CETP family are structurally similar.	GO:0050829|defense response to Gram-negative bacterium;GO:0006955|immune response;GO:0032715|negative regulation of interleukin-6 production;GO:0032717|negative regulation of interleukin-8 production;GO:0043031|negative regulation of macrophage activation;GO:0032720|negative regulation of tumor necrosis factor production;	GO:0005737|cytoplasm;GO:0070062|extracellular exosome;GO:0005615|extracellular space;GO:0005887|integral component of plasma membrane;	GO:0001530|lipopolysaccharide binding;	.	.	13.25077414	12.27152257	10.1294584	13.82490234	3.597917471	9.20959595	0.212046327	0.734744624	0.136648103	0.489933164	0.22786301	0.657075681	17.40381849	8.594128056	9.659356154	13.36770365	17.19901137	3.756155529	0.25693255	0.638880705	0.062674448	1.80289242	0.372634908	0.162736346	14.0521887	32.54656905	12.36480738	10.88892476	21.30388883	34.44013164	1.331217689	1.885725262	1.218480168	0.259412486	0.769839244	1.104103128	19.79593024	8.845764072	11.36190913	4.963553352	6.471071257	6.726034053	0.690794267	0.299304325	0.729952586	0.434905353	0.603588948	1.768566739
clul1	protein_coding	chrNC_030682.1:93054729-93062799:-	gi|512847017|ref|XP_002934179.2|	1662	0	PREDICTED: clusterin-like protein 1 [Xenopus tropicalis]	gi|847138163|ref|XM_002934133.3|	1969	0	PREDICTED: Xenopus (Silurana) tropicalis clusterin-like 1 (retinal) (clul1), mRNA	Q95KN1	170	1.00E-44	Clusterin-like protein 1	.	.	.	.	pfam01093	Clusterin	Clusterin.	GO:0008219|cell death;	GO:0005576|extracellular region;	.	.	.	3.468993127	4.683833615	2.609429427	7.384355117	1.225167383	1.001737789	0.127533173	0.127919843	0.0	0.180073344	0.314063662	0.124203103	10.1897283	5.920006619	3.314562766	5.888854793	4.477953028	1.129551361	0.247891153	0.096062126	0.172768425	0.098304813	0.154080845	0.033644934	3.749631514	8.519478359	4.928699317	6.538229485	2.118791231	6.745572683	0.031909874	0.196984099	0.198227994	0.09901338	0.065296596	0.125940886	7.232099014	3.909886611	5.696369781	4.231060652	2.010659574	4.944263976	0.032644182	0.061879688	0.285942474	0.156373094	0.272266968	0.307909405
gpi	protein_coding	chrNC_030680.1:19407485-19430385:-	gi|58332406|ref|NP_001011010.1|	2989	0	glucose-6-phosphate isomerase [Xenopus tropicalis]	gi|58332405|ref|NM_001011010.1|	2119	0	Xenopus (Silurana) tropicalis glucose-6-phosphate isomerase (gpi), mRNA	P06744	965	0	Glucose-6-phosphate isomerase	HI1576	722	0	COG0166	pfam00342	PGI	Phosphoglucose isomerase. Phosphoglucose isomerase catalyses the interconversion of glucose-6-phosphate and fructose-6-phosphate.	GO:0046185|aldehyde catabolic process;GO:0001525|angiogenesis;GO:0061621|canonical glycolysis;GO:0005975|carbohydrate metabolic process;GO:0034101|erythrocyte homeostasis;GO:0006094|gluconeogenesis;GO:0051156|glucose 6-phosphate metabolic process;GO:0042593|glucose homeostasis;GO:0007599|hemostasis;GO:0006959|humoral immune response;GO:0001701|in utero embryonic development;GO:0007611|learning or memory;GO:0001707|mesoderm formation;GO:0019242|methylglyoxal biosynthetic process;GO:0043154|negative regulation of cysteine-type endopeptidase activity involved in apoptotic process;GO:0043524|negative regulation of neuron apoptotic process;GO:0046686|response to cadmium ion;GO:0032355|response to estradiol;GO:0035902|response to immobilization stress;GO:0043278|response to morphine;GO:0035994|response to muscle stretch;GO:0032570|response to progesterone;GO:0033574|response to testosterone;	GO:0060170|ciliary membrane;GO:0005737|cytoplasm;GO:0005829|cytosol;GO:0070062|extracellular exosome;GO:0005615|extracellular space;GO:0016020|membrane;GO:0043209|myelin sheath;GO:0043005|neuron projection;GO:0005654|nucleoplasm;GO:0005886|plasma membrane;	GO:0004347|glucose-6-phosphate isomerase activity;GO:0016866|intramolecular transferase activity;GO:0048029|monosaccharide binding;GO:0031625|ubiquitin protein ligase binding;	K01810	GPI, pgi; glucose-6-phosphate isomerase [EC:5.3.1.9]	111.4673955	202.0963752	183.4665885	329.2881209	81.43683869	131.3077871	1650.026056	1852.379115	1143.958407	1608.178229	1118.294214	1488.157749	285.6424939	130.3616592	134.002726	242.7124339	208.9921843	69.69459292	554.3572421	175.77774	705.7252422	388.8774561	673.2025983	690.2308782	136.102025	358.017169	463.5722409	181.0012525	144.6177583	399.7809733	1037.354929	480.3690524	899.8485898	939.0680803	238.2613872	663.8265385	250.6993776	206.9134778	100.8148942	161.9119034	106.7943401	157.9677177	1648.7171	1880.12358	1166.667988	1612.825915	1438.813784	1300.949067
fstl1	protein_coding	chrNW_016683629.1:37140-43868:+	gi|113931544|ref|NP_001039221.1|	1085	2.00E-139	follistatin-related protein 1 precursor [Xenopus tropicalis]	gi|113931543|ref|NM_001045756.1|	2043	0	Xenopus tropicalis follistatin like 1 (fstl1), mRNA	Q58D84	302	2.00E-94	Follistatin-related protein 1	.	.	.	.	pfam13499	EF-hand_7	EF-hand domain pair.	GO:0042594|response to starvation;	GO:0070062|extracellular exosome;GO:0005615|extracellular space;	GO:0005509|calcium ion binding;GO:0008201|heparin binding;	.	.	6.176531764	1.90873159	4.37537036	4.286803098	4.876340428	2.751502996	80.48298419	46.05291771	31.23814795	67.12720239	64.20344051	104.5666098	5.732229779	9.401617015	7.45998819	3.095544689	6.433703273	2.544109318	23.05104487	9.658914254	23.55657139	20.2584571	15.79239616	39.9984289	3.307195412	7.057954496	4.602853731	8.520610332	4.391118641	6.490507458	76.28864666	30.506884	14.90238287	44.60011835	11.15928787	20.70018667	4.328681632	3.298035684	4.743920442	2.005156227	6.644279229	3.037756172	30.94330361	64.95450437	29.10717243	109.4386096	100.4636719	83.79292513
col1a1	protein_coding	chrNC_030686.1:13936262-13962423:+	gi|58332412|ref|NP_001011005.1|	1566	0	collagen alpha-1(I) chain precursor [Xenopus tropicalis]	gi|58332411|ref|NM_001011005.1|	5663	0	Xenopus (Silurana) tropicalis collagen, type I, alpha 1 (col1a1), mRNA	Q9YIB4	60.8	1.00E-07	Collagen alpha-1(I) chain	.	.	.	.	pfam01410	COLFI	Fibrillar collagen C-terminal domain. Found at C-termini of fibrillar collagens: Ephydatia muelleri procollagen EMF1 alpha, vertebrate collagens alpha(1)III, alpha(1)II, alpha(2)V etc.	.	GO:0005581|collagen trimer;GO:0005578|proteinaceous extracellular matrix;	GO:0005201|extracellular matrix structural constituent;GO:0046872|metal ion binding;	.	.	15.10851006	7.168945137	8.784096038	20.78061075	18.42239262	12.4011406	353.1531939	153.3372482	82.35381831	345.8816205	189.0843277	401.6472176	6.272110361	60.90141491	4.709278556	4.959954604	7.035130652	2.065062765	41.76083877	15.60461977	27.38180552	33.32291734	17.69111989	96.16605974	6.60642036	16.77768988	5.195124318	9.627210293	4.690777621	6.691860953	151.3803995	49.08253522	27.55370282	58.75594742	15.91046227	73.45274628	4.577157859	8.724651261	5.162615536	5.237565586	15.78883546	6.689671111	39.67838004	196.9356147	40.9873785	415.7068294	137.1214178	139.4882122
c3	protein_coding	chrNC_030679.1:130561577-130587377:+	gi|197246359|gb|AAI68633.1|	8682	0	Unknown (protein for IMAGE:7685509), partial [Xenopus tropicalis]	gi|847170837|ref|XM_012953413.1|	5117	0	PREDICTED: Xenopus (Silurana) tropicalis complement component 3 (c3), transcript variant X1, mRNA	Q0ZZJ6	1751	0	A.superbus venom factor 1	.	.	.	.	pfam07678	A2M_comp	A-macroglobulin complement component. This family includes the complement components region of the alpha-2-macroglobulin family.	GO:0006956|complement activation;GO:0006954|inflammatory response;	GO:0005615|extracellular space;	GO:0004866|endopeptidase inhibitor activity;GO:0046872|metal ion binding;	.	.	3845.629478	2355.663785	2546.853311	2832.542351	2104.242915	2382.314054	0.902160737	0.238792003	0.977033934	1.214852789	0.789925101	11.90996605	5581.367113	4360.059561	2417.071512	1381.579889	2089.186126	726.7056197	0.083503079	0.591448653	0.244430348	1.184757876	0.181659517	1.309010482	3106.071681	3989.098172	4038.825009	6174.914273	4361.503571	5266.741682	0.526699173	0.632214206	0.727093084	0.687443089	0.680024666	1.125994828	3143.536084	3006.857271	2190.185515	2341.643156	1966.384622	2324.2263	0.538819528	0.291821717	0.187290466	0.651412584	3.186218022	1.391582776
clu	protein_coding	chrNW_016683964.1:36869-39048:+	gi|49522319|gb|AAH75303.1|	796	6.00E-101	MGC89163 protein [Xenopus tropicalis]	gi|56789335|gb|BC088762.1|	702	0	Xenopus tropicalis MGC89163 protein, mRNA (cDNA clone MGC:108473 IMAGE:6998203), complete cds	P14018	185	7.00E-54	Clusterin	.	.	.	.	pfam01093	Clusterin	Clusterin.	GO:0008219|cell death;	GO:0042583|chromaffin granule;GO:0005829|cytosol;GO:0005783|endoplasmic reticulum;GO:0005576|extracellular region;GO:0031966|mitochondrial membrane;GO:0005634|nucleus;	.	.	.	15.11293915	6.698007424	8.105890751	38.64096594	6.463252436	6.612778867	17.70658227	9.8463657	19.13868743	11.054075	19.42989292	17.06554176	75.78183468	58.48303079	6.771717832	20.29357811	9.168370845	2.867890585	16.81361852	39.15922839	14.71534141	41.20493382	13.85520417	17.81360261	18.32508831	22.53774327	35.73202147	18.89922563	27.05979949	76.2689013	15.60947419	22.3894035	10.74252658	30.20049124	22.92263975	16.85132111	34.33701711	8.256540722	7.435212296	7.541136507	8.455962575	7.394339905	27.89821989	7.478451126	15.99883897	26.90775529	37.95361885	33.93407265
apoe	protein_coding	chrNC_030683.1:101372175-101377797:+	gi|49522289|gb|AAH75258.1|	1238	1.00E-164	apoe protein, partial [Xenopus tropicalis]	gi|847105036|ref|XM_002941039.3|	1749	0	PREDICTED: Xenopus (Silurana) tropicalis apolipoprotein E (apoe), transcript variant X4, mRNA	O42364	132	3.00E-33	Apolipoprotein Eb	.	.	.	.	pfam01442	Apolipoprotein	Apolipoprotein A1/A4/E domain. These proteins contain several 22 residue repeats which form a pair of alpha helices. This family includes: Apolipoprotein A-I. Apolipoprotein A-IV, and Apolipoprotein E.	GO:0006695|cholesterol biosynthetic process;GO:0006707|cholesterol catabolic process;GO:0033344|cholesterol efflux;GO:0042632|cholesterol homeostasis;GO:0034380|high-density lipoprotein particle assembly;GO:0042159|lipoprotein catabolic process;GO:0043524|negative regulation of neuron apoptotic process;GO:0031102|neuron projection regeneration;GO:0033700|phospholipid efflux;GO:0010873|positive regulation of cholesterol esterification;GO:0046889|positive regulation of lipid biosynthetic process;GO:0051000|positive regulation of nitric-oxide synthase activity;GO:0030516|regulation of axon extension;GO:1900221|regulation of amyloid-beta clearance;GO:0032374|regulation of cholesterol transport;GO:0043691|reverse cholesterol transport;GO:0019433|triglyceride catabolic process;GO:0034372|very-low-density lipoprotein particle remodeling;	GO:0072562|blood microparticle;GO:0042627|chylomicron;GO:0034364|high-density lipoprotein particle;GO:0034363|intermediate-density lipoprotein particle;	GO:0001540|amyloid-beta binding;GO:0015485|cholesterol binding;GO:0017127|cholesterol transporter activity;GO:0050750|low-density lipoprotein particle receptor binding;GO:0060228|phosphatidylcholine-sterol O-acyltransferase activator activity;GO:0005543|phospholipid binding;GO:0070326|very-low-density lipoprotein particle receptor binding;	K04524	APOE; apolipoprotein E	70.98252282	3.029478968	25.74059487	9.190922897	56.80650823	2.431168701	5.437178189	1.935170829	15.13278855	4.886957791	18.55541484	34.4359192	292.3821532	28.56098168	179.8572745	6.905785257	223.0290021	5.409628908	3.155925187	3.452516053	5.512404325	33.63673727	2.161411851	14.51056887	5.238617877	205.569687	13.20448792	194.387364	70.60455853	84.0364962	6.810915903	3.720453126	3.271409709	1.888229012	3.196901421	1.835951967	77.07327703	4.544566532	86.41694773	4.411912251	77.83412487	49.31578744	24.60226264	3.097691766	4.194653579	22.36578125	32.75112603	11.92461346
col3a1	protein_coding	chrNC_030685.1:39803845-39864240:-	gi|218847780|ref|NP_001136379.1|	1436	1.00E-166	collagen alpha-1(III) chain precursor [Xenopus tropicalis]	gi|218847779|ref|NM_001142907.1|	5222	0	Xenopus (Silurana) tropicalis collagen, type III, alpha 1 (Ehlers-Danlos syndrome type IV, autosomal dominant) (col3a1), mRNA	P13941	147	4.00E-34	Collagen alpha-1(III) chain	.	.	.	.	pfam01410	COLFI	Fibrillar collagen C-terminal domain. Found at C-termini of fibrillar collagens: Ephydatia muelleri procollagen EMF1 alpha, vertebrate collagens alpha(1)III, alpha(1)II, alpha(2)V etc.	GO:0007568|aging;GO:0060414|aorta smooth muscle tissue morphogenesis;GO:0007160|cell-matrix adhesion;GO:0071230|cellular response to amino acid stimulus;GO:0021987|cerebral cortex development;GO:0030199|collagen fibril organization;GO:0048565|digestive tract development;GO:0007507|heart development;GO:0007229|integrin-mediated signaling pathway;GO:0050777|negative regulation of immune response;GO:2001223|negative regulation of neuron migration;GO:0018149|peptide cross-linking;GO:0035025|positive regulation of Rho protein signal transduction;GO:0034097|response to cytokine;GO:0009612|response to mechanical stimulus;GO:0009314|response to radiation;GO:0001501|skeletal system development;GO:0043588|skin development;GO:0007179|transforming growth factor beta receptor signaling pathway;GO:0042060|wound healing;	GO:0005586|collagen type III trimer;GO:0031012|extracellular matrix;GO:0005615|extracellular space;	GO:0005201|extracellular matrix structural constituent;GO:0046872|metal ion binding;	.	.	34.82471865	15.16964552	22.81784473	36.31007369	25.43916083	19.69496331	204.0652051	127.2701475	52.53090397	290.7517826	163.9834012	384.9958408	22.3030737	73.49604473	13.87981038	8.981703011	19.84989565	7.785521151	49.49444633	12.75676286	43.7667305	47.09469868	23.692494	119.4971046	15.58277102	33.08616604	11.23798859	26.62544118	12.12064241	21.1900154	192.1601958	53.23853053	33.03837604	54.14162577	18.60083688	66.39429613	17.30186971	27.19503428	17.27040103	14.01061582	30.43445686	16.6703485	40.19431279	284.4406109	68.9872927	530.7254022	184.3259224	232.3482728
mdk	protein_coding	chrNC_030680.1:5256993-5278581:-	gi|45360801|ref|NP_989074.1|	575	1.00E-70	midkine precursor [Xenopus tropicalis]	gi|45360800|ref|NM_203743.1|	918	0	Xenopus (Silurana) tropicalis midkine (neurite growth-promoting factor 2) (mdk), mRNA	Q6P8F3	226	4.00E-72	Midkine	.	.	.	.	pfam05196	PTN_MK_N	PTN/MK heparin-binding protein family, N-terminal domain.	GO:0030154|cell differentiation;GO:0042742|defense response to bacterium;GO:0007399|nervous system development;GO:0007528|neuromuscular junction development;GO:0051781|positive regulation of cell division;GO:0009617|response to bacterium;	GO:0005576|extracellular region;	GO:0043395|heparan sulfate proteoglycan binding;GO:0008201|heparin binding;	K06828	MDK; midkine	7.621611552	3.151309685	2.710912918	13.15685426	3.682794813	2.372904486	4.37227146	3.132519865	1.757009355	5.487579933	2.187615851	9.732812138	8.62198756	60.9855928	4.54537993	7.982723873	5.685906593	1.301676201	1.079181314	0.697002493	1.579490645	1.854514647	1.509261723	4.613851603	5.894715251	8.524512811	7.314830981	4.85179157	6.633733173	10.75288575	5.487260521	2.286826896	1.07871915	3.017347389	1.705592118	1.781900681	3.220012737	1.990416067	4.857506936	2.268097844	4.780649803	3.681839043	2.984409886	2.222467657	4.356925199	8.441450965	9.021451229	12.064209
abcb6	protein_coding	chrNC_030685.1:77841741-77861436:-	gi|118404630|ref|NP_001072643.1|	3835	0	ATP-binding cassette sub-family B member 6, mitochondrial [Xenopus tropicalis]	gi|118404629|ref|NM_001079175.1|	5558	0	Xenopus tropicalis ATP binding cassette subfamily B member 6 (Langereis blood group) (abcb6), mRNA	Q08D64	1481	0	ATP-binding cassette sub-family B member 6, mitochondrial	YPO2588	494	2.00E-154	COG5265	pfam00005	ABC_tran	ABC transporter. ABC transporters for a large family of proteins responsible for translocation of a variety of compounds across biological membranes. ABC transporters are the largest family of proteins in many completely sequenced bacteria. ABC transporters are composed of two copies of this domain and two copies of a transmembrane domain pfam00664. These four domains may belong to a single polypeptide or belong in different polypeptide chains.	GO:0006879|cellular iron ion homeostasis;GO:0055085|transmembrane transport;	GO:0005783|endoplasmic reticulum;GO:0005794|Golgi apparatus;GO:0016021|integral component of membrane;GO:0005743|mitochondrial inner membrane;GO:0005741|mitochondrial outer membrane;GO:0005886|plasma membrane;	GO:0005524|ATP binding;GO:0042626|ATPase activity, coupled to transmembrane movement of substances;	K05661	ABCB6; ATP-binding cassette, subfamily B (MDR/TAP), member 6	4.98148129	2.763444732	4.448477615	2.982660151	5.372204914	1.765865243	2.559492866	3.136462975	3.072772714	2.267566276	2.783594634	2.278359748	2.778764223	2.24240303	3.744424781	1.882912695	4.598243856	1.798091587	5.762878673	10.80550644	4.882502178	5.320586696	7.19200951	4.521888795	1.502558259	2.133810795	1.302051315	3.389733859	1.61307742	2.970047205	3.361410619	4.209718924	3.252231871	4.279956159	5.597589142	2.939262342	3.15242007	2.897753727	3.658381888	1.112537507	5.191174639	5.045269984	4.648259095	2.742246034	3.15062912	2.930962109	3.87905221	2.751417755
LOC100496716	protein_coding	chrNC_030683.1:74219445-74235579:+	gi|512853816|ref|XP_002942520.2|	1045	8.00E-129	PREDICTED: interleukin-18 [Xenopus tropicalis]	gi|847148398|ref|XM_002942474.3|	2671	0	PREDICTED: Xenopus (Silurana) tropicalis interleukin-18 (LOC100496716), mRNA	Q9TU73	60.1	1.00E-08	Interleukin-18	.	.	.	.	pfam00340	IL1	Interleukin-1 / 18. This family includes interleukin-1 and interleukin-18.	GO:0001525|angiogenesis;GO:0071222|cellular response to lipopolysaccharide;GO:0071407|cellular response to organic cyclic compound;GO:0006955|immune response;GO:0006954|inflammatory response;GO:0042095|interferon-gamma biosynthetic process;GO:0031663|lipopolysaccharide-mediated signaling pathway;GO:0000165|MAPK cascade;GO:0030101|natural killer cell activation;GO:0045662|negative regulation of myoblast differentiation;GO:0042104|positive regulation of activated T cell proliferation;GO:0010628|positive regulation of gene expression;GO:0032725|positive regulation of granulocyte macrophage colony-stimulating factor production;GO:0032729|positive regulation of interferon-gamma production;GO:0032740|positive regulation of interleukin-17 production;GO:0032819|positive regulation of natural killer cell proliferation;GO:0042346|positive regulation of NF-kappaB import into nucleus;GO:0051142|positive regulation of NK T cell proliferation;GO:0042088|T-helper 1 type immune response;	GO:0070062|extracellular exosome;GO:0005615|extracellular space;GO:0005622|intracellular;	GO:0005125|cytokine activity;	K05482	IL18, IL1F4; interleukin 18	3.598149869	3.689026773	3.23470328	5.219679581	1.757088298	2.543257052	0.151219189	0.197180974	0.153134978	0.185048369	0.059582869	0.206178901	6.023178346	4.114100324	3.725789571	4.365144363	3.444444456	1.197524446	0.319124626	0.394864432	0.311380707	0.341916404	0.091348705	0.351063832	5.208205849	15.21780199	10.04877963	3.791695807	4.405132891	11.34317095	0.302690521	0.40485266	0.407409183	0.313073534	0.185817033	0.17919741	5.893553249	3.379828363	3.913330188	2.470996477	3.169003144	2.545574052	0.309656008	0.278814558	0.286308005	0.252164923	0.2439187	0.481926295
dcn	protein_coding	chrNC_030679.1:46045982-46203793:-	gi|154147680|ref|NP_001093704.1|	1756	0	decorin precursor [Xenopus tropicalis]	gi|847107955|ref|XM_012958377.1|	2934	0	PREDICTED: Xenopus (Silurana) tropicalis decorin (dcn), transcript variant X2, mRNA	Q9DE68	533	2.00E-180	Decorin	alr0124_1	60.8	1.00E-08	COG4886	pfam13855	LRR_8	Leucine rich repeat.	.	GO:0005578|proteinaceous extracellular matrix;	.	K04660	DCN; decorin	28.74550359	15.21522174	37.19039912	18.79871603	18.70393993	10.9584364	48.4928486	33.22089428	28.12190964	116.2129879	37.34475899	108.6465298	34.07942154	44.99802466	31.71294746	16.82504956	31.75985356	17.97329966	22.83953297	9.604028898	26.98036557	30.44909814	18.45173043	39.54312233	17.79542741	46.03223938	19.47892003	34.74311895	19.90061199	28.28682257	89.15417134	38.93560264	24.01778553	54.62064188	20.09560426	34.61929908	28.75577621	22.38940429	30.24470498	16.96362826	35.38757015	28.8612355	23.5884064	51.93999898	36.84377742	147.4403412	53.28551699	92.91094701
loxl1	protein_coding	chrNC_030679.1:82947858-82954271:+	gi|156717522|ref|NP_001096301.1|	2232	0	lysyl oxidase homolog 1 precursor [Xenopus tropicalis]	gi|156717521|ref|NM_001102831.1|	2300	0	Xenopus tropicalis lysyl oxidase like 1 (loxl1), mRNA	Q08397	84.3	2.00E-15	Lysyl oxidase homolog 1	.	.	.	.	pfam01186	Lysyl_oxidase	Lysyl oxidase.	GO:0035904|aorta development;GO:0030198|extracellular matrix organization;GO:0055114|oxidation-reduction process;GO:0018277|protein deamination;GO:0032496|response to lipopolysaccharide;	GO:0001669|acrosomal vesicle;GO:0005604|basement membrane;GO:0005576|extracellular region;GO:0005615|extracellular space;	GO:0005507|copper ion binding;GO:0016641|oxidoreductase activity, acting on the CH-NH2 group of donors, oxygen as acceptor;	K14678	LOXL1; lysyl oxidase-like protein 1 [EC:1.4.3.-]	10.29403555	5.054416011	9.857335198	8.77763177	8.187542095	9.975160132	5.900693574	4.347774954	4.162990677	8.897588405	5.647145563	11.19364962	8.407161627	8.413576459	6.221533618	4.670342742	6.269194067	2.156334927	1.801558683	1.741325899	2.424609422	3.104092923	1.959630024	4.160985702	6.133993892	12.23333274	7.663579761	8.523984731	5.473450541	7.888873539	5.653714793	3.513153955	1.68073468	3.618595797	2.462727887	2.181681131	12.36962137	8.462941437	13.41811775	8.585460173	8.546595992	8.102776006	4.409445089	6.920153506	6.548795894	15.80054032	11.48941121	14.17880693
cfb	protein_coding	chrNC_030684.1:53744892-53777706:-	gi|512861354|ref|XP_002943021.2|	3444	0	PREDICTED: complement factor B-like [Xenopus tropicalis]	gi|847158885|ref|XM_002942975.3|	3130	0	PREDICTED: Xenopus (Silurana) tropicalis complement factor B-like (LOC100491419), mRNA	P04186	448	3.00E-141	Complement factor B	.	.	.	.	pfam00092	VWA	von Willebrand factor type A domain.	GO:0008283|cell proliferation;GO:0006957|complement activation, alternative pathway;	GO:0072562|blood microparticle;GO:0070062|extracellular exosome;GO:0005615|extracellular space;	GO:0004252|serine-type endopeptidase activity;	K01335	CFB; component factor B [EC:3.4.21.47]	646.2440926	562.629036	697.7709568	982.9544711	554.1211374	488.2238631	0.16398282	0.637360008	0.560453551	0.829682298	0.020191235	1.357458486	2215.891315	1094.760817	728.5474364	491.9481108	516.9079753	188.4039818	1.343260328	1.379275207	0.266575851	2.380549185	0.297176932	0.367717069	899.4203791	1287.427906	787.312524	1320.665036	822.7545528	2060.370637	1.477075792	2.490617963	2.37890417	0.785090176	1.385318614	1.740806071	896.0077267	865.5155126	716.4719393	625.2510909	573.1447977	583.957015	0.818494154	0.437608739	0.183833163	0.683622156	0.272286224	0.950187647
LOC101732593	protein_coding	chrNC_030682.1:4869522-4872931:-	gi|512849524|ref|XP_004915576.1|	774	7.00E-102	PREDICTED: cathelicidin-related peptide Oh-Cath-like [Xenopus tropicalis]	gi|847136883|ref|XM_004915519.2|	633	0	PREDICTED: Xenopus (Silurana) tropicalis cathelicidin-related peptide Oh-Cath-like (LOC101732593), mRNA	.	.	.	.	.	.	.	.	pfam00666	Cathelicidins	Cathelicidin. A novel protein family, showing a conserved proregion and a variable carboxyl-terminal antimicrobial domain. This region shows similarity to cystatins.	.	.	.	.	.	38.12528623	44.8681363	41.71319021	116.8969816	18.53500488	36.13743944	0.503945639	2.931746639	2.041320415	7.589945865	0.099281471	1.766832876	86.50312431	24.91899048	53.75193758	57.63090359	71.41347706	17.74860737	7.388519687	6.984423105	0.873845931	11.39453805	0.608848409	0.638148042	33.01989388	87.41937856	149.8363459	55.80516997	27.80087381	112.6512024	2.824448355	12.97300078	28.09419079	5.008000674	3.921883181	6.569029309	54.972801	64.69007962	15.68677473	25.65240496	21.90401455	25.19269666	5.882083066	4.303495014	0.502176837	5.140979577	0.860687441	4.185447713
c4a	protein_coding	chrNC_030684.1:54217914-54263904:-	gi|847153026|ref|XP_012823393.1|	8691	0	PREDICTED: complement component 4A (Rodgers blood group) isoform X1 [Xenopus tropicalis]	gi|847153025|ref|XM_012967939.1|	5258	0	PREDICTED: Xenopus (Silurana) tropicalis complement component 4A (Rodgers blood group) (c4a), transcript variant X1, mRNA	P08649	1150	0	Complement C4	.	.	.	.	pfam07678	A2M_comp	A-macroglobulin complement component. This family includes the complement components region of the alpha-2-macroglobulin family.	GO:0006956|complement activation;GO:0006958|complement activation, classical pathway;GO:0006954|inflammatory response;GO:0045087|innate immune response;	GO:0030424|axon;GO:0030054|cell junction;GO:0030425|dendrite;GO:0005576|extracellular region;GO:0005615|extracellular space;GO:0045202|synapse;	GO:0004866|endopeptidase inhibitor activity;	K03989	C4; complement component 4	791.5394708	743.0454546	731.5771944	844.6938786	519.4767272	544.9406609	1.710928912	0.220643524	2.908300571	2.277739874	3.166023927	6.86734748	1669.420012	623.3484813	666.517942	582.1704625	557.9753229	223.8907217	0.61082423	4.160747786	0.317867675	6.342867789	0.236237804	3.623821134	670.3014359	1059.137983	1031.786078	1179.206625	1131.161235	1274.800106	0.929564312	2.076369393	1.279015667	1.227114586	1.288957282	0.965467133	1100.488933	964.3191934	758.3586594	754.1243398	656.615383	770.3763716	1.751759883	0.450653208	0.828105803	4.854983979	10.37806138	20.52406069
a2m	protein_coding	chrNW_016683499.1:32552-61070:+	gi|847172643|ref|XP_012809557.1|	7666	0	PREDICTED: alpha-2-macroglobulin [Xenopus tropicalis]	gi|847172642|ref|XM_012954103.1|	4773	0	PREDICTED: Xenopus (Silurana) tropicalis alpha-2-macroglobulin (a2m), mRNA	P01023	1418	0	Alpha-2-macroglobulin	TM0984	86.7	5.00E-16	COG2373	pfam07678	A2M_comp	A-macroglobulin complement component. This family includes the complement components region of the alpha-2-macroglobulin family.	GO:0007597|blood coagulation, intrinsic pathway;GO:0022617|extracellular matrix disassembly;GO:0001869|negative regulation of complement activation, lectin pathway;GO:0002576|platelet degranulation;GO:0051056|regulation of small GTPase mediated signal transduction;GO:0048863|stem cell differentiation;	GO:0072562|blood microparticle;GO:0005829|cytosol;GO:0070062|extracellular exosome;GO:0005576|extracellular region;GO:0031093|platelet alpha granule lumen;	GO:0048306|calcium-dependent protein binding;GO:0019899|enzyme binding;GO:0019838|growth factor binding;GO:0005096|GTPase activator activity;GO:0019966|interleukin-1 binding;GO:0019959|interleukin-8 binding;GO:0002020|protease binding;GO:0005102|receptor binding;GO:0004867|serine-type endopeptidase inhibitor activity;GO:0043120|tumor necrosis factor binding;	K03910	A2M; alpha-2-macroglobulin	169.5181195	111.3925763	153.8413275	140.9110919	143.652907	134.6098651	0.134878016	0.094700868	0.396101661	0.139658978	0.491583625	0.236441091	253.5596114	168.7710897	137.3857459	73.91558643	126.4713642	42.82304192	0.299620122	0.189643066	0.058469901	0.31883013	0.45627291	0.355826002	91.00688798	203.8614336	188.3152556	161.5669014	161.817601	170.2374352	0.337476159	0.083331493	0.307478257	0.111696769	0.234794252	0.079916416	159.6055752	125.1323518	147.0085858	119.1214344	120.1677051	155.7282385	0.303813075	0.039266064	0.147845068	0.158763719	0.524703904	0.989952917
igf2	protein_coding	chrNC_030680.1:12727882-12768659:+	gi|847116716|ref|XP_012816008.1|	1009	2.00E-122	PREDICTED: insulin-like growth factor II isoform X1 [Xenopus tropicalis]	gi|847116715|ref|XM_012960554.1|	5459	0	PREDICTED: Xenopus (Silurana) tropicalis insulin-like growth factor 2 (igf2), transcript variant X1, mRNA	Q6INW9	363	4.00E-113	Insulin-like growth factor II-B	.	.	.	.	pfam08365	IGF2_C	Insulin-like growth factor II E-peptide. This domain is found at the C-terminal domain of the insulin-like growth factor II (IGF-2, also see pfam00049) in vertebrates and seems to represent the E-peptide.	GO:0030154|cell differentiation;GO:0060323|head morphogenesis;GO:0007399|nervous system development;	GO:0005615|extracellular space;	GO:0008083|growth factor activity;	K13769	IGF2; insulin-like growth factor 2	57.80084486	8.105427602	69.66936809	19.01976542	31.91621853	6.123210045	0.373967716	0.199272701	0.426043684	0.165010051	0.322326995	0.330058872	69.17950112	62.17334785	51.77983368	14.30813252	63.66533765	10.87425426	0.324506915	0.6337904	0.531942413	0.588532655	0.578886571	0.357633865	27.09508984	46.14835881	23.79033253	24.7821989	56.59758461	27.92199169	0.315798322	0.697957329	0.484389462	0.677456814	0.430808243	0.46162328	54.51113657	31.39013631	168.2518043	25.27656445	89.78762642	54.08191561	0.41878854	0.124747474	0.61721005	0.435608734	0.565514285	2.3475089
smpdl3a	protein_coding	chrNC_030681.1:68275178-68295361:+	gi|349732204|ref|NP_001025618.2|	2425	0	acid sphingomyelinase-like phosphodiesterase 3a precursor [Xenopus tropicalis]	gi|847127930|ref|XM_012963075.1|	2259	0	PREDICTED: Xenopus (Silurana) tropicalis sphingomyelin phosphodiesterase, acid-like 3A (smpdl3a), transcript variant X1, mRNA	Q92484	583	0	Acid sphingomyelinase-like phosphodiesterase 3a	.	.	.	.	pfam00149	Metallophos	Calcineurin-like phosphoesterase. This family includes a diverse range of phosphoesterases, including protein phosphoserine phosphatases, nucleotidases, sphingomyelin phosphodiesterases and 2'-3' cAMP phosphodiesterases as well as nucleases such as bacterial SbcD or yeast MRE11. The most conserved regions in this superfamily centre around the metal chelating residues.	GO:0009143|nucleoside triphosphate catabolic process;	GO:0070062|extracellular exosome;GO:0005615|extracellular space;	GO:0008081|phosphoric diester hydrolase activity;GO:0008270|zinc ion binding;	K01128	SMPDL3; sphingomyelin phosphodiesterase acid-like 3 [EC:3.1.4.-]	7.424119326	3.606083858	8.252429751	6.910119005	4.241994522	3.742772648	2.931099622	1.683810429	2.617442352	1.831031262	2.677272522	1.764639869	7.909549706	9.419010972	5.734179871	5.452062452	6.789160721	2.693230472	3.403576743	11.29322831	3.17659446	3.587563042	2.092554295	3.177406955	5.42187197	22.13555525	4.841332349	5.290440099	15.28201337	16.99819026	1.62678309	3.292576582	3.423813819	1.958419378	4.938713573	1.894584449	10.57735623	4.532581726	8.294455151	3.984704488	10.2892325	6.741933457	3.028331989	2.637503273	3.611185423	2.03873766	3.438476596	3.113745002
olfml3	protein_coding	chrNC_030678.1:67665487-67675124:-	gi|118403662|ref|NP_001072318.1|	2182	0	olfactomedin-like protein 3 precursor [Xenopus tropicalis]	gi|847088505|ref|XM_012965130.1|	3399	0	PREDICTED: Xenopus (Silurana) tropicalis olfactomedin-like 3 (olfml3), transcript variant X1, mRNA	Q0V9V5	843	0	Olfactomedin-like protein 3	.	.	.	.	pfam02191	OLF	Olfactomedin-like domain.	GO:0007275|multicellular organism development;	GO:0005576|extracellular region;	.	.	.	3.658728577	2.334226372	5.919199823	2.877996533	3.705540879	1.470331517	15.1337337	11.60687627	10.41838477	22.46619714	17.08023145	24.61711084	4.543976025	5.314100349	3.496203038	2.199705365	5.534664586	2.260818855	9.719989683	8.225960025	11.13012803	10.72227136	5.898069396	11.82956631	2.615816037	6.701580213	2.577255066	4.584202961	3.275486678	3.921995835	19.43510231	11.74807562	6.538778372	17.46271347	8.924112532	7.249202651	4.902920885	2.950420223	5.228577459	2.417328517	7.876422151	5.58930932	10.32993145	16.42295941	16.90037939	27.15342822	26.91738357	18.2472196
lipc	protein_coding	chrNC_030679.1:89435756-89502206:-	gi|166795961|ref|NP_001107731.1|	2579	0	hepatic triacylglycerol lipase precursor [Xenopus tropicalis]	gi|847162346|ref|XM_012970028.1|	1704	0	PREDICTED: Xenopus (Silurana) tropicalis lipase, hepatic (lipc), transcript variant X1, mRNA	O46559	601	0	Hepatic triacylglycerol lipase	.	.	.	.	pfam00151	Lipase	Lipase.	GO:0016042|lipid catabolic process;	GO:0034364|high-density lipoprotein particle;	GO:0008201|heparin binding;GO:0004806|triglyceride lipase activity;	K01046	E3.1.1.3; triacylglycerol lipase [EC:3.1.1.3]	68.02299065	370.7701324	72.60821506	344.7096398	41.44763213	424.4194662	0.226509681	0.037866073	0.993977063	1.385910323	0.706551192	10.2209107	86.56878898	402.1348328	42.07202107	229.4322234	38.78045698	73.48120689	0.0	0.0	0.040913507	0.504393198	0.0	1.713012285	164.2716643	241.0841135	219.7162393	35.11885621	299.1276311	133.5223515	0.113349261	0.233240258	0.11735655	0.039079138	0.811805862	0.0	143.0056437	351.3212697	42.2420576	462.5105059	52.41277643	188.454113	0.618440769	0.0	0.0	0.814679986	0.823858494	1.494786453
cpq	protein_coding	chrNC_030682.1:114600079-114803247:-	gi|512846357|ref|XP_002943828.2|	2344	0	PREDICTED: carboxypeptidase Q [Xenopus tropicalis]	gi|512846360|ref|XM_004915138.1|	1852	0	PREDICTED: Xenopus (Silurana) tropicalis carboxypeptidase Q (cpq), transcript variant X2, mRNA	Q6GQ29	845	0	Carboxypeptidase Q	CC2544	197	1.00E-54	COG2234	pfam04389	Peptidase_M28	Peptidase family M28.	GO:0043171|peptide catabolic process;GO:0006508|proteolysis;	GO:0005737|cytoplasm;GO:0005783|endoplasmic reticulum;GO:0005615|extracellular space;GO:0005794|Golgi apparatus;GO:0005764|lysosome;	GO:0004180|carboxypeptidase activity;GO:0046872|metal ion binding;GO:0070573|metallodipeptidase activity;GO:0042803|protein homodimerization activity;	.	.	10.73755351	11.60381464	12.68156305	11.65456525	10.32850776	10.57849263	2.378295887	3.785003925	2.472651117	3.4028631	2.186538738	5.342690354	11.63818119	9.697789393	10.25245997	5.997246932	9.478387616	4.394608114	2.67681296	2.420393493	2.852422861	2.216174153	1.724021269	2.242001651	6.985081769	11.65083759	7.225683033	8.217197416	10.7963848	13.21477244	2.729386208	3.102022698	1.807248495	2.724533601	3.019847	2.91226672	15.46479863	17.31103368	12.79122094	9.295603905	11.38330467	12.90839967	2.59739033	3.384949919	3.033533814	3.981469924	3.309684351	3.460531793
nell2	protein_coding	chrNC_030679.1:54574219-54690283:+	gi|148235875|ref|NP_001090754.1|	4339	0	protein kinase C-binding protein NELL2 precursor [Xenopus tropicalis]	gi|148235874|ref|NM_001097285.1|	3892	0	Xenopus (Silurana) tropicalis neural EGFL like 2 (nell2), mRNA	A2VCU8	1675	0	Protein kinase C-binding protein NELL2	.	.	.	.	pfam12947	EGF_3	EGF domain. This family includes a variety of EGF-like domain homologues. This family includes the C-terminal domain of the malaria parasite MSP1 protein.	.	GO:0005576|extracellular region;	GO:0005509|calcium ion binding;	.	.	11.74178689	3.504201445	12.26704395	5.30837821	10.96654456	4.298306264	7.611411672	7.585549786	5.863228956	6.996334474	9.468067693	7.491862182	8.683549443	7.266901659	9.383728072	3.093848227	9.854309155	4.524749191	4.93153158	4.132450337	5.023372844	4.312503059	4.263876106	5.697888501	3.779841388	7.237149739	5.893523081	12.7493974	4.323190188	5.856521207	5.550545383	3.969030621	3.336837903	5.303216623	4.679754267	3.388795733	7.814186689	7.221792437	10.27487964	4.509814384	13.74356903	12.27851839	6.810598492	8.522520602	8.006068353	11.82133202	14.05811222	7.005094466
LOC100491968	protein_coding	chrNC_030679.1:131012670-131091741:+	gi|512876870|ref|XP_004919148.1|	8772	0	PREDICTED: complement C3-like isoform X1 [Xenopus tropicalis]	gi|847170843|ref|XM_004919091.2|	5795	0	PREDICTED: Xenopus (Silurana) tropicalis complement C3-like (LOC100491968), transcript variant X1, mRNA	Q2UVX4	1598	0	Complement C3	.	.	.	.	pfam07678	A2M_comp	A-macroglobulin complement component. This family includes the complement components region of the alpha-2-macroglobulin family.	GO:0006957|complement activation, alternative pathway;GO:0006958|complement activation, classical pathway;GO:0006631|fatty acid metabolic process;GO:0006954|inflammatory response;GO:0045745|positive regulation of G-protein coupled receptor protein signaling pathway;GO:0010828|positive regulation of glucose transport;GO:0010884|positive regulation of lipid storage;GO:0001934|positive regulation of protein phosphorylation;GO:0010866|regulation of triglyceride biosynthetic process;	GO:0005615|extracellular space;	GO:0031715|C5L2 anaphylatoxin chemotactic receptor binding;GO:0004866|endopeptidase inhibitor activity;	K03990	C3; complement component 3	193.3039237	64.54503231	170.9813844	75.27244791	71.07571561	65.25597451	0.011113762	0.0	0.0	0.0	0.010947517	0.010823566	131.1567464	35.14697493	97.80276634	30.61864949	72.33210253	24.16837464	0.024688284	0.011161662	0.012044598	0.022844489	0.013427235	0.011727829	88.28696044	116.4764614	66.19986053	254.0543969	58.97355266	132.6967334	0.022246056	0.0	0.034548796	0.034513723	0.011380425	0.0	147.131152	178.253351	101.0107329	88.2817428	147.0098412	155.4396349	0.0	0.032354694	0.0	0.065409556	0.042180368	0.0
angptl4	protein_coding	chrNC_030677.1:82447884-82456834:+	gi|301618393|ref|XP_002938598.1|	2191	0	PREDICTED: angiopoietin-related protein 4 [Xenopus tropicalis]	gi|847093596|ref|XM_002938552.3|	2548	0	PREDICTED: Xenopus (Silurana) tropicalis angiopoietin-like 4 (angptl4), mRNA	Q9Z1P8	300	3.00E-91	Angiopoietin-related protein 4	.	.	.	.	pfam00147	Fibrinogen_C	Fibrinogen beta and gamma chains, C-terminal globular domain.	GO:0001525|angiogenesis;GO:0009267|cellular response to starvation;GO:0043066|negative regulation of apoptotic process;GO:2000352|negative regulation of endothelial cell apoptotic process;GO:0051005|negative regulation of lipoprotein lipase activity;GO:0045834|positive regulation of lipid metabolic process;GO:0051260|protein homooligomerization;GO:0001666|response to hypoxia;GO:0070328|triglyceride homeostasis;	GO:0072562|blood microparticle;GO:0005576|extracellular region;GO:0005615|extracellular space;GO:0005578|proteinaceous extracellular matrix;	GO:0004857|enzyme inhibitor activity;GO:0042802|identical protein binding;	K08767	ANGPTL4, PGAR; angiopoietin-like 4	15.21574826	1.867873897	11.3073258	1.243161195	4.093279008	2.148893604	0.202211154	3.549424218	0.102386479	0.404481858	0.273881262	0.320013097	27.03919442	8.432800167	14.13710452	4.836290988	23.50754102	7.058522542	0.252672189	3.604717447	2.328441019	3.403116119	5.03877017	2.827336438	13.09371773	18.81877355	4.186465275	25.84616142	15.3476924	22.57937202	0.227677205	1.145208446	1.152440092	0.366313236	0.854134828	1.27300138	19.0246418	10.8488612	26.81642431	4.055191921	24.89104773	27.82476162	0.87990675	0.416983609	0.125938383	0.1983508	0.911355854	0.976416009
ifi30	protein_coding	chrNC_030677.1:84907019-84926542:-	gi|847087884|ref|XP_012818874.1|	1369	0	PREDICTED: gamma-interferon-inducible lysosomal thiol reductase isoform X1 [Xenopus tropicalis]	gi|847087883|ref|XM_012963420.1|	1901	0	PREDICTED: Xenopus (Silurana) tropicalis interferon, gamma-inducible protein 30 (ifi30), transcript variant X1, mRNA	P13284	214	2.00E-63	Gamma-interferon-inducible lysosomal thiol reductase	.	.	.	.	pfam03227	GILT	Gamma interferon inducible lysosomal thiol reductase (GILT). This family includes the two characterized human gamma-interferon-inducible lysosomal thiol reductase (GILT) sequences. It also contains several other eukaryotic putative proteins with similarity to GILT. The aligned region contains three conserved cysteine residues. In addition, the two GILT sequences possess a C-X(2)-C motif that is shared by some of the other sequences in the family. This motif is thought to be associated with disulphide bond reduction.	GO:0042590|antigen processing and presentation of exogenous peptide antigen via MHC class I;GO:0019886|antigen processing and presentation of exogenous peptide antigen via MHC class II;GO:0060333|interferon-gamma-mediated signaling pathway;GO:0048147|negative regulation of fibroblast proliferation;GO:0050821|protein stabilization;	GO:0030054|cell junction;GO:0005737|cytoplasm;GO:0005576|extracellular region;GO:0043231|intracellular membrane-bounded organelle;GO:0043202|lysosomal lumen;GO:0005764|lysosome;GO:0005886|plasma membrane;	GO:0016667|oxidoreductase activity, acting on a sulfur group of donors;	K08059	IFI30, GILT; interferon, gamma-inducible protein 30	53.22521177	48.14150405	53.12387014	59.95533813	23.34051126	52.53350155	12.77243726	12.23347053	9.812190194	19.86806075	12.44789093	25.33978513	58.89310073	52.07398273	39.34129695	42.41603355	43.73945217	17.43906786	7.789374528	7.6216361	9.105741213	21.27472669	6.303454656	10.08179913	44.27059243	85.12539142	48.80145347	25.76895994	68.4371415	89.67035622	11.59632702	15.34976917	9.654186463	9.083257929	7.840400311	13.38246132	72.09757012	36.35310145	46.39558606	43.58357553	33.26403697	31.66086589	10.61442482	15.38626549	16.00234965	21.26871493	13.82261314	31.96588777
fbn1	protein_coding	chrNC_030679.1:93845661-93969772:-	gi|512827448|ref|XP_002936615.2|	14414	0	PREDICTED: fibrillin-1 [Xenopus tropicalis]	gi|847111608|ref|XM_002936569.3|	10642	0	PREDICTED: Xenopus (Silurana) tropicalis fibrillin 1 (fbn1), mRNA	P98133	97.1	3.00E-18	Fibrillin-1	.	.	.	.	pfam00683	TB	TB domain. This domain is also known as the 8 cysteine domain. This family includes the hybrid domains. This cysteine rich repeat is found in TGF binding protein and fibrillin.	GO:0034199|activation of protein kinase A activity;GO:0009653|anatomical structure morphogenesis;GO:0042593|glucose homeostasis;GO:0006006|glucose metabolic process;GO:0010737|protein kinase A signaling;GO:0090287|regulation of cellular response to growth factor stimulus;	GO:0005576|extracellular region;GO:0005615|extracellular space;GO:0005622|intracellular;GO:0001527|microfibril;	GO:0005509|calcium ion binding;GO:0005201|extracellular matrix structural constituent;GO:0008201|heparin binding;GO:0005179|hormone activity;	K06825	FBN1; fibrillin 1	5.815399906	2.54862988	5.375196805	1.96989151	3.421863852	2.315280404	18.89401209	14.54430105	9.499275537	25.4473315	19.255213	36.98403576	3.868305048	4.380626529	4.882205813	2.068240169	5.252427713	3.253905101	7.367186379	5.202748323	8.224699158	8.570987448	5.790845207	12.15308632	2.524955238	4.929594922	2.442113089	6.447803953	2.24226961	2.948808661	25.02121561	12.71894354	6.923264508	14.79097258	5.298522405	9.030240812	5.060467635	3.83045678	4.893494163	2.42732311	5.448805186	4.192334731	8.426996423	19.78550968	11.82007814	33.84318123	20.96488059	27.13040051
igf3	protein_coding	chrNC_030683.1:103078149-103087709:-	gi|187607225|ref|NP_001120418.1|	564	2.00E-65	insulin-like growth factor 3 [Xenopus tropicalis]	gi|187607224|ref|NM_001126946.1|	2027	0	Xenopus (Silurana) tropicalis insulin-like growth factor 3 (igf3), mRNA	Q90WX8	216	5.00E-65	Insulin-like growth factor III	.	.	.	.	pfam00049	Insulin	Insulin/IGF/Relaxin family. Superfamily includes insulins; relaxins; insulin-like growth factor; and bombyxin. All are secreted regulatory hormones. Disulfide rich, all-alpha fold. Alignment includes B chain, linker (which is processed out of the final product), and A chain.	GO:0048699|generation of neurons;	GO:0005576|extracellular region;	GO:0008083|growth factor activity;	.	.	448.653674	207.7085639	654.3680472	154.5185891	372.6613585	156.765564	0.0	0.031604462	0.0	0.0	0.0	0.0	528.0369428	21.14938581	959.9930517	190.4125386	761.5331648	267.8107505	0.034997213	0.0	0.0	0.0	0.0	0.0	190.5739472	249.5958152	115.5714665	497.2974322	194.9347004	161.373249	0.0	0.0	0.0	0.0	0.032264952	0.0	493.3504812	414.7232475	742.540654	334.6040834	539.6830643	803.717252	0.0	0.0	0.0	0.0	0.0	0.0
cetp	protein_coding	chrNC_030680.1:54043208-54070734:-	gi|147903954|ref|NP_001088804.1|	2307	0	cholesteryl ester transfer protein, plasma precursor [Xenopus laevis]	gi|147903953|ref|NM_001095335.1|	1082	0	Xenopus laevis cholesteryl ester transfer protein, plasma (cetp), mRNA	Q3V6R6	552	0	Cholesteryl ester transfer protein	.	.	.	.	pfam02886	LBP_BPI_CETP_C	LBP / BPI / CETP family, C-terminal domain. The N and C terminal domains of the LBP/BPI/CETP family are structurally similar.	GO:0008203|cholesterol metabolic process;GO:0030301|cholesterol transport;GO:0034375|high-density lipoprotein particle remodeling;GO:0043691|reverse cholesterol transport;GO:0034197|triglyceride transport;GO:0034372|very-low-density lipoprotein particle remodeling;	GO:0005615|extracellular space;GO:0034364|high-density lipoprotein particle;	GO:0017127|cholesterol transporter activity;GO:0008289|lipid binding;	.	.	19.4758815	10.13351754	15.73707127	13.94831986	21.0283329	6.290204288	1.322808783	0.60812557	0.446522463	1.219238576	1.493045478	0.50993957	16.51742861	21.12469966	23.34944237	6.735956986	21.46167925	7.896823242	0.459141876	0.304450212	0.209066798	0.311557972	0.266361409	0.232649607	9.9031061	18.11272591	7.192462535	17.82746557	13.42183037	12.16175764	0.744700279	0.34052878	0.114226372	0.370858843	0.451516042	0.163286643	15.94032607	13.70891614	36.09015085	12.90916793	25.15981654	20.66512602	0.395026726	1.337151999	1.153395118	0.810972141	0.49681958	0.345986349
nid1	protein_coding	chrNC_030681.1:60252309-60300053:+	gi|512842629|ref|XP_002935874.2|	6427	0	PREDICTED: nidogen-1 isoform X1 [Xenopus tropicalis]	gi|847131246|ref|XM_002935828.3|	5418	0	PREDICTED: Xenopus (Silurana) tropicalis nidogen 1 (nid1), transcript variant X1, mRNA	P14543	1304	0	Nidogen-1	.	.	.	.	pfam07474	G2F	G2F domain. Nidogen, an invariant component of basement membranes, is a multifunctional protein that interacts with most other major basement membrane proteins. The G2 fragment or (G2F domain) contains binding sites for collagen IV and perlecan. The structure is composed of an 11-stranded beta-barrel with a central helix. This domain is structurally related to that of green fluorescent protein pfam01353. A large surface patch on the beta-barrel is conserved in all metazoan nidogens.	GO:0071711|basement membrane organization;GO:0007160|cell-matrix adhesion;GO:0022617|extracellular matrix disassembly;GO:0030198|extracellular matrix organization;GO:0032836|glomerular basement membrane development;GO:0010811|positive regulation of cell-substrate adhesion;	GO:0005605|basal lamina;GO:0005604|basement membrane;GO:0071944|cell periphery;GO:0070062|extracellular exosome;GO:0031012|extracellular matrix;GO:0005576|extracellular region;	GO:0005509|calcium ion binding;GO:0005518|collagen binding;GO:0043236|laminin binding;GO:0043394|proteoglycan binding;	K06826	NID; nidogen (entactin)	6.166972127	3.942343401	8.031325063	5.038619707	6.911990266	3.956031932	17.17656591	16.75504025	14.07897493	23.08242206	23.78257056	21.80677064	8.149690017	7.490899345	6.992118214	3.922433235	7.453434236	4.209323278	15.38372134	10.43255345	16.45460216	17.43765303	11.21905858	18.56851733	3.897854314	8.286855829	3.82333818	9.536007413	4.365218551	5.718054591	20.86639613	16.15271751	9.296175976	17.63937285	13.47356641	13.27334455	8.124677009	5.779924402	8.300688054	5.008595699	8.133855527	7.600477819	19.78881997	28.13348199	26.23380632	39.36841667	33.06327019	33.93615126
igfbp4	protein_coding	chrNW_016683386.1:860049-892765:+	gi|512874129|ref|XP_002942630.2|	1291	6.00E-174	PREDICTED: insulin-like growth factor-binding protein 4 [Xenopus tropicalis]	gi|847169583|ref|XM_002942584.3|	1554	0	PREDICTED: Xenopus (Silurana) tropicalis insulin-like growth factor binding protein 4 (igfbp4), mRNA	P24854	282	8.00E-90	Insulin-like growth factor-binding protein 4	.	.	.	.	pfam00219	IGFBP	Insulin-like growth factor binding protein.	GO:0001558|regulation of cell growth;GO:0043567|regulation of insulin-like growth factor receptor signaling pathway;	GO:0005615|extracellular space;	GO:0031994|insulin-like growth factor I binding;GO:0031995|insulin-like growth factor II binding;	.	.	146.1079537	45.68130631	187.3651692	71.786501	209.5353837	61.35331127	1.65776712	1.163955329	1.468923137	1.833565349	1.959563233	3.995839217	146.9564063	66.70585508	194.6151713	92.13206109	165.6678593	64.86304815	0.966679787	1.706534804	0.763560839	1.277836051	0.700998438	2.317906449	64.60035009	120.7447803	78.79377953	105.5403497	168.9089865	74.92976138	1.119925709	0.896188919	0.858902935	2.016372858	0.848771711	0.859461451	129.3464336	127.0177481	317.6703588	82.21020987	196.3415743	166.2116499	0.975964402	1.206534448	2.312727919	4.187256866	3.145884599	1.480897613
c1qtnf1	protein_coding	chrNC_030685.1:11842355-11853886:-	gi|163915089|ref|NP_001106527.1|	1379	0	complement C1q tumor necrosis factor-related protein 8 precursor [Xenopus tropicalis]	gi|847162294|ref|XM_012970010.1|	1150	0	PREDICTED: Xenopus (Silurana) tropicalis C1q and tumor necrosis factor related protein 1 (c1qtnf1), transcript variant X1, mRNA	Q5XIG2	295	5.00E-96	Complement C1q tumor necrosis factor-related protein 1	.	.	.	.	pfam00386	C1q	C1q domain. C1q is a subunit of the C1 enzyme complex that activates the serum complement system.	.	GO:0005581|collagen trimer;GO:0005576|extracellular region;	.	.	.	8.371254118	1.844899733	6.562766578	4.206739554	9.530432491	3.053378764	5.712377188	4.999441172	3.005799935	7.222245987	8.495558599	7.25400124	5.364232659	4.226177243	5.705659522	2.601460248	5.445430505	2.917766943	2.923575912	3.205969033	5.705264096	5.698259856	2.50347877	3.841373757	2.561342493	4.706623458	1.91136685	4.019589779	4.486436321	7.240899759	6.38974425	2.825722626	1.798990869	3.768248333	3.039414592	3.428877512	4.792623402	4.596995717	9.696339704	2.939502618	9.834613425	7.370573838	2.924350954	6.738967015	10.88239039	11.92079684	9.24602839	10.16797178
mmp2	protein_coding	chrNC_030680.1:45322370-45354092:+	gi|62752843|ref|NP_001015789.1|	3410	0	72 kDa type IV collagenase precursor [Xenopus tropicalis]	gi|62752842|ref|NM_001015789.1|	2620	0	Xenopus (Silurana) tropicalis matrix metallopeptidase 2 (mmp2), mRNA	P08253	1101	0	72 kDa type IV collagenase	.	.	.	.	pfam00413	Peptidase_M10	Matrixin. The members of this family are enzymes that cleave peptides. These proteases require zinc for catalysis.	GO:0001525|angiogenesis;GO:0001955|blood vessel maturation;GO:0060346|bone trabecula formation;GO:0044267|cellular protein metabolic process;GO:0071230|cellular response to amino acid stimulus;GO:0030574|collagen catabolic process;GO:0007566|embryo implantation;GO:0035987|endodermal cell differentiation;GO:0048013|ephrin receptor signaling pathway;GO:0022617|extracellular matrix disassembly;GO:0060325|face morphogenesis;GO:0001957|intramembranous ossification;GO:0045089|positive regulation of innate immune response;GO:1904707|positive regulation of vascular smooth muscle cell proliferation;GO:0006508|proteolysis;GO:0001666|response to hypoxia;	GO:0031012|extracellular matrix;GO:0005576|extracellular region;GO:0005615|extracellular space;GO:0005739|mitochondrion;GO:0005634|nucleus;GO:0005886|plasma membrane;GO:0005578|proteinaceous extracellular matrix;GO:0030017|sarcomere;	GO:0004222|metalloendopeptidase activity;GO:0008237|metallopeptidase activity;GO:0004252|serine-type endopeptidase activity;GO:0008270|zinc ion binding;	K01398	MMP2; matrix metalloproteinase-2 (gelatinase A) [EC:3.4.24.24]	9.123523695	5.493401155	8.893292223	12.94726934	8.478861952	4.406836604	17.94469634	16.10056758	10.82854254	41.16462906	16.22342595	52.04536675	13.47443673	26.384955	8.688708807	8.563967419	13.05740952	4.559289262	8.300163545	9.060393936	10.49640719	13.36470192	6.088251702	15.77151222	5.713042708	14.99090433	6.020762663	10.05893675	6.422398976	10.664236	33.28687078	17.18698794	6.469899445	20.33150312	9.590375224	9.564296975	8.541254481	6.733987793	11.68143572	5.915627298	14.26186929	7.849689487	10.34421852	26.43065677	28.70872142	77.44932524	37.94810349	64.52417859
thbs1	protein_coding	chrNC_030684.1:98501300-98515014:+	gi|301615580|ref|XP_002937245.1|	5815	0	PREDICTED: thrombospondin-1 [Xenopus tropicalis]	gi|847159617|ref|XM_002937199.3|	5537	0	PREDICTED: Xenopus (Silurana) tropicalis thrombospondin 1 (thbs1), mRNA	P35448	2152	0	Thrombospondin-1	.	.	.	.	pfam05735	TSP_C	Thrombospondin C-terminal region. This region is found at the C-terminus of thrombospondin and related proteins.	GO:0007155|cell adhesion;GO:0006954|inflammatory response;GO:0016525|negative regulation of angiogenesis;GO:0006986|response to unfolded protein;	GO:0005783|endoplasmic reticulum;GO:0005615|extracellular space;GO:0016529|sarcoplasmic reticulum;	GO:0005509|calcium ion binding;GO:0050840|extracellular matrix binding;GO:0008201|heparin binding;	.	.	49.17914711	6.306837677	58.72994189	12.01355774	132.194841	6.92209975	11.02677108	8.33015312	6.867142708	12.40523329	11.98467387	10.67087922	19.86658692	29.65872322	23.73686681	8.477672493	28.66200574	4.932854679	4.98685957	31.71594224	3.617871293	9.097352636	5.775735912	6.468552994	10.2160854	25.94230223	12.52818539	24.85014563	15.33242025	22.81934417	7.205972333	19.3671977	5.06220668	22.47986992	11.45809618	11.89990116	15.42266755	11.48021086	89.08155112	7.383789856	52.83642743	30.73510293	8.443623646	3.183054471	3.685870963	10.90753868	5.893462822	16.31046777
tnfsf10l	protein_coding	chrNC_030684.1:18400127-18406521:+	gi|512858823|ref|XP_004916844.1|	1763	0	PREDICTED: tumor necrosis factor ligand superfamily member 10-like isoform X1 [Xenopus tropicalis]	gi|847156288|ref|XM_004916787.2|	1953	0	PREDICTED: Xenopus (Silurana) tropicalis tumor necrosis factor ligand superfamily member 10-like (LOC100497331), transcript variant X1, mRNA	P50591	130	3.00E-32	Tumor necrosis factor ligand superfamily member 10	.	.	.	.	pfam00229	TNF	TNF(tumor Necrosis Factor) family.	GO:0006919|activation of cysteine-type endopeptidase activity involved in apoptotic process;GO:0097296|activation of cysteine-type endopeptidase activity involved in apoptotic signaling pathway;GO:0006915|apoptotic process;GO:0007166|cell surface receptor signaling pathway;GO:0007267|cell-cell signaling;GO:0006955|immune response;GO:0008584|male gonad development;GO:1902042|negative regulation of extrinsic apoptotic signaling pathway via death domain receptors;GO:0043065|positive regulation of apoptotic process;GO:0043280|positive regulation of cysteine-type endopeptidase activity involved in apoptotic process;GO:2001238|positive regulation of extrinsic apoptotic signaling pathway;GO:0043123|positive regulation of I-kappaB kinase/NF-kappaB signaling;GO:0090200|positive regulation of release of cytochrome c from mitochondria;GO:1902041|regulation of extrinsic apoptotic signaling pathway via death domain receptors;GO:0032868|response to insulin;GO:0007165|signal transduction;	GO:0070062|extracellular exosome;GO:0005576|extracellular region;GO:0005615|extracellular space;GO:0005887|integral component of plasma membrane;	GO:0046872|metal ion binding;GO:0005102|receptor binding;	K04721	TNFSF10, TRAIL; tumor necrosis factor ligand superfamily member 10	10.53699152	2.364898031	11.37579092	2.023353601	4.800384278	2.393933694	3.049692206	2.335318724	3.187952127	2.006418034	2.325734163	3.033932727	10.04488829	4.167738304	13.1590167	3.880681839	10.18553666	5.945470115	5.973332941	7.179551547	3.660509014	4.381338067	2.971391037	3.356613211	2.693460454	7.843757956	3.258792318	11.06511509	4.239001176	4.485114055	2.724037449	5.368919969	2.548501453	3.835844203	4.096663214	2.169658796	15.8233131	6.875245722	11.71758346	5.910520481	15.97124577	14.45279008	4.599771304	2.89580554	5.064980123	6.208107359	4.418253963	9.785686976
tgfbr3	protein_coding	chrNC_030680.1:94552854-94677662:+	gi|512835964|ref|XP_004913781.1|	4224	0	PREDICTED: transforming growth factor beta receptor type 3 isoform X1 [Xenopus tropicalis]	gi|847125798|ref|XM_004913724.2|	7692	0	PREDICTED: Xenopus (Silurana) tropicalis transforming growth factor, beta receptor III (tgfbr3), transcript variant X1, mRNA	P35054	487	5.00E-147	Transforming growth factor beta receptor type 3	.	.	.	.	pfam00100	Zona_pellucida	Zona pellucida-like domain.	GO:0030509|BMP signaling pathway;GO:0016049|cell growth;GO:0001837|epithelial to mesenchymal transition;GO:0006955|immune response;GO:0035556|intracellular signal transduction;GO:0051271|negative regulation of cellular component movement;GO:0032354|response to follicle-stimulating hormone;GO:0007165|signal transduction;GO:0007179|transforming growth factor beta receptor signaling pathway;	GO:0009897|external side of plasma membrane;GO:0031012|extracellular matrix;GO:0016021|integral component of membrane;GO:0005622|intracellular;GO:0005578|proteinaceous extracellular matrix;	GO:0015026|coreceptor activity;GO:0005539|glycosaminoglycan binding;GO:0008201|heparin binding;GO:0050431|transforming growth factor beta binding;GO:0070123|transforming growth factor beta receptor activity, type III;GO:0005160|transforming growth factor beta receptor binding;GO:0005024|transforming growth factor beta-activated receptor activity;	K05843	TGFBR3; transforming growth factor, beta receptor III	49.33157252	14.77127819	50.37673727	5.709394154	24.81539071	4.77444269	3.041090791	3.417626068	2.732959639	2.892599671	3.858208029	2.186373786	39.7270571	5.715072326	44.9064666	7.105436409	44.15079167	7.308122567	2.776485974	4.589291867	3.571885748	3.035500328	3.433679247	2.621060956	9.585408008	32.08010442	5.521950364	70.42912619	8.479183153	18.07654464	4.111285579	3.541330946	1.666356629	4.244071646	2.722763124	2.350611134	69.81019456	25.32773691	53.13216994	16.95062673	37.41383028	54.14911523	4.238497954	3.198315519	5.267530858	3.58432645	6.768046015	4.443791156
pdgfc	protein_coding	chrNC_030677.1:44313746-44463187:+	gi|512816079|ref|XP_002934792.2|	1655	0	PREDICTED: platelet-derived growth factor C [Xenopus tropicalis]	gi|847095119|ref|XM_002934746.3|	3201	0	PREDICTED: Xenopus (Silurana) tropicalis platelet derived growth factor C (pdgfc), mRNA	A8WCC4	521	1.00E-174	Platelet-derived growth factor C	.	.	.	.	pfam00431	CUB	CUB domain.	GO:0009790|embryo development;GO:0048008|platelet-derived growth factor receptor signaling pathway;GO:0051781|positive regulation of cell division;GO:0008284|positive regulation of cell proliferation;	GO:0005576|extracellular region;GO:0016020|membrane;	.	K05450	PDGFC_D; platelet derived growth factor C/D	9.574833048	8.240262408	8.514124088	5.739435614	7.786677694	3.495414509	2.67596551	4.924174654	3.810114033	2.329533642	3.904357812	2.606092292	10.11286636	6.572675315	9.286988607	4.161229574	11.39387042	3.249559248	3.642640297	5.59727188	3.772299521	5.99676762	4.983198831	4.904529539	5.896759139	10.57905416	4.826976668	12.79050079	8.425367123	10.5775341	2.134502442	3.356298894	4.044652004	2.686754813	3.378859154	1.986883705	10.41384466	9.172951522	11.89589623	4.861832297	13.58626635	10.79715911	6.818666904	2.225812941	5.333146247	4.105074602	7.292585061	4.352478832
psap	protein_coding	chrNC_030683.1:50935069-50955746:-	gi|62859755|ref|NP_001017285.1|	1972	0	prosaposin precursor [Xenopus tropicalis]	gi|77682256|ref|NM_001017285.2|	1521	0	Xenopus (Silurana) tropicalis prosaposin (variant Gaucher disease and variant metachromatic leukodystrophy) (psap), mRNA	P26779	111	9.00E-25	Prosaposin	.	.	.	.	pfam05184	SapB_1	Saposin-like type B, region 1.	GO:0007193|adenylate cyclase-inhibiting G-protein coupled receptor signaling pathway;GO:0060742|epithelial cell differentiation involved in prostate gland development;GO:0006687|glycosphingolipid metabolic process;GO:0060736|prostate gland growth;GO:0019216|regulation of lipid metabolic process;	GO:0005737|cytoplasm;GO:0005615|extracellular space;GO:0005764|lysosome;	GO:0008047|enzyme activator activity;GO:0001664|G-protein coupled receptor binding;	K12382	PSAP, SGP1; saposin	310.8303006	295.5154414	429.1591586	321.6284602	276.7043148	300.2028884	41.29402018	43.74930231	52.84944279	35.62831748	49.31658867	43.33630103	406.3883183	332.9867878	388.7755381	254.8438007	314.6556026	158.7570058	79.89776767	169.5082322	68.32260599	87.80307122	54.5837142	67.49784704	353.762839	612.406298	271.4621985	271.305104	379.5972681	699.3548498	49.66629077	70.52471753	63.04299471	61.77663145	129.8074399	47.8978722	527.3074346	343.0249381	565.9421678	277.2598305	477.1095873	445.0727649	63.76781038	52.58734416	73.75703554	45.10235685	53.16618336	100.6071001
emilin1	protein_coding	chrNW_016684024.1:32372-41557:-	gi|148234006|ref|NP_001090870.1|	5021	0	EMILIN-1 [Xenopus tropicalis]	gi|148234005|ref|NM_001097401.1|	3201	0	Xenopus (Silurana) tropicalis elastin microfibril interfacer 1 (emilin1), mRNA	Q9Y6C2	666	0	EMILIN-1	.	.	.	.	pfam07546	EMI	EMI domain. The Pfam alignment is truncated at the C-terminus and does not include the final cysteine defined in Callebaut et al. This is to stop the family overlapping with other domains.	GO:0007155|cell adhesion;	GO:0005581|collagen trimer;GO:0070062|extracellular exosome;GO:0031012|extracellular matrix;GO:0005576|extracellular region;GO:0005578|proteinaceous extracellular matrix;	.	.	.	5.565858235	1.658101582	4.307494138	3.185893612	4.178217299	2.603875209	1.894719023	0.779677394	1.147954013	1.402431913	1.579241918	1.924101883	3.655151972	2.926494769	4.663390621	1.826881276	4.053176442	1.805537955	0.611558045	0.56923915	0.719571585	1.16505746	0.508695371	1.828517981	2.887002707	5.182192614	5.591982767	5.630436816	2.874720967	3.599256099	1.766637203	1.133925733	0.654446458	1.475200601	0.928633509	1.087455374	3.790210394	3.267145106	4.265385178	1.812252362	3.896481771	3.205203219	1.740968302	0.958613917	1.145751115	2.144477879	2.550681967	2.736886461
col5a2	protein_coding	chrNC_030685.1:39677783-39793267:+	gi|512867119|ref|XP_002931546.2|	2285	0	PREDICTED: collagen alpha-2(V) chain [Xenopus tropicalis]	gi|847166874|ref|XM_002931500.3|	6892	0	PREDICTED: Xenopus (Silurana) tropicalis collagen, type V, alpha 2 (col5a2), mRNA	P05997	58.2	1.00E-06	Collagen alpha-2(V) chain	.	.	.	.	pfam01410	COLFI	Fibrillar collagen C-terminal domain. Found at C-termini of fibrillar collagens: Ephydatia muelleri procollagen EMF1 alpha, vertebrate collagens alpha(1)III, alpha(1)II, alpha(2)V etc.	GO:0071230|cellular response to amino acid stimulus;GO:0030574|collagen catabolic process;GO:0030199|collagen fibril organization;GO:0030198|extracellular matrix organization;GO:0048592|eye morphogenesis;GO:1903225|negative regulation of endodermal cell differentiation;GO:0001503|ossification;GO:0001501|skeletal system development;GO:0043588|skin development;	GO:0005588|collagen type V trimer;GO:0005788|endoplasmic reticulum lumen;GO:0031012|extracellular matrix;GO:0005576|extracellular region;	GO:0005201|extracellular matrix structural constituent;GO:0046872|metal ion binding;	.	.	4.113870809	1.913323659	3.753960696	3.509176329	3.470685494	1.856336444	17.06110043	11.83652905	7.001731986	17.54624427	15.31489779	24.49574215	3.349404457	10.01025455	3.545375202	2.294089937	3.776977236	1.801116835	6.745582149	4.654314284	6.946428609	6.42425447	4.0751064	10.46111928	2.747082423	4.852342553	1.903928927	4.772666942	2.058371517	3.085000269	13.64342721	8.245250087	3.785590077	9.091668132	5.022997244	7.003120829	3.169426403	3.668394852	3.416095802	1.637799786	4.188034552	2.707194711	7.337434565	15.44101537	8.779927807	26.83528346	16.05513592	19.87835957
igfbp1	protein_coding	chrNC_030682.1:67729412-67734315:+	gi|76780851|ref|NP_001029118.1|	1337	8.00E-178	insulin-like growth factor-binding protein 1 precursor [Xenopus tropicalis]	gi|76780850|ref|NM_001033946.1|	2158	0	Xenopus tropicalis insulin like growth factor binding protein 1 (igfbp1), mRNA	P24591	252	4.00E-76	Insulin-like growth factor-binding protein 1	.	.	.	.	pfam00219	IGFBP	Insulin-like growth factor binding protein.	GO:0001558|regulation of cell growth;GO:0043567|regulation of insulin-like growth factor receptor signaling pathway;	GO:0005615|extracellular space;	GO:0031994|insulin-like growth factor I binding;GO:0031995|insulin-like growth factor II binding;	.	.	63.39544152	33.10819362	179.3617226	45.31588071	114.3270575	31.19160152	0	0	0	0.056185999	0	0	16.78368521	170.30277	16.28866456	9.341158455	40.2500735	1.24390435	0	0.029973045	0	0	0	0	11.81092281	437.320827	110.4248615	38.52895069	212.0771032	381.4992317	0	0.030731223	0	0	0	0.088415404	5.538780018	3.955006532	94.24620208	5.083617062	77.97609319	58.1860235	0	0	0	0.029274666	0	0
col28a1	protein_coding	chrNW_016683410.1:1367121-1425386:-	gi|847140136|ref|XP_012821060.1|	4054	0	PREDICTED: collagen alpha-1(XXVIII) chain [Xenopus tropicalis]	gi|847140135|ref|XM_012965606.1|	2464	0	PREDICTED: Xenopus (Silurana) tropicalis collagen, type XXVIII, alpha 1 (col28a1), mRNA	Q2UY09	78.2	4.00E-13	Collagen alpha-1(XXVIII) chain	.	.	.	.	pfam00092	VWA	von Willebrand factor type A domain.	GO:0007155|cell adhesion;	GO:0005604|basement membrane;GO:0005581|collagen trimer;GO:0005788|endoplasmic reticulum lumen;GO:0005576|extracellular region;	GO:0004867|serine-type endopeptidase inhibitor activity;	.	.	4.702799857	5.291750658	6.70078529	3.879360466	4.633545997	4.238457672	3.401767645	3.929644438	1.857904444	2.932292253	4.536868599	2.884865846	4.313513173	5.825596891	9.417292453	4.206190319	8.327636606	4.699596133	1.507102552	1.84256849	1.304837375	1.473113667	1.339177432	2.258703218	5.618884019	5.642003544	2.455517545	5.272913641	5.671584087	6.310061381	2.199603511	1.771103323	0.693111731	1.820044162	1.585137838	1.151219285	4.669942112	7.04973477	4.963259937	6.491723911	2.799778057	7.21408499	2.152384917	3.041469271	2.818508476	5.623863187	6.763675224	3.598976691
