GeneName	Biotype	Position	NR:Seq-id	NR:Score	NR:Evalue	NR:Description	NT:Seq-id	NT:Score	NT:Evalue	NT:Description	Uniprot:UniProtKB-AC	Uniprot:Score	Uniprot:Evalue	Uniprot:Description	COG:gene	COG:Score	COG:Eval	COG:num	Pfam:pfam_ID	Pfam:pfam_Name	Pfam:pfam_Description	GO:biological_process	GO:cellular_component	GO:molecular_function	KEGG:KO	KEGG:Description	Lmus1	Lmus2	Lmus3	Lmus4	Lmus5	Lmus6	Lski1	Lski2	Lski3	Lski4	Lski5	Lski6	LMmus1	LMmus2	LMmus3	LMmus4	LMmus5	LMmus6	LMski1	LMski2	LMski3	LMski4	LMski5	LMski6	Mmus1	Mmus2	Mmus3	Mmus4	Mmus5	Mmus6	Mski1	Mski2	Mski3	Mski4	Mski5	Mski6	MLmus1	MLmus2	MLmus3	MLmus4	MLmus5	MLmus6	MLski1	MLski2	MLski3	MLski4	MLski5	MLski6
gpi	protein_coding	chrNC_030680.1:19407485-19430385:-	gi|58332406|ref|NP_001011010.1|	2989	0	glucose-6-phosphate isomerase [Xenopus tropicalis]	gi|58332405|ref|NM_001011010.1|	2119	0	Xenopus (Silurana) tropicalis glucose-6-phosphate isomerase (gpi), mRNA	P06744	965	0	Glucose-6-phosphate isomerase	HI1576	722	0	COG0166	pfam00342	PGI	Phosphoglucose isomerase. Phosphoglucose isomerase catalyses the interconversion of glucose-6-phosphate and fructose-6-phosphate.	GO:0046185|aldehyde catabolic process;GO:0001525|angiogenesis;GO:0061621|canonical glycolysis;GO:0005975|carbohydrate metabolic process;GO:0034101|erythrocyte homeostasis;GO:0006094|gluconeogenesis;GO:0051156|glucose 6-phosphate metabolic process;GO:0042593|glucose homeostasis;GO:0007599|hemostasis;GO:0006959|humoral immune response;GO:0001701|in utero embryonic development;GO:0007611|learning or memory;GO:0001707|mesoderm formation;GO:0019242|methylglyoxal biosynthetic process;GO:0043154|negative regulation of cysteine-type endopeptidase activity involved in apoptotic process;GO:0043524|negative regulation of neuron apoptotic process;GO:0046686|response to cadmium ion;GO:0032355|response to estradiol;GO:0035902|response to immobilization stress;GO:0043278|response to morphine;GO:0035994|response to muscle stretch;GO:0032570|response to progesterone;GO:0033574|response to testosterone;	GO:0060170|ciliary membrane;GO:0005737|cytoplasm;GO:0005829|cytosol;GO:0070062|extracellular exosome;GO:0005615|extracellular space;GO:0016020|membrane;GO:0043209|myelin sheath;GO:0043005|neuron projection;GO:0005654|nucleoplasm;GO:0005886|plasma membrane;	GO:0004347|glucose-6-phosphate isomerase activity;GO:0016866|intramolecular transferase activity;GO:0048029|monosaccharide binding;GO:0031625|ubiquitin protein ligase binding;	K01810	GPI, pgi; glucose-6-phosphate isomerase [EC:5.3.1.9]	1650.026056	1852.379115	1143.958407	1608.178229	1118.294214	1488.157749	290.1915595	406.1489399	345.8871797	361.6342511	75.79021685	303.7422851	554.3572421	175.77774	705.7252422	388.8774561	673.2025983	690.2308782	192.9064212	211.4463216	189.8741354	224.1688806	277.2909049	142.2439468	1037.354929	480.3690524	899.8485898	939.0680803	238.2613872	663.8265385	253.1927287	248.7177295	302.5233554	252.1019457	255.5668189	374.7718861	1648.7171	1880.12358	1166.667988	1612.825915	1438.813784	1300.949067	429.2373877	665.7583978	211.170643	304.4721039	394.3741812	270.9682258
col1a1	protein_coding	chrNC_030686.1:13936262-13962423:+	gi|58332412|ref|NP_001011005.1|	1566	0	collagen alpha-1(I) chain precursor [Xenopus tropicalis]	gi|58332411|ref|NM_001011005.1|	5663	0	Xenopus (Silurana) tropicalis collagen, type I, alpha 1 (col1a1), mRNA	Q9YIB4	60.8	1.00E-07	Collagen alpha-1(I) chain	.	.	.	.	pfam01410	COLFI	Fibrillar collagen C-terminal domain. Found at C-termini of fibrillar collagens: Ephydatia muelleri procollagen EMF1 alpha, vertebrate collagens alpha(1)III, alpha(1)II, alpha(2)V etc.	.	GO:0005581|collagen trimer;GO:0005578|proteinaceous extracellular matrix;	GO:0005201|extracellular matrix structural constituent;GO:0046872|metal ion binding;	.	.	353.1531939	153.3372482	82.35381831	345.8816205	189.0843277	401.6472176	990.4313191	2228.003505	313.663733	2434.00497	3630.414817	1044.302325	41.76083877	15.60461977	27.38180552	33.32291734	17.69111989	96.16605974	325.4610679	60.38021939	119.9768908	106.7627841	298.962926	521.179893	151.3803995	49.08253522	27.55370282	58.75594742	15.91046227	73.45274628	579.2668529	139.0357216	254.0230798	351.677976	54.41783541	907.5736055	39.67838004	196.9356147	40.9873785	415.7068294	137.1214178	139.4882122	174.1416209	1715.380225	199.5130481	1567.502894	408.5550102	683.2856078
psap	protein_coding	chrNC_030683.1:50935069-50955746:-	gi|62859755|ref|NP_001017285.1|	1972	0	prosaposin precursor [Xenopus tropicalis]	gi|77682256|ref|NM_001017285.2|	1521	0	Xenopus (Silurana) tropicalis prosaposin (variant Gaucher disease and variant metachromatic leukodystrophy) (psap), mRNA	P26779	111	9.00E-25	Prosaposin	.	.	.	.	pfam05184	SapB_1	Saposin-like type B, region 1.	GO:0007193|adenylate cyclase-inhibiting G-protein coupled receptor signaling pathway;GO:0060742|epithelial cell differentiation involved in prostate gland development;GO:0006687|glycosphingolipid metabolic process;GO:0060736|prostate gland growth;GO:0019216|regulation of lipid metabolic process;	GO:0005737|cytoplasm;GO:0005615|extracellular space;GO:0005764|lysosome;	GO:0008047|enzyme activator activity;GO:0001664|G-protein coupled receptor binding;	K12382	PSAP, SGP1; saposin	41.29402018	43.74930231	52.84944279	35.62831748	49.31658867	43.33630103	163.8321989	158.6825852	222.1402834	159.6603677	146.5456195	163.851129	79.89776767	169.5082322	68.32260599	87.80307122	54.5837142	67.49784704	187.9416344	243.7007078	191.1396549	191.8401805	147.722897	198.027951	49.66629077	70.52471753	63.04299471	61.77663145	129.8074399	47.8978722	218.8668488	204.2741048	210.3305999	180.4053501	271.4237038	230.8709459	63.76781038	52.58734416	73.75703554	45.10235685	53.16618336	100.6071001	208.3512649	168.7725784	232.2733521	194.6232646	223.6520381	245.334061
sparc	protein_coding	chrNC_030679.1:11519289-11535993:-	gi|45361541|ref|NP_989347.1|	1434	0	SPARC precursor [Xenopus tropicalis]	gi|51491873|ref|NM_204016.2|	1679	0	Xenopus (Silurana) tropicalis secreted protein, acidic, cysteine-rich (osteonectin) (sparc), mRNA	P36378	516	5.00E-180	SPARC	.	.	.	.	pfam10591	SPARC_Ca_bdg	Secreted protein acidic and rich in cysteine Ca binding region. The SPARC_Ca_bdg domain of Secreted Protein Acidic and Rich in Cysteine is responsible for the anti-spreading activity of human urothelial cells. It is rich in alpha-helices. This extracellular calcium-binding domain contains two EF-hands that each coordinates one Ca2+ ion, forming a helix-loop-helix structure that not only drives the conformation of the protein but is also necessary for biological activity. The anti-spreading activity was dependent on the coordination of Ca2+ by a Glu residue at the Z position of EF-hand 2.	GO:0007165|signal transduction;	GO:0005604|basement membrane;GO:0005615|extracellular space;	GO:0005509|calcium ion binding;	.	.	662.3396247	522.7597907	245.1875057	1076.404235	399.1975476	1025.377619	1875.634368	5082.991298	646.6343027	4823.012707	3377.478636	2479.768794	165.052945	73.46530817	127.2085991	189.2323738	74.84483919	283.3873306	730.890023	186.2957884	319.3103063	318.3674726	573.4460578	1262.843439	442.3373783	151.0027621	88.31987874	183.1313099	56.8368172	185.0805957	1331.561521	277.0652506	475.4091558	744.2681524	191.2194641	1892.503517	177.9903106	632.355124	453.1844767	1631.932329	594.6007157	806.9030946	520.1795383	3835.430564	450.0591878	3224.156492	800.0476927	1046.630778
c7	protein_coding	chrNC_030677.1:182893667-182929038:-	gi|847090059|ref|XP_012823262.1|	4152	0	PREDICTED: complement component C7 [Xenopus tropicalis]	gi|847090058|ref|XM_012967808.1|	2014	0	PREDICTED: Xenopus (Silurana) tropicalis complement component 7 (c7), mRNA	Q9TUQ3	841	0	Complement component C7	.	.	.	.	pfam01823	MACPF	MAC/Perforin domain. The membrane-attack complex (MAC) of the complement system forms transmembrane channels. These channels disrupt the phospholipid bilayer of target cells, leading to cell lysis and death. A number of proteins participate in the assembly of the MAC. Freshly activated C5b binds to C6 to form a C5b-6 complex, then to C7 forming the C5b-7 complex. The C5b-7 complex binds to C8, which is composed of three chains (alpha, beta, and gamma), thus forming the C5b-8 complex. C5b-8 subsequently binds to C9 and acts as a catalyst in the polymerization of C9. Active MAC has a subunit composition of C5b-C6-C7-C8-C9{n}. Perforin is a protein found in cytolytic T-cell and killer cells. In the presence of calcium, perforin polymerizes into transmembrane tubules and is capable of lysing, non-specifically, a variety of target cells. There are a number of regions of similarity in the sequences of complement components C6, C7, C8-alpha, C8-beta, C9 and perforin. The X-ray crystal structure of a MACPF domain reveals that it shares a common fold with bacterial cholesterol dependent cytolysins (pfam01289) such as perfringolysin O. Three key pieces of evidence suggests that MACPF domains and CDCs are homologous: Functional similarity (pore formation), conservation of three glycine residues at a hinge in both families and conservation of a complex core fold.	GO:0006957|complement activation, alternative pathway;GO:0006958|complement activation, classical pathway;GO:0019835|cytolysis;	GO:0005576|extracellular region;GO:0005579|membrane attack complex;	.	K03996	C7; complement component 7	2.766712383	3.137070489	2.679947926	6.046616706	4.455316256	5.998123713	0.871308719	1.570512453	2.303414924	2.79027207	0.461271134	1.920178373	3.901385289	1.570533821	3.102732463	2.348984387	1.278922813	4.163576279	2.240591711	1.341701752	1.171853169	0.813353834	0.775412755	1.770600474	3.828469733	1.684580739	1.495780905	2.714576757	1.453501738	2.518347263	2.199002967	0.773818472	0.938292262	0.980674331	0.94064172	3.249709107	3.768775044	8.451420006	3.644036744	8.991248433	4.770915555	3.113370103	0.709832729	3.258800367	1.58012603	2.74866242	1.538629695	1.797765398
smpdl3a	protein_coding	chrNC_030681.1:68275178-68295361:+	gi|349732204|ref|NP_001025618.2|	2425	0	acid sphingomyelinase-like phosphodiesterase 3a precursor [Xenopus tropicalis]	gi|847127930|ref|XM_012963075.1|	2259	0	PREDICTED: Xenopus (Silurana) tropicalis sphingomyelin phosphodiesterase, acid-like 3A (smpdl3a), transcript variant X1, mRNA	Q92484	583	0	Acid sphingomyelinase-like phosphodiesterase 3a	.	.	.	.	pfam00149	Metallophos	Calcineurin-like phosphoesterase. This family includes a diverse range of phosphoesterases, including protein phosphoserine phosphatases, nucleotidases, sphingomyelin phosphodiesterases and 2'-3' cAMP phosphodiesterases as well as nucleases such as bacterial SbcD or yeast MRE11. The most conserved regions in this superfamily centre around the metal chelating residues.	GO:0009143|nucleoside triphosphate catabolic process;	GO:0070062|extracellular exosome;GO:0005615|extracellular space;	GO:0008081|phosphoric diester hydrolase activity;GO:0008270|zinc ion binding;	K01128	SMPDL3; sphingomyelin phosphodiesterase acid-like 3 [EC:3.1.4.-]	2.931099622	1.683810429	2.617442352	1.831031262	2.677272522	1.764639869	5.522153828	4.527698075	4.555707896	3.596615834	3.207258296	3.293845035	3.403576743	11.29322831	3.17659446	3.587563042	2.092554295	3.177406955	5.454099405	9.838546406	6.100181788	5.74952618	8.101582187	6.10109544	1.62678309	3.292576582	3.423813819	1.958419378	4.938713573	1.894584449	7.097148269	13.312986	12.667318	6.001071636	9.584816109	7.302896627	3.028331989	2.637503273	3.611185423	2.03873766	3.438476596	3.113745002	7.645023961	4.053984549	6.48084777	7.761695167	10.14497152	9.813542168
col5a2	protein_coding	chrNC_030685.1:39677783-39793267:+	gi|512867119|ref|XP_002931546.2|	2285	0	PREDICTED: collagen alpha-2(V) chain [Xenopus tropicalis]	gi|847166874|ref|XM_002931500.3|	6892	0	PREDICTED: Xenopus (Silurana) tropicalis collagen, type V, alpha 2 (col5a2), mRNA	P05997	58.2	1.00E-06	Collagen alpha-2(V) chain	.	.	.	.	pfam01410	COLFI	Fibrillar collagen C-terminal domain. Found at C-termini of fibrillar collagens: Ephydatia muelleri procollagen EMF1 alpha, vertebrate collagens alpha(1)III, alpha(1)II, alpha(2)V etc.	GO:0071230|cellular response to amino acid stimulus;GO:0030574|collagen catabolic process;GO:0030199|collagen fibril organization;GO:0030198|extracellular matrix organization;GO:0048592|eye morphogenesis;GO:1903225|negative regulation of endodermal cell differentiation;GO:0001503|ossification;GO:0001501|skeletal system development;GO:0043588|skin development;	GO:0005588|collagen type V trimer;GO:0005788|endoplasmic reticulum lumen;GO:0031012|extracellular matrix;GO:0005576|extracellular region;	GO:0005201|extracellular matrix structural constituent;GO:0046872|metal ion binding;	.	.	17.06110043	11.83652905	7.001731986	17.54624427	15.31489779	24.49574215	41.52745952	59.25310777	27.97800041	88.19554595	38.62491248	70.3259851	6.745582149	4.654314284	6.946428609	6.42425447	4.0751064	10.46111928	26.72657068	11.45455629	19.11448414	18.42312964	22.56566234	32.37634883	13.64342721	8.245250087	3.785590077	9.091668132	5.022997244	7.003120829	37.20019381	21.22701306	26.99513718	25.18434068	13.33390001	43.55067443	7.337434565	15.44101537	8.779927807	26.83528346	16.05513592	19.87835957	23.01404214	70.79128631	24.00008036	58.90397616	32.26769642	35.10894127
col5a1	protein_coding	chrNW_016683374.1:960968-1101225:+	gi|512857820|ref|XP_004916702.1|	1961	0	PREDICTED: collagen alpha-1(V) chain isoform X1 [Xenopus tropicalis]	gi|847157796|ref|XM_004916645.2|	10830	0	PREDICTED: Xenopus (Silurana) tropicalis collagen, type V, alpha 1 (col5a1), transcript variant X1, mRNA	P20908	65.1	1.00E-08	Collagen alpha-1(V) chain	.	.	.	.	pfam01410	COLFI	Fibrillar collagen C-terminal domain. Found at C-termini of fibrillar collagens: Ephydatia muelleri procollagen EMF1 alpha, vertebrate collagens alpha(1)III, alpha(1)II, alpha(2)V etc.	GO:0001568|blood vessel development;GO:0007155|cell adhesion;GO:0016477|cell migration;GO:0032964|collagen biosynthetic process;GO:0030574|collagen catabolic process;GO:0030199|collagen fibril organization;GO:0030198|extracellular matrix organization;GO:0048592|eye morphogenesis;GO:0003007|heart morphogenesis;GO:0045112|integrin biosynthetic process;GO:1903225|negative regulation of endodermal cell differentiation;GO:0051128|regulation of cellular component organization;GO:0043588|skin development;GO:0035989|tendon development;GO:0035313|wound healing, spreading of epidermal cells;	GO:0005604|basement membrane;GO:0005588|collagen type V trimer;GO:0005788|endoplasmic reticulum lumen;GO:0070062|extracellular exosome;GO:0031012|extracellular matrix;GO:0005576|extracellular region;	GO:0005201|extracellular matrix structural constituent;GO:0008201|heparin binding;GO:0005178|integrin binding;GO:0046872|metal ion binding;GO:0048407|platelet-derived growth factor binding;GO:0043394|proteoglycan binding;	.	.	16.30368459	10.63305991	6.464922812	14.60609501	13.92505464	21.50618752	52.71472046	65.61618162	34.39243846	91.53329354	46.86231076	70.74702009	5.799197198	3.598022719	5.378413729	4.973749016	3.533630463	9.866562485	38.97305662	10.80861522	23.20033108	22.52425159	27.40953274	32.84991862	13.11965496	7.275262624	4.047049435	8.116280045	3.524206026	6.147743593	43.56295648	25.74120388	35.66435839	38.17838458	15.08080235	49.12792476	6.061351175	13.4902346	7.526278031	25.17541211	17.77092739	17.08366511	25.01849105	77.12052749	30.18395908	66.14473274	40.60669058	53.99947705
col5a3	protein_coding	chrNC_030680.1:99399687-99522306:-	gi|512835852|ref|XP_004913770.1|	2096	0	PREDICTED: collagen alpha-1(XI) chain isoform X1 [Xenopus tropicalis]	gi|512835851|ref|XM_004913713.1|	7688	0	PREDICTED: Xenopus (Silurana) tropicalis collagen, type V, alpha 3 (col5a3), transcript variant X1, mRNA	P12107	525	3.00E-152	Collagen alpha-1(XI) chain	.	.	.	.	pfam01410	COLFI	Fibrillar collagen C-terminal domain. Found at C-termini of fibrillar collagens: Ephydatia muelleri procollagen EMF1 alpha, vertebrate collagens alpha(1)III, alpha(1)II, alpha(2)V etc.	GO:0001502|cartilage condensation;GO:0002063|chondrocyte development;GO:0030199|collagen fibril organization;GO:0050910|detection of mechanical stimulus involved in sensory perception of sound;GO:0048704|embryonic skeletal system morphogenesis;GO:0035987|endodermal cell differentiation;GO:0042472|inner ear morphogenesis;GO:0001503|ossification;GO:0006029|proteoglycan metabolic process;GO:0035989|tendon development;GO:0055010|ventricular cardiac muscle tissue morphogenesis;GO:0007601|visual perception;	GO:0005592|collagen type XI trimer;GO:0031012|extracellular matrix;	GO:0005201|extracellular matrix structural constituent;GO:0046872|metal ion binding;	.	.	3.683112965	1.603653297	1.424095589	3.797907698	2.251020885	3.179334699	0.698946349	0.514290657	0.727833928	2.326641915	0.597385621	1.10805883	0.762387958	0.386712275	0.444518293	0.378534433	0.404527302	0.874488417	0.154202007	0.056340698	0.244636153	0.141496505	0.260798971	0.136900253	2.538440051	1.086049581	0.459715126	2.192261408	0.334290735	1.430052703	0.312624243	0.170516978	0.352933263	0.093832587	0.114548253	0.442440985	1.165584818	0.926023814	0.250239926	2.775287064	0.730700593	1.560197043	0.34917092	1.13384567	0.214757308	0.284320749	0.501881949	0.25020109
col5a3	protein_coding	chrNC_030679.1:126399455-126520015:+	gi|847169802|ref|XP_012808459.1|	5648	0	PREDICTED: collagen alpha-3(V) chain isoform X1 [Xenopus tropicalis]	gi|847169801|ref|XM_012953005.1|	6900	0	PREDICTED: Xenopus (Silurana) tropicalis collagen, type V, alpha 3 (col5a3), transcript variant X1, mRNA	Q61245	298	8.00E-80	Collagen alpha-1(XI) chain	.	.	.	.	pfam01410	COLFI	Fibrillar collagen C-terminal domain. Found at C-termini of fibrillar collagens: Ephydatia muelleri procollagen EMF1 alpha, vertebrate collagens alpha(1)III, alpha(1)II, alpha(2)V etc.	GO:0001502|cartilage condensation;GO:0051216|cartilage development;GO:0002063|chondrocyte development;GO:0030199|collagen fibril organization;GO:0050910|detection of mechanical stimulus involved in sensory perception of sound;GO:0048704|embryonic skeletal system morphogenesis;GO:0035987|endodermal cell differentiation;GO:0003007|heart morphogenesis;GO:0042472|inner ear morphogenesis;GO:0001503|ossification;GO:0006029|proteoglycan metabolic process;GO:0007605|sensory perception of sound;GO:0048705|skeletal system morphogenesis;GO:0035989|tendon development;GO:0055010|ventricular cardiac muscle tissue morphogenesis;GO:0007601|visual perception;	GO:0005581|collagen trimer;GO:0005592|collagen type XI trimer;GO:0005578|proteinaceous extracellular matrix;	GO:0005201|extracellular matrix structural constituent;GO:0046872|metal ion binding;	.	.	7.702514328	5.359820709	2.551281774	5.422764331	7.286965568	6.798135466	2.970383243	4.590646374	2.751365741	5.872117699	1.965652383	4.045317278	2.842835811	1.909753835	3.434706026	2.910893649	2.006582922	4.851459472	2.479838417	1.164930588	1.778196305	1.842925118	2.223957584	2.608016339	5.259742728	2.462035385	1.371815757	2.740846264	1.561033607	2.384906487	2.278955356	1.660237637	2.055122871	2.297556736	1.537147083	3.447664758	3.080598932	7.404517089	3.933683105	10.2864547	7.917423777	7.082184822	2.130559354	6.292461364	1.860866857	3.418958862	2.92645674	3.237590262
col6a3	protein_coding	chrNC_030685.1:55178804-55266755:-	gi|512867316|ref|XP_002932067.2|	11604	0	PREDICTED: collagen alpha-3(VI) chain isoform X1 [Xenopus tropicalis]	gi|847166752|ref|XM_002932021.3|	11067	0	PREDICTED: Xenopus (Silurana) tropicalis collagen, type VI, alpha 3 (col6a3), transcript variant X1, mRNA	P15989	1061	0	Collagen alpha-3(VI) chain	.	.	.	.	pfam00092	VWA	von Willebrand factor type A domain.	GO:0007155|cell adhesion;	GO:0005581|collagen trimer;GO:0005578|proteinaceous extracellular matrix;	GO:0004867|serine-type endopeptidase inhibitor activity;	.	.	11.34697259	7.838557678	4.749500446	11.70536394	10.17988496	15.71464389	42.1601257	56.29151677	27.04322446	79.52515548	33.81717737	63.36645331	4.310930695	3.062276801	4.351366658	5.214974997	3.60651916	9.001934915	24.16643541	7.65968063	15.55345771	17.71100279	21.48048395	30.37618004	9.510284282	5.392679978	2.478208128	6.933143235	2.872035493	5.033766636	37.79132524	19.59589009	27.39266902	27.07571565	11.88747872	37.91036232	5.963786434	10.98862041	6.279814812	20.56546363	14.93488675	15.58876211	22.37840052	59.08080481	23.30716902	53.43672895	34.90031507	46.17817387
abcb6	protein_coding	chrNC_030685.1:77841741-77861436:-	gi|118404630|ref|NP_001072643.1|	3835	0	ATP-binding cassette sub-family B member 6, mitochondrial [Xenopus tropicalis]	gi|118404629|ref|NM_001079175.1|	5558	0	Xenopus tropicalis ATP binding cassette subfamily B member 6 (Langereis blood group) (abcb6), mRNA	Q08D64	1481	0	ATP-binding cassette sub-family B member 6, mitochondrial	YPO2588	494	2.00E-154	COG5265	pfam00005	ABC_tran	ABC transporter. ABC transporters for a large family of proteins responsible for translocation of a variety of compounds across biological membranes. ABC transporters are the largest family of proteins in many completely sequenced bacteria. ABC transporters are composed of two copies of this domain and two copies of a transmembrane domain pfam00664. These four domains may belong to a single polypeptide or belong in different polypeptide chains.	GO:0006879|cellular iron ion homeostasis;GO:0055085|transmembrane transport;	GO:0005783|endoplasmic reticulum;GO:0005794|Golgi apparatus;GO:0016021|integral component of membrane;GO:0005743|mitochondrial inner membrane;GO:0005741|mitochondrial outer membrane;GO:0005886|plasma membrane;	GO:0005524|ATP binding;GO:0042626|ATPase activity, coupled to transmembrane movement of substances;	K05661	ABCB6; ATP-binding cassette, subfamily B (MDR/TAP), member 6	2.559492866	3.136462975	3.072772714	2.267566276	2.783594634	2.278359748	4.322539245	4.169262269	9.413798607	3.276954975	4.329984737	3.054868276	5.762878673	10.80550644	4.882502178	5.320586696	7.19200951	4.521888795	5.381119809	6.302892508	5.852706963	3.685072662	5.42492391	3.172622134	3.361410619	4.209718924	3.252231871	4.279956159	5.597589142	2.939262342	3.574110628	1.837701751	2.404906039	2.195195668	3.169697031	2.221861321	4.648259095	2.742246034	3.15062912	2.930962109	3.87905221	2.751417755	4.347903175	2.648683507	2.781141509	3.433099494	3.923280053	3.177339168
nid2	protein_coding	chrNC_030684.1:74879973-74925486:+	gi|847152618|ref|XP_012823263.1|	7812	0	PREDICTED: nidogen-2 isoform X1 [Xenopus tropicalis]	gi|847152617|ref|XM_012967809.1|	5237	0	PREDICTED: Xenopus (Silurana) tropicalis nidogen 2 (osteonidogen) (nid2), transcript variant X1, mRNA	Q14112	186	7.00E-46	Nidogen-2	.	.	.	.	pfam07474	G2F	G2F domain. Nidogen, an invariant component of basement membranes, is a multifunctional protein that interacts with most other major basement membrane proteins. The G2 fragment or (G2F domain) contains binding sites for collagen IV and perlecan. The structure is composed of an 11-stranded beta-barrel with a central helix. This domain is structurally related to that of green fluorescent protein pfam01353. A large surface patch on the beta-barrel is conserved in all metazoan nidogens.	GO:0071711|basement membrane organization;GO:0007155|cell adhesion;GO:0007160|cell-matrix adhesion;GO:0030198|extracellular matrix organization;	GO:0005604|basement membrane;GO:0070062|extracellular exosome;GO:0031012|extracellular matrix;GO:0005576|extracellular region;	GO:0005509|calcium ion binding;GO:0005518|collagen binding;	K06826	NID; nidogen (entactin)	4.107508186	3.725234919	2.366208818	6.737363202	4.797132028	7.30585563	5.54259787	6.965467665	4.75780988	10.70958186	2.685365662	7.493209101	3.647061148	1.963798203	3.78513615	3.526359016	2.124679818	4.555075621	4.669399576	2.767003114	4.178142114	3.998656988	3.501251896	5.380190409	7.421833429	3.216491678	2.242824025	3.246247334	2.103031667	2.951085701	5.088511493	3.520423378	4.575904091	5.163305595	3.293673956	6.439986848	2.833068661	6.181824504	3.982798343	6.839807485	5.402592755	4.584363586	4.479265918	9.05327538	4.37932348	6.506198995	4.632989153	4.384774276
fbn1	protein_coding	chrNC_030679.1:93845661-93969772:-	gi|512827448|ref|XP_002936615.2|	14414	0	PREDICTED: fibrillin-1 [Xenopus tropicalis]	gi|847111608|ref|XM_002936569.3|	10642	0	PREDICTED: Xenopus (Silurana) tropicalis fibrillin 1 (fbn1), mRNA	P98133	97.1	3.00E-18	Fibrillin-1	.	.	.	.	pfam00683	TB	TB domain. This domain is also known as the 8 cysteine domain. This family includes the hybrid domains. This cysteine rich repeat is found in TGF binding protein and fibrillin.	GO:0034199|activation of protein kinase A activity;GO:0009653|anatomical structure morphogenesis;GO:0042593|glucose homeostasis;GO:0006006|glucose metabolic process;GO:0010737|protein kinase A signaling;GO:0090287|regulation of cellular response to growth factor stimulus;	GO:0005576|extracellular region;GO:0005615|extracellular space;GO:0005622|intracellular;GO:0001527|microfibril;	GO:0005509|calcium ion binding;GO:0005201|extracellular matrix structural constituent;GO:0008201|heparin binding;GO:0005179|hormone activity;	K06825	FBN1; fibrillin 1	18.89401209	14.54430105	9.499275537	25.4473315	19.255213	36.98403576	30.01522444	44.97909937	24.96849115	33.33392482	17.89486191	25.23494138	7.367186379	5.202748323	8.224699158	8.570987448	5.790845207	12.15308632	22.53868141	10.59651496	19.12386574	14.83948367	23.27011346	18.35400064	25.02121561	12.71894354	6.923264508	14.79097258	5.298522405	9.030240812	20.63941854	12.10750323	15.4885303	18.59418937	9.896583726	26.69795986	8.426996423	19.78550968	11.82007814	33.84318123	20.96488059	27.13040051	23.93302966	47.8010887	20.56966403	40.22736474	32.22133043	27.0626583
loxl1	protein_coding	chrNC_030679.1:82947858-82954271:+	gi|156717522|ref|NP_001096301.1|	2232	0	lysyl oxidase homolog 1 precursor [Xenopus tropicalis]	gi|156717521|ref|NM_001102831.1|	2300	0	Xenopus tropicalis lysyl oxidase like 1 (loxl1), mRNA	Q08397	84.3	2.00E-15	Lysyl oxidase homolog 1	.	.	.	.	pfam01186	Lysyl_oxidase	Lysyl oxidase.	GO:0035904|aorta development;GO:0030198|extracellular matrix organization;GO:0055114|oxidation-reduction process;GO:0018277|protein deamination;GO:0032496|response to lipopolysaccharide;	GO:0001669|acrosomal vesicle;GO:0005604|basement membrane;GO:0005576|extracellular region;GO:0005615|extracellular space;	GO:0005507|copper ion binding;GO:0016641|oxidoreductase activity, acting on the CH-NH2 group of donors, oxygen as acceptor;	K14678	LOXL1; lysyl oxidase-like protein 1 [EC:1.4.3.-]	5.900693574	4.347774954	4.162990677	8.897588405	5.647145563	11.19364962	17.04890994	27.59815309	15.84632385	24.15776423	12.0640528	21.01355132	1.801558683	1.741325899	2.424609422	3.104092923	1.959630024	4.160985702	10.50368841	7.260159981	10.14808052	7.452291402	11.80751944	9.661826025	5.653714793	3.513153955	1.68073468	3.618595797	2.462727887	2.181681131	11.51625633	7.675598269	11.28988759	10.60137482	6.587728942	18.7230215	4.409445089	6.920153506	6.548795894	15.80054032	11.48941121	14.17880693	15.47787571	30.38650311	18.10904492	29.82034163	19.03074022	17.55362177
nell2	protein_coding	chrNC_030679.1:54574219-54690283:+	gi|148235875|ref|NP_001090754.1|	4339	0	protein kinase C-binding protein NELL2 precursor [Xenopus tropicalis]	gi|148235874|ref|NM_001097285.1|	3892	0	Xenopus (Silurana) tropicalis neural EGFL like 2 (nell2), mRNA	A2VCU8	1675	0	Protein kinase C-binding protein NELL2	.	.	.	.	pfam12947	EGF_3	EGF domain. This family includes a variety of EGF-like domain homologues. This family includes the C-terminal domain of the malaria parasite MSP1 protein.	.	GO:0005576|extracellular region;	GO:0005509|calcium ion binding;	.	.	7.611411672	7.585549786	5.863228956	6.996334474	9.468067693	7.491862182	2.634199243	3.731500961	2.971261615	1.95129528	0.779559865	2.12121996	4.93153158	4.132450337	5.023372844	4.312503059	4.263876106	5.697888501	0.865521502	1.047745927	2.000266062	0.840924741	2.917973492	0.847835195	5.550545383	3.969030621	3.336837903	5.303216623	4.679754267	3.388795733	0.351656568	0.575420013	0.840012359	1.905969042	1.367149104	1.973968743	6.810598492	8.522520602	8.006068353	11.82133202	14.05811222	7.005094466	2.713657638	3.144836574	1.285155455	1.355928003	4.35554109	3.871622681
fstl1	protein_coding	chrNW_016683629.1:37140-43868:+	gi|113931544|ref|NP_001039221.1|	1085	2.00E-139	follistatin-related protein 1 precursor [Xenopus tropicalis]	gi|113931543|ref|NM_001045756.1|	2043	0	Xenopus tropicalis follistatin like 1 (fstl1), mRNA	Q58D84	302	2.00E-94	Follistatin-related protein 1	.	.	.	.	pfam13499	EF-hand_7	EF-hand domain pair.	GO:0042594|response to starvation;	GO:0070062|extracellular exosome;GO:0005615|extracellular space;	GO:0005509|calcium ion binding;GO:0008201|heparin binding;	.	.	80.48298419	46.05291771	31.23814795	67.12720239	64.20344051	104.5666098	84.14206191	117.452013	73.65490162	131.7327292	73.45378505	116.4763035	23.05104487	9.658914254	23.55657139	20.2584571	15.79239616	39.9984289	69.0210228	21.35790609	59.39077007	37.12701124	72.48755363	77.94522407	76.28864666	30.506884	14.90238287	44.60011835	11.15928787	20.70018667	71.34580126	32.7853733	57.59228781	76.52472024	22.58488162	99.79091594	30.94330361	64.95450437	29.10717243	109.4386096	100.4636719	83.79292513	65.52490395	173.047601	50.35711171	142.0496003	90.39278292	79.11370534
col3a1	protein_coding	chrNC_030685.1:39803845-39864240:-	gi|218847780|ref|NP_001136379.1|	1436	1.00E-166	collagen alpha-1(III) chain precursor [Xenopus tropicalis]	gi|218847779|ref|NM_001142907.1|	5222	0	Xenopus (Silurana) tropicalis collagen, type III, alpha 1 (Ehlers-Danlos syndrome type IV, autosomal dominant) (col3a1), mRNA	P13941	147	4.00E-34	Collagen alpha-1(III) chain	.	.	.	.	pfam01410	COLFI	Fibrillar collagen C-terminal domain. Found at C-termini of fibrillar collagens: Ephydatia muelleri procollagen EMF1 alpha, vertebrate collagens alpha(1)III, alpha(1)II, alpha(2)V etc.	GO:0007568|aging;GO:0060414|aorta smooth muscle tissue morphogenesis;GO:0007160|cell-matrix adhesion;GO:0071230|cellular response to amino acid stimulus;GO:0021987|cerebral cortex development;GO:0030199|collagen fibril organization;GO:0048565|digestive tract development;GO:0007507|heart development;GO:0007229|integrin-mediated signaling pathway;GO:0050777|negative regulation of immune response;GO:2001223|negative regulation of neuron migration;GO:0018149|peptide cross-linking;GO:0035025|positive regulation of Rho protein signal transduction;GO:0034097|response to cytokine;GO:0009612|response to mechanical stimulus;GO:0009314|response to radiation;GO:0001501|skeletal system development;GO:0043588|skin development;GO:0007179|transforming growth factor beta receptor signaling pathway;GO:0042060|wound healing;	GO:0005586|collagen type III trimer;GO:0031012|extracellular matrix;GO:0005615|extracellular space;	GO:0005201|extracellular matrix structural constituent;GO:0046872|metal ion binding;	.	.	204.0652051	127.2701475	52.53090397	290.7517826	163.9834012	384.9958408	433.5040746	615.1459783	263.4585557	834.2032253	194.1789034	706.6869533	49.49444633	12.75676286	43.7667305	47.09469868	23.692494	119.4971046	214.8370897	34.86161431	113.8359296	83.97744577	133.1741666	213.0710217	192.1601958	53.23853053	33.03837604	54.14162577	18.60083688	66.39429613	350.9329228	117.3384059	202.9112938	199.2665149	53.0629984	477.9527436	40.19431279	284.4406109	68.9872927	530.7254022	184.3259224	232.3482728	160.1359863	1005.348473	147.4978286	618.5830542	270.2717558	363.9602814
hspg2	protein_coding	chrNC_030683.1:116069621-116148566:+	gi|847173656|ref|XP_012809900.1|	20781	0	PREDICTED: basement membrane-specific heparan sulfate proteoglycan core protein [Xenopus tropicalis]	gi|847173655|ref|XM_012954446.1|	13156	0	PREDICTED: Xenopus (Silurana) tropicalis heparan sulfate proteoglycan 2 (hspg2), mRNA	P98160	72.8	1.00E-10	Basement membrane-specific heparan sulfate proteoglycan core protein	.	.	.	.	pfam00054	Laminin_G_1	Laminin G domain.	GO:0001525|angiogenesis;GO:0044267|cellular protein metabolic process;GO:0022617|extracellular matrix disassembly;GO:0030198|extracellular matrix organization;GO:0006024|glycosaminoglycan biosynthetic process;GO:0006027|glycosaminoglycan catabolic process;GO:0030203|glycosaminoglycan metabolic process;GO:0042157|lipoprotein metabolic process;GO:0001523|retinoid metabolic process;	GO:0005604|basement membrane;GO:0070062|extracellular exosome;GO:0031012|extracellular matrix;GO:0005576|extracellular region;GO:0005615|extracellular space;GO:0005925|focal adhesion;GO:0005796|Golgi lumen;GO:0043202|lysosomal lumen;GO:0005886|plasma membrane;	GO:0005509|calcium ion binding;GO:0008022|protein C-terminus binding;	K06255	HSPG2; heparan sulfate proteoglycan 2 (perlecan)	9.901214468	6.808450779	4.961438704	6.86265273	9.690617752	9.096150435	3.544434899	5.363869528	4.071404183	6.235333166	1.62692809	4.369742	4.997319936	3.611949516	5.325582121	5.913036736	4.215391805	8.537828974	3.47093423	2.092681327	2.727508671	2.30965866	3.229480341	2.479046743	7.389367546	5.552460061	2.472668184	5.844525184	4.102484492	5.642958979	2.167811664	2.830449104	2.705592597	4.018060064	2.380153895	4.222385809	6.954857996	9.821325706	8.548664583	13.57505181	16.67782449	12.05498681	3.480296838	6.763221545	2.533976119	3.07390255	3.935210042	4.287212985
col24a1	protein_coding	chrNC_030680.1:28748543-28913487:+	gi|847119214|ref|XP_012816881.1|	2618	0	PREDICTED: collagen alpha-1(XXIV) chain isoform X3 [Xenopus tropicalis]	gi|847119209|ref|XM_012961425.1|	6777	0	PREDICTED: Xenopus (Silurana) tropicalis collagen, type XXIV, alpha 1 (col24a1), transcript variant X1, mRNA	Q17RW2	270	1.00E-71	Collagen alpha-1(XXIV) chain	.	.	.	.	pfam01410	COLFI	Fibrillar collagen C-terminal domain. Found at C-termini of fibrillar collagens: Ephydatia muelleri procollagen EMF1 alpha, vertebrate collagens alpha(1)III, alpha(1)II, alpha(2)V etc.	GO:0002244|hematopoietic progenitor cell differentiation;	GO:0005581|collagen trimer;GO:0005788|endoplasmic reticulum lumen;GO:0005576|extracellular region;GO:0005578|proteinaceous extracellular matrix;	GO:0005201|extracellular matrix structural constituent;	.	.	3.774538734	2.806193289	2.487414004	2.794217167	3.7834705	2.641533529	4.522333035	2.667563293	3.465232218	5.528047399	2.474938993	5.575441981	1.938199379	1.247727862	1.366984688	1.9591479	1.71869003	2.511950285	2.843829753	1.696116106	2.032546621	2.885603582	2.842696729	2.345946406	1.936301143	2.441392284	2.044065038	2.581939237	2.466674823	2.238320605	2.740342447	2.928363373	3.318861544	3.160291987	2.224795657	3.833805654	2.942158422	3.01862802	2.561079684	3.153619998	3.365438715	3.8100785	3.589348295	4.095868334	4.23365682	4.021705663	5.809372856	5.709902886
c1qtnf3	protein_coding	chrNC_030677.1:186211648-186254781:+	gi|847097471|ref|XP_012811605.1|	869	6.00E-113	PREDICTED: complement C1q tumor necrosis factor-related protein 3 [Xenopus tropicalis]	gi|847097470|ref|XM_012956151.1|	746	0	PREDICTED: Xenopus (Silurana) tropicalis C1q and tumor necrosis factor related protein 3 (c1qtnf3), mRNA	Q9ES30	256	5.00E-82	Complement C1q tumor necrosis factor-related protein 3	.	.	.	.	pfam00386	C1q	C1q domain. C1q is a subunit of the C1 enzyme complex that activates the serum complement system.	GO:0035356|cellular triglyceride homeostasis;GO:0042593|glucose homeostasis;GO:0045721|negative regulation of gluconeogenesis;GO:0050728|negative regulation of inflammatory response;GO:1900165|negative regulation of interleukin-6 secretion;GO:0071638|negative regulation of monocyte chemotactic protein-1 production;GO:0042347|negative regulation of NF-kappaB import into nucleus;GO:0070165|positive regulation of adiponectin secretion;GO:0050715|positive regulation of cytokine secretion;GO:0070374|positive regulation of ERK1 and ERK2 cascade;GO:0051897|positive regulation of protein kinase B signaling;GO:0051259|protein oligomerization;GO:0070206|protein trimerization;	GO:0005623|cell;GO:0005581|collagen trimer;GO:0070062|extracellular exosome;GO:0005576|extracellular region;GO:0005615|extracellular space;GO:0016020|membrane;	GO:0042802|identical protein binding;	.	.	23.8624452	17.89003741	7.643953895	16.78925797	17.74904959	18.85234059	1.286031355	3.856906499	2.795159931	6.268858842	0.064840518	4.266020336	6.287987046	5.441099236	8.642340386	8.571163815	6.619068428	11.56266348	1.682084466	1.990075778	2.297934284	1.150050486	2.877577743	0.124445953	21.38444157	11.40819694	9.903280733	13.92613514	10.47214216	16.47111568	0.777765943	1.174770538	0.513321082	1.612875586	1.309030091	3.157940727	4.238189789	11.99167518	27.72158534	39.11100947	24.95180075	46.08978885	3.034707272	9.619826729	1.24940849	1.691706016	2.372364663	0.259930757
cpq	protein_coding	chrNC_030682.1:114600079-114803247:-	gi|512846357|ref|XP_002943828.2|	2344	0	PREDICTED: carboxypeptidase Q [Xenopus tropicalis]	gi|512846360|ref|XM_004915138.1|	1852	0	PREDICTED: Xenopus (Silurana) tropicalis carboxypeptidase Q (cpq), transcript variant X2, mRNA	Q6GQ29	845	0	Carboxypeptidase Q	CC2544	197	1.00E-54	COG2234	pfam04389	Peptidase_M28	Peptidase family M28.	GO:0043171|peptide catabolic process;GO:0006508|proteolysis;	GO:0005737|cytoplasm;GO:0005783|endoplasmic reticulum;GO:0005615|extracellular space;GO:0005794|Golgi apparatus;GO:0005764|lysosome;	GO:0004180|carboxypeptidase activity;GO:0046872|metal ion binding;GO:0070573|metallodipeptidase activity;GO:0042803|protein homodimerization activity;	.	.	2.378295887	3.785003925	2.472651117	3.4028631	2.186538738	5.342690354	7.209687589	14.12501442	8.054858145	9.384663856	7.836284694	13.5805965	2.67681296	2.420393493	2.852422861	2.216174153	1.724021269	2.242001651	6.458220321	8.598358515	8.456599632	8.418802287	7.256542397	9.788890498	2.729386208	3.102022698	1.807248495	2.724533601	3.019847	2.91226672	11.56259261	7.479610219	9.893878423	7.400119735	8.554837716	13.12937994	2.59739033	3.384949919	3.033533814	3.981469924	3.309684351	3.460531793	8.872155877	12.48134795	9.144427504	11.09726075	9.633102188	8.733596652
leap2	protein_coding	chrNC_030679.1:28336829-28341110:-	gi|163915061|ref|NP_001106385.1|	402	3.00E-48	liver-expressed antimicrobial peptide 2 precursor [Xenopus tropicalis]	gi|163915060|ref|NM_001112914.1|	378	0	Xenopus (Silurana) tropicalis liver expressed antimicrobial peptide 2 (leap2), mRNA	Q969E1	76.6	1.00E-17	Liver-expressed antimicrobial peptide 2	.	.	.	.	pfam07359	LEAP-2	Liver-expressed antimicrobial peptide 2 precursor (LEAP-2). This family consists of several mammalian liver-expressed antimicrobial peptide 2 (LEAP-2) sequences. LEAP-2 is a cysteine-rich, and cationic protein. LEAP-2 contains a core structure with two disulfide bonds formed by cysteine residues in relative 1-3 and 2-4 positions. LEAP-2 is synthesized as a 77-residue precursor, which is predominantly expressed in the liver and highly conserved among mammals. The largest native LEAP-2 form of 40 amino acid residues is generated from the precursor at a putative cleavage site for a furin-like endoprotease. In contrast to smaller LEAP-2 variants, this peptide exhibits dose-dependent antimicrobial activity against selected microbial model organisms. The exact function of this family is unclear.	GO:0042742|defense response to bacterium;	GO:0005576|extracellular region;	.	.	.	15.33434586	24.60934124	15.52861602	12.99100556	24.00011358	9.624097599	0.685624174	2.944160949	2.163944033	0.681404701	0.725939346	3.316761843	9.462209556	8.042449932	12.18702986	11.9075389	7.822252412	12.40590181	0.697489855	0.491479966	1.037384568	0.508251217	3.660987557	5.224754705	4.945186362	4.912442962	5.82622491	9.876890218	5.059622474	9.590498417	1.674555084	2.009403222	2.873511665	1.215400548	1.165786058	1.000629317	13.2580285	14.54991171	22.24165124	14.37308668	10.83145544	8.885385677	1.560116761	3.344762128	0.874255412	0.701479508	1.02155548	0.545648296
dcn	protein_coding	chrNC_030679.1:46045982-46203793:-	gi|154147680|ref|NP_001093704.1|	1756	0	decorin precursor [Xenopus tropicalis]	gi|847107955|ref|XM_012958377.1|	2934	0	PREDICTED: Xenopus (Silurana) tropicalis decorin (dcn), transcript variant X2, mRNA	Q9DE68	533	2.00E-180	Decorin	alr0124_1	60.8	1.00E-08	COG4886	pfam13855	LRR_8	Leucine rich repeat.	.	GO:0005578|proteinaceous extracellular matrix;	.	K04660	DCN; decorin	48.4928486	33.22089428	28.12190964	116.2129879	37.34475899	108.6465298	226.5693541	366.8245666	154.4154508	527.5374573	210.5246605	370.9325179	22.83953297	9.604028898	26.98036557	30.44909814	18.45173043	39.54312233	160.57304	36.83723089	127.6797233	129.2505217	136.5193155	327.2005063	89.15417134	38.93560264	24.01778553	54.62064188	20.09560426	34.61929908	263.6901023	128.4046371	217.8435381	207.2502824	79.81261893	265.6028771	23.5884064	51.93999898	36.84377742	147.4403412	53.28551699	92.91094701	140.1899836	345.3757205	179.3913568	340.6548444	192.8146385	194.7254025
creg1	protein_coding	chrNC_030678.1:1993154-1999642:-	gi|301613575|ref|XP_002936276.1|	1043	6.00E-134	PREDICTED: protein CREG1 [Xenopus tropicalis]	gi|847106670|ref|XM_002936230.3|	2346	0	PREDICTED: Xenopus (Silurana) tropicalis cellular repressor of E1A-stimulated genes 1 (creg1), mRNA	O75629	248	6.00E-75	Protein CREG1	.	.	.	.	pfam13883	Pyrid_oxidase_2	Pyridoxamine 5'-phosphate oxidase.	GO:0008283|cell proliferation;GO:0007275|multicellular organism development;GO:0040008|regulation of growth;GO:0006357|regulation of transcription from RNA polymerase II promoter;	GO:0070062|extracellular exosome;GO:0005615|extracellular space;GO:0005667|transcription factor complex;	GO:0010181|FMN binding;GO:0016491|oxidoreductase activity;GO:0003714|transcription corepressor activity;	.	.	25.79456036	18.37460858	22.87697895	21.85788236	25.32779219	14.96061231	45.94906297	25.44596249	112.8401695	26.44701995	55.00935024	24.76021943	34.58099656	40.06863448	19.17083106	23.97768075	27.39258693	19.44682901	67.0617813	51.39476213	69.02312319	33.29953063	59.98462738	24.46304792	19.01947908	44.74771864	18.55690466	38.20995922	32.6383036	22.33576605	29.33461673	27.12694349	25.14002003	25.97918672	37.87317715	29.85806408	31.84917373	21.81601008	29.38772157	25.73188399	44.37663462	26.10082043	44.10115772	25.39928741	19.55834249	35.7096912	32.72625947	37.67896357
ifi30	protein_coding	chrNC_030677.1:84907019-84926542:-	gi|847087884|ref|XP_012818874.1|	1369	0	PREDICTED: gamma-interferon-inducible lysosomal thiol reductase isoform X1 [Xenopus tropicalis]	gi|847087883|ref|XM_012963420.1|	1901	0	PREDICTED: Xenopus (Silurana) tropicalis interferon, gamma-inducible protein 30 (ifi30), transcript variant X1, mRNA	P13284	214	2.00E-63	Gamma-interferon-inducible lysosomal thiol reductase	.	.	.	.	pfam03227	GILT	Gamma interferon inducible lysosomal thiol reductase (GILT). This family includes the two characterized human gamma-interferon-inducible lysosomal thiol reductase (GILT) sequences. It also contains several other eukaryotic putative proteins with similarity to GILT. The aligned region contains three conserved cysteine residues. In addition, the two GILT sequences possess a C-X(2)-C motif that is shared by some of the other sequences in the family. This motif is thought to be associated with disulphide bond reduction.	GO:0042590|antigen processing and presentation of exogenous peptide antigen via MHC class I;GO:0019886|antigen processing and presentation of exogenous peptide antigen via MHC class II;GO:0060333|interferon-gamma-mediated signaling pathway;GO:0048147|negative regulation of fibroblast proliferation;GO:0050821|protein stabilization;	GO:0030054|cell junction;GO:0005737|cytoplasm;GO:0005576|extracellular region;GO:0043231|intracellular membrane-bounded organelle;GO:0043202|lysosomal lumen;GO:0005764|lysosome;GO:0005886|plasma membrane;	GO:0016667|oxidoreductase activity, acting on a sulfur group of donors;	K08059	IFI30, GILT; interferon, gamma-inducible protein 30	12.77243726	12.23347053	9.812190194	19.86806075	12.44789093	25.33978513	112.1325534	136.859345	105.1549133	108.4955075	87.47473647	117.9210903	7.789374528	7.6216361	9.105741213	21.27472669	6.303454656	10.08179913	83.9425922	111.4415956	68.19496569	84.45418777	80.22126948	89.103368	11.59632702	15.34976917	9.654186463	9.083257929	7.840400311	13.38246132	119.0711728	108.2794567	154.914551	92.42286822	101.0683159	159.6053765	10.61442482	15.38626549	16.00234965	21.26871493	13.82261314	31.96588777	126.0518536	103.9189969	99.78376915	155.3852756	142.9688657	191.5354683
mmp2	protein_coding	chrNC_030680.1:45322370-45354092:+	gi|62752843|ref|NP_001015789.1|	3410	0	72 kDa type IV collagenase precursor [Xenopus tropicalis]	gi|62752842|ref|NM_001015789.1|	2620	0	Xenopus (Silurana) tropicalis matrix metallopeptidase 2 (mmp2), mRNA	P08253	1101	0	72 kDa type IV collagenase	.	.	.	.	pfam00413	Peptidase_M10	Matrixin. The members of this family are enzymes that cleave peptides. These proteases require zinc for catalysis.	GO:0001525|angiogenesis;GO:0001955|blood vessel maturation;GO:0060346|bone trabecula formation;GO:0044267|cellular protein metabolic process;GO:0071230|cellular response to amino acid stimulus;GO:0030574|collagen catabolic process;GO:0007566|embryo implantation;GO:0035987|endodermal cell differentiation;GO:0048013|ephrin receptor signaling pathway;GO:0022617|extracellular matrix disassembly;GO:0060325|face morphogenesis;GO:0001957|intramembranous ossification;GO:0045089|positive regulation of innate immune response;GO:1904707|positive regulation of vascular smooth muscle cell proliferation;GO:0006508|proteolysis;GO:0001666|response to hypoxia;	GO:0031012|extracellular matrix;GO:0005576|extracellular region;GO:0005615|extracellular space;GO:0005739|mitochondrion;GO:0005634|nucleus;GO:0005886|plasma membrane;GO:0005578|proteinaceous extracellular matrix;GO:0030017|sarcomere;	GO:0004222|metalloendopeptidase activity;GO:0008237|metallopeptidase activity;GO:0004252|serine-type endopeptidase activity;GO:0008270|zinc ion binding;	K01398	MMP2; matrix metalloproteinase-2 (gelatinase A) [EC:3.4.24.24]	17.94469634	16.10056758	10.82854254	41.16462906	16.22342595	52.04536675	128.9894592	219.3692076	92.0517395	262.4127214	96.48689816	232.3957546	8.300163545	9.060393936	10.49640719	13.36470192	6.088251702	15.77151222	106.6177136	53.1811337	86.98730924	92.51530074	81.5258612	210.3354628	33.28687078	17.18698794	6.469899445	20.33150312	9.590375224	9.564296975	183.1298553	83.62478028	134.2446796	110.7721627	86.01899261	172.0116168	10.34421852	26.43065677	28.70872142	77.44932524	37.94810349	64.52417859	93.26044536	203.5700105	106.3553731	209.5213533	125.0805006	130.7069253
bche	protein_coding	chrNC_030681.1:102059356-102093035:+	gi|301603877|ref|XP_002931610.1|	3150	0	PREDICTED: cholinesterase [Xenopus tropicalis]	gi|847129519|ref|XM_002931564.3|	3288	0	PREDICTED: Xenopus (Silurana) tropicalis butyrylcholinesterase (bche), transcript variant X1, mRNA	P32749	855	0	Cholinesterase	DR2626	253	6.00E-72	COG2272	pfam00135	COesterase	Carboxylesterase family.	.	GO:0072562|blood microparticle;GO:0005783|endoplasmic reticulum;GO:0005615|extracellular space;GO:0005641|nuclear envelope lumen;	GO:0003990|acetylcholinesterase activity;GO:0052689|carboxylic ester hydrolase activity;GO:0004104|cholinesterase activity;	K01050	BCHE; cholinesterase [EC:3.1.1.8]	6.483518131	5.481528678	8.489732406	6.711492733	11.51891521	6.18069092	2.817877823	2.895807941	2.659974439	3.015961865	3.37998949	1.849336827	10.52998882	7.514738316	14.03186475	8.676615601	10.57829669	12.31928492	1.30302051	0.678027106	1.884329559	0.89593189	2.735719717	1.141246602	8.37090727	7.644317037	9.214868661	9.712425577	9.567500313	7.04089223	1.116573773	1.218042364	0.76393199	1.357345138	1.24449789	2.013127412	9.526183798	7.242068905	8.002756052	6.052323567	11.31851103	3.877897946	2.869703823	3.441503879	1.829235867	2.116919227	2.368405541	1.651880516
bche	protein_coding	chrNC_030684.1:101024920-101038647:+	gi|512862784|ref|XP_002937472.2|	3019	0	PREDICTED: cholinesterase [Xenopus tropicalis]	gi|847157884|ref|XM_002937426.3|	3574	0	PREDICTED: Xenopus (Silurana) tropicalis butyrylcholinesterase (bche), mRNA	O62760	525	8.00E-171	Cholinesterase	BS_pnbA	212	5.00E-58	COG2272	pfam00135	COesterase	Carboxylesterase family.	.	GO:0072562|blood microparticle;GO:0005783|endoplasmic reticulum;GO:0005615|extracellular space;GO:0005641|nuclear envelope lumen;	GO:0003990|acetylcholinesterase activity;GO:0052689|carboxylic ester hydrolase activity;GO:0004104|cholinesterase activity;	K01050	BCHE; cholinesterase [EC:3.1.1.8]	0.0	0.0	0.0	0.0	0.0	0.0	0.0	0.0	0.0	0.0	0.0	0.017539675	0.0	0.0	0.0	0.0	0.0	0.0	0.0	0.051980813	0.0	0.017918202	0.0	0.0	0.01803524	0.0	0.0	0.0	0.0	0.0	0.0	0.0	0.0	0.0	0.017614003	0.0	0.0	0.017486985	0.0	0.0	0.0	0.0	0.036667546	0.035375492	0.0	0.0	0.018007273	0.0
lum	protein_coding	chrNC_030679.1:46030704-46040500:-	gi|58332414|ref|NP_001011006.1|	1735	0	lumican precursor [Xenopus tropicalis]	gi|58332413|ref|NM_001011006.1|	2090	0	Xenopus (Silurana) tropicalis lumican (lum), mRNA	Q9DE67	476	2.00E-161	Lumican	alr0124_1	80.9	3.00E-15	COG4886	pfam13855	LRR_8	Leucine rich repeat.	GO:0030199|collagen fibril organization;GO:0007601|visual perception;	GO:0005578|proteinaceous extracellular matrix;	.	K08122	LUM; lumican	48.55705238	39.50663477	26.39345371	124.6093777	32.09931696	114.5368617	405.5272082	696.1414408	267.1354671	880.3623392	398.0381274	601.1403436	23.13842521	9.147549969	25.94514535	26.31231102	14.4245584	27.6656842	323.6749494	65.89119033	235.7284689	255.7608516	205.0324449	593.965492	89.7730118	36.81867785	21.17210098	63.10143658	17.48781981	29.71855908	464.5596638	233.6430694	373.0363532	333.8025309	163.3214466	538.2314817	28.32354566	58.40756594	31.70580915	133.7746787	47.61990749	104.9010416	237.4299434	558.7050387	301.1321596	575.2612912	324.7111464	342.4116423
lox	protein_coding	chrNC_030677.1:161282725-161308889:+	gi|847088760|ref|XP_012821089.1|	2238	0	PREDICTED: protein-lysine 6-oxidase isoform X1 [Xenopus tropicalis]	gi|847088759|ref|XM_012965635.1|	3274	0	PREDICTED: Xenopus (Silurana) tropicalis lysyl oxidase (lox), transcript variant X1, mRNA	P16636	552	0	Protein-lysine 6-oxidase	.	.	.	.	pfam01186	Lysyl_oxidase	Lysyl oxidase.	GO:0035904|aorta development;GO:0030199|collagen fibril organization;GO:0048251|elastic fiber assembly;GO:0007507|heart development;GO:0030324|lung development;GO:0042493|response to drug;GO:0009725|response to hormone;GO:0048545|response to steroid hormone;GO:0042060|wound healing;	GO:0005581|collagen trimer;GO:0005615|extracellular space;GO:0005634|nucleus;GO:0005578|proteinaceous extracellular matrix;	GO:0005507|copper ion binding;GO:0004720|protein-lysine 6-oxidase activity;	K00277	LOX; protein-lysine 6-oxidase [EC:1.4.3.13]	5.581701893	6.539704571	3.736069987	4.999666007	5.545201067	5.745696888	7.45502019	19.73896352	6.136723336	14.85007978	25.25542983	8.946412277	2.437465182	3.545522608	2.205975506	2.827456786	3.285346013	3.255500418	4.540658957	7.247691228	6.022363209	7.17876608	10.71204959	8.728823527	4.854240406	3.307711595	1.268822314	4.444600598	2.230886415	2.386968495	7.330085786	5.285339383	6.000850195	7.308608631	4.632056602	8.825550574	4.51005566	3.657318717	5.324413609	8.095724634	8.977713816	9.552338084	7.329081849	13.62656091	7.637495275	10.4099559	11.9022564	7.333513096
nid1	protein_coding	chrNC_030681.1:60252309-60300053:+	gi|512842629|ref|XP_002935874.2|	6427	0	PREDICTED: nidogen-1 isoform X1 [Xenopus tropicalis]	gi|847131246|ref|XM_002935828.3|	5418	0	PREDICTED: Xenopus (Silurana) tropicalis nidogen 1 (nid1), transcript variant X1, mRNA	P14543	1304	0	Nidogen-1	.	.	.	.	pfam07474	G2F	G2F domain. Nidogen, an invariant component of basement membranes, is a multifunctional protein that interacts with most other major basement membrane proteins. The G2 fragment or (G2F domain) contains binding sites for collagen IV and perlecan. The structure is composed of an 11-stranded beta-barrel with a central helix. This domain is structurally related to that of green fluorescent protein pfam01353. A large surface patch on the beta-barrel is conserved in all metazoan nidogens.	GO:0071711|basement membrane organization;GO:0007160|cell-matrix adhesion;GO:0022617|extracellular matrix disassembly;GO:0030198|extracellular matrix organization;GO:0032836|glomerular basement membrane development;GO:0010811|positive regulation of cell-substrate adhesion;	GO:0005605|basal lamina;GO:0005604|basement membrane;GO:0071944|cell periphery;GO:0070062|extracellular exosome;GO:0031012|extracellular matrix;GO:0005576|extracellular region;	GO:0005509|calcium ion binding;GO:0005518|collagen binding;GO:0043236|laminin binding;GO:0043394|proteoglycan binding;	K06826	NID; nidogen (entactin)	17.17656591	16.75504025	14.07897493	23.08242206	23.78257056	21.80677064	11.64304454	15.5626103	14.94600461	19.12479191	3.252357288	17.62747064	15.38372134	10.43255345	16.45460216	17.43765303	11.21905858	18.56851733	8.526353259	6.406535038	8.266829395	8.211014531	9.525546071	6.724764926	20.86639613	16.15271751	9.296175976	17.63937285	13.47356641	13.27334455	8.672820332	7.34602676	8.472014049	9.666176796	8.328020047	13.96772888	19.78881997	28.13348199	26.23380632	39.36841667	33.06327019	33.93615126	13.21600376	22.46238273	9.389656948	13.14348371	13.1588928	10.77535374
olfml3	protein_coding	chrNC_030678.1:67665487-67675124:-	gi|118403662|ref|NP_001072318.1|	2182	0	olfactomedin-like protein 3 precursor [Xenopus tropicalis]	gi|847088505|ref|XM_012965130.1|	3399	0	PREDICTED: Xenopus (Silurana) tropicalis olfactomedin-like 3 (olfml3), transcript variant X1, mRNA	Q0V9V5	843	0	Olfactomedin-like protein 3	.	.	.	.	pfam02191	OLF	Olfactomedin-like domain.	GO:0007275|multicellular organism development;	GO:0005576|extracellular region;	.	.	.	15.1337337	11.60687627	10.41838477	22.46619714	17.08023145	24.61711084	46.07434873	102.0620421	34.11008727	114.1967898	81.89011573	53.64103392	9.719989683	8.225960025	11.13012803	10.72227136	5.898069396	11.82956631	39.4329473	17.14191607	37.34165062	25.24190716	44.11469451	60.15801929	19.43510231	11.74807562	6.538778372	17.46271347	8.924112532	7.249202651	50.14808256	24.65808839	31.50385647	43.46575358	20.74850446	69.18079168	10.32993145	16.42295941	16.90037939	27.15342822	26.91738357	18.2472196	36.91984341	71.78796661	47.24160118	66.34564433	52.54156375	41.24715088
cilp	protein_coding	chrNC_030679.1:117745679-117770118:+	gi|847112229|ref|XP_012815045.1|	6279	0	PREDICTED: cartilage intermediate layer protein 1 isoform X1 [Xenopus tropicalis]	gi|847112228|ref|XM_012959591.1|	7486	0	PREDICTED: Xenopus (Silurana) tropicalis cartilage intermediate layer protein, nucleotide pyrophosphohydrolase (cilp), transcript variant X1, mRNA	O75339	1650	0	Cartilage intermediate layer protein 1	.	.	.	.	pfam13330	Mucin2_WxxW	Mucin-2 protein WxxW repeating region. This family is repeating region found on mucins 2 and 5. The function is not known, but the repeat can be present in up to 32 copies, as in a member from Branchiostoma floridae. The region carries a highly conserved WxxW sequence motif and also has at least six well conserved cysteine residues.	GO:0043569|negative regulation of insulin-like growth factor receptor signaling pathway;	GO:0070062|extracellular exosome;GO:0031012|extracellular matrix;GO:0005615|extracellular space;GO:0005578|proteinaceous extracellular matrix;	.	.	.	9.145300631	5.600466067	5.593288836	4.81045517	5.500015753	4.98529621	0.294270702	0.726797947	0.781677475	0.885980852	0.054983651	0.368450327	3.80318636	3.922729287	3.487125027	3.227363907	3.908211436	4.148942596	0.140876925	0.132356881	0.408579303	0.35073815	0.82262185	0.05276402	5.183500363	4.402890202	1.84537923	5.842221465	2.167191054	4.485823915	0.118377578	0.175254826	0.090684896	0.184112239	0.34478364	0.378945246	3.98149127	3.99068602	3.06059542	6.413678153	6.244755326	5.95722024	0.481414603	1.410242146	0.194237457	0.106262057	0.54161818	0.027552105
pdgfrl	protein_coding	chrNC_030677.1:33242606-33275149:+	gi|71896169|ref|NP_001025586.1|	1907	0	platelet-derived growth factor receptor-like protein precursor [Xenopus tropicalis]	gi|402766827|ref|NM_001030415.2|	1597	0	Xenopus (Silurana) tropicalis platelet-derived growth factor receptor-like (pdgfrl), mRNA	Q15198	540	0	Platelet-derived growth factor receptor-like protein	.	.	.	.	pfam07679	I-set	Immunoglobulin I-set domain.	.	GO:0005576|extracellular region;	GO:0004992|platelet activating factor receptor activity;GO:0005019|platelet-derived growth factor beta-receptor activity;	.	.	20.24708692	13.52552466	9.78302809	26.71275517	15.97916653	21.71768886	80.42243011	159.2441454	54.2692195	115.1825212	169.2736292	96.18505695	8.98649697	12.77466169	9.248293794	8.604947964	5.106335498	12.19082123	60.06303108	31.89213498	50.29084776	47.14919478	59.93814591	79.08058102	18.65251823	16.28935384	5.088677802	26.83427611	9.397812572	11.84552745	70.93352539	50.92467119	50.32102608	61.98087022	35.48944206	95.54446492	9.685120654	15.23400558	15.40276794	34.03538568	24.59629535	26.08416033	55.45044997	102.1728668	80.84086796	87.83400288	80.08548029	73.82212206
mmp15	protein_coding	chrNC_030680.1:27645917-27683484:+	gi|62860164|ref|NP_001015921.1|	3159	0	matrix metalloproteinase-15 [Xenopus tropicalis]	gi|77682534|ref|NM_001015921.2|	3469	0	Xenopus tropicalis matrix metallopeptidase 15 (mmp15), mRNA	P51511	786	0	Matrix metalloproteinase-15	.	.	.	.	pfam00413	Peptidase_M10	Matrixin. The members of this family are enzymes that cleave peptides. These proteases require zinc for catalysis.	GO:0006464|cellular protein modification process;GO:0030574|collagen catabolic process;GO:0035987|endodermal cell differentiation;GO:0022617|extracellular matrix disassembly;GO:0006508|proteolysis;GO:0032355|response to estradiol;	GO:0031012|extracellular matrix;GO:0005887|integral component of plasma membrane;GO:0005886|plasma membrane;	GO:0005509|calcium ion binding;GO:0008047|enzyme activator activity;GO:0070006|metalloaminopeptidase activity;GO:0004222|metalloendopeptidase activity;GO:0004252|serine-type endopeptidase activity;GO:0008270|zinc ion binding;	K07995	MMP15; matrix metalloproteinase-15 (membrane-inserted) [EC:3.4.24.-]	4.403393313	2.783662199	2.697991085	3.7269992	4.064151596	3.910025011	2.643030967	2.362264157	2.89208086	4.88356348	1.458343535	3.277505713	3.945586445	2.118278878	2.927484282	2.45296066	2.190594947	3.553353489	2.08285178	1.81456493	1.599616606	1.545340673	2.663549867	2.174854802	2.499805447	2.819609606	1.150303213	2.355727694	2.803945752	1.973230658	1.691103402	1.487727699	1.521161626	2.111675529	2.007389149	1.666086619	2.2542397	4.416727137	3.908583266	4.319329415	3.528546531	4.931503915	1.920005804	4.503754394	2.297425683	2.608935492	2.29255714	1.817051148
mstn.1	protein_coding	chrNC_030685.1:38940602-38958746:+	gi|301603740|ref|XP_002931568.1|	1911	0	PREDICTED: growth/differentiation factor 8-like [Xenopus tropicalis]	gi|847167590|ref|XM_002931522.3|	3415	0	PREDICTED: Xenopus (Silurana) tropicalis growth/differentiation factor 8-like (LOC100496408), mRNA	O42220	577	0	Growth/differentiation factor 8	.	.	.	.	pfam00688	TGFb_propeptide	TGF-beta propeptide. This propeptide is known as latency associated peptide (LAP) in TGF-beta. LAP is a homodimer which is disulfide linked to TGF-beta binding protein.	GO:0048468|cell development;GO:0071549|cellular response to dexamethasone stimulus;GO:0009792|embryo development ending in birth or egg hatching;GO:0040007|growth;GO:0098779|positive regulation of mitophagy in response to mitochondrial depolarization;GO:0046716|muscle cell cellular homeostasis;GO:0033002|muscle cell proliferation;GO:0046627|negative regulation of insulin receptor signaling pathway;GO:0033673|negative regulation of kinase activity;GO:0045662|negative regulation of myoblast differentiation;GO:2000818|negative regulation of myoblast proliferation;GO:0051898|negative regulation of protein kinase B signaling;GO:1902725|negative regulation of satellite cell differentiation;GO:1902723|negative regulation of skeletal muscle satellite cell proliferation;GO:0048632|negative regulation of skeletal muscle tissue growth;GO:0002230|positive regulation of defense response to virus by host;GO:0010862|positive regulation of pathway-restricted SMAD protein phosphorylation;GO:0045893|positive regulation of transcription, DNA-templated;GO:0042981|regulation of apoptotic process;GO:0045595|regulation of cell differentiation;GO:0040008|regulation of growth;GO:0043408|regulation of MAPK cascade;GO:0014732|skeletal muscle atrophy;GO:0007519|skeletal muscle tissue development;GO:0060395|SMAD protein signal transduction;GO:0007179|transforming growth factor beta receptor signaling pathway;GO:0098792|xenophagy;	GO:0005623|cell;GO:0005615|extracellular space;	GO:0005125|cytokine activity;GO:0005160|transforming growth factor beta receptor binding;	K05497	GDF8_11; growth differentiation factor 8/11	10.00472565	16.61880819	16.70273089	16.84606005	18.51279442	17.79324857	1.956537278	6.480744528	4.037602892	2.206255464	0.398381348	2.948682175	3.946433741	7.493626804	9.545605981	4.843310299	9.489125199	12.47168072	1.129168028	1.941945231	2.413816774	1.803672002	5.243694983	0.038229912	11.45419953	6.508559012	30.53923656	5.729972896	9.632006283	6.537297381	0.569757157	2.225492038	0.47307814	1.791339484	1.115011403	2.855454392	17.19373978	14.04582664	5.478626808	7.630861672	14.86910028	2.961795226	5.479434477	9.049213147	1.228222237	3.676351445	4.092450915	0.538994048
c1qtnf1	protein_coding	chrNC_030685.1:11842355-11853886:-	gi|163915089|ref|NP_001106527.1|	1379	0	complement C1q tumor necrosis factor-related protein 8 precursor [Xenopus tropicalis]	gi|847162294|ref|XM_012970010.1|	1150	0	PREDICTED: Xenopus (Silurana) tropicalis C1q and tumor necrosis factor related protein 1 (c1qtnf1), transcript variant X1, mRNA	Q5XIG2	295	5.00E-96	Complement C1q tumor necrosis factor-related protein 1	.	.	.	.	pfam00386	C1q	C1q domain. C1q is a subunit of the C1 enzyme complex that activates the serum complement system.	.	GO:0005581|collagen trimer;GO:0005576|extracellular region;	.	.	.	5.712377188	4.999441172	3.005799935	7.222245987	8.495558599	7.25400124	10.98638215	24.6234261	7.495786335	17.63801255	18.79078215	11.88323665	2.923575912	3.205969033	5.705264096	5.698259856	2.50347877	3.841373757	6.992487426	3.554041213	5.523937511	5.958472095	4.572732632	8.186054806	6.38974425	2.825722626	1.798990869	3.768248333	3.039414592	3.428877512	8.916787401	4.623374717	6.080288217	5.878311174	4.488783185	11.12786812	2.924350954	6.738967015	10.88239039	11.92079684	9.24602839	10.16797178	8.147879361	15.88645671	9.483010438	14.06496912	10.52113313	8.7882589
tnxb	protein_coding	chrNC_030684.1:54121735-54164968:+	gi|512860516|ref|XP_002941313.2|	14254	0	PREDICTED: tenascin-X [Xenopus tropicalis]	gi|847160309|ref|XM_002941267.3|	9544	0	PREDICTED: Xenopus (Silurana) tropicalis tenascin XB (tnxb), mRNA	P22105	304	5.00E-81	Tenascin-X	.	.	.	.	pfam00147	Fibrinogen_C	Fibrinogen beta and gamma chains, C-terminal globular domain.	GO:0030036|actin cytoskeleton organization;GO:0007155|cell adhesion;GO:0030199|collagen fibril organization;GO:0032963|collagen metabolic process;GO:0048251|elastic fiber assembly;	GO:0070062|extracellular exosome;GO:0005615|extracellular space;GO:0005622|intracellular;GO:0005578|proteinaceous extracellular matrix;	GO:0008201|heparin binding;GO:0005178|integrin binding;	K06252	TN; tenascin	14.85318017	9.390881317	7.875877243	8.108266909	14.70408698	9.748668788	9.995586158	14.49848174	8.230846451	16.60399416	9.290054434	10.01229244	10.76610758	17.24081073	10.21975538	9.559974898	11.69444242	13.64522657	7.310603896	9.01527034	8.074259181	6.807734411	21.91439238	3.702527784	11.01752917	15.23202033	5.109401984	27.43428323	12.0322724	9.97166115	5.641679202	7.687534239	4.024285674	7.994300926	7.160280431	10.85433385	13.86092195	7.14137479	11.76958816	13.59037443	16.87084403	22.29814895	10.38324044	14.07595569	7.531415534	8.650723462	12.46986711	9.425634272
dpt	protein_coding	chrNC_030678.1:68364301-68390621:-	gi|71896109|ref|NP_001025599.1|	896	2.00E-114	dermatopontin precursor [Xenopus tropicalis]	gi|71896108|ref|NM_001030428.1|	1728	0	Xenopus (Silurana) tropicalis dermatopontin (dpt), mRNA	Q9QZZ6	298	6.00E-96	Dermatopontin	.	.	.	.	pfam14704	DERM	Dermatopontin. Members of this family mediate cell adhesion via cell surface integrin binding. They also induce haemagglutination and aggregation of amebocytes.	GO:0007155|cell adhesion;GO:0030199|collagen fibril organization;GO:0008285|negative regulation of cell proliferation;	GO:0070062|extracellular exosome;GO:0031012|extracellular matrix;GO:0005615|extracellular space;GO:0005578|proteinaceous extracellular matrix;	.	.	.	22.25077477	20.00043033	18.418664	42.06539723	27.64523572	50.67170352	98.46205917	208.1307113	76.35705401	229.6972659	147.5641862	132.55646	12.54334154	14.29887707	19.87316801	22.83007918	11.88776518	19.07519776	81.3229578	53.07471672	72.34460628	65.3738128	76.24006588	123.2824412	36.55601126	18.30652573	14.4828034	31.79124039	15.87674639	14.31739429	99.78255105	57.26228328	76.09754819	85.19198219	49.54590744	176.496419	18.31701306	26.58355674	31.53199745	64.38119166	35.46998539	51.6874403	68.59638382	168.8320946	83.6498506	160.1236583	97.09565597	85.02450893
calu	protein_coding	chrNC_030679.1:79497494-79505467:-	gi|47498076|ref|NP_998840.1|	1609	0	calumenin precursor [Xenopus tropicalis]	gi|847109171|ref|XM_012958790.1|	2445	0	PREDICTED: Xenopus (Silurana) tropicalis calumenin (calu), transcript variant X1, mRNA	Q28BT4	624	0	Calumenin	.	.	.	.	pfam13499	EF-hand_7	EF-hand domain pair.	.	GO:0005789|endoplasmic reticulum membrane;GO:0005576|extracellular region;GO:0005794|Golgi apparatus;GO:0042470|melanosome;GO:0033018|sarcoplasmic reticulum lumen;	GO:0005509|calcium ion binding;	.	.	18.95102441	20.88978451	15.4663606	28.47801369	22.00274899	28.6094614	30.99895154	55.77091571	26.84368418	74.11010616	28.80007854	47.4418625	18.34351675	19.49751119	19.69350946	17.99999298	14.00830313	19.68966683	23.9320271	27.87159836	25.74659804	25.84353636	23.91909821	40.93330516	23.866993	20.4672737	17.76954526	21.00426795	19.33090411	15.90003685	34.0910028	22.61635696	26.24062813	24.4753354	24.50002575	41.43831559	21.02438397	22.31413362	21.87010514	29.8670243	20.31567418	28.08776607	25.99683217	43.25179714	28.94724476	40.51601309	29.45278903	27.09502877
mstn.2	protein_coding	chrNC_030685.1:38962173-38993173:+	gi|301603742|ref|XP_002931542.1|	1988	0	PREDICTED: growth/differentiation factor 8 [Xenopus tropicalis]	gi|847165045|ref|XM_002931496.3|	1730	0	PREDICTED: Xenopus (Silurana) tropicalis growth/differentiation factor 8 (LOC100491923), mRNA	O18831	567	0	Growth/differentiation factor 8	.	.	.	.	pfam00688	TGFb_propeptide	TGF-beta propeptide. This propeptide is known as latency associated peptide (LAP) in TGF-beta. LAP is a homodimer which is disulfide linked to TGF-beta binding protein.	GO:0048468|cell development;GO:0071549|cellular response to dexamethasone stimulus;GO:0040007|growth;GO:0098779|positive regulation of mitophagy in response to mitochondrial depolarization;GO:0046716|muscle cell cellular homeostasis;GO:0046627|negative regulation of insulin receptor signaling pathway;GO:0033673|negative regulation of kinase activity;GO:0045662|negative regulation of myoblast differentiation;GO:2000818|negative regulation of myoblast proliferation;GO:0051898|negative regulation of protein kinase B signaling;GO:1902725|negative regulation of satellite cell differentiation;GO:1902723|negative regulation of skeletal muscle satellite cell proliferation;GO:0048632|negative regulation of skeletal muscle tissue growth;GO:0002230|positive regulation of defense response to virus by host;GO:0010862|positive regulation of pathway-restricted SMAD protein phosphorylation;GO:0045893|positive regulation of transcription, DNA-templated;GO:0042981|regulation of apoptotic process;GO:0043408|regulation of MAPK cascade;GO:0014732|skeletal muscle atrophy;GO:0060395|SMAD protein signal transduction;GO:0007179|transforming growth factor beta receptor signaling pathway;GO:0098792|xenophagy;	GO:0005623|cell;GO:0005615|extracellular space;	GO:0005125|cytokine activity;GO:0008201|heparin binding;GO:0005160|transforming growth factor beta receptor binding;	.	.	13.75841424	18.12665536	23.83624627	15.92623275	28.71687874	14.15965574	4.900510662	13.6719899	8.391866455	6.617730065	0.039608122	3.800296695	11.19272312	38.3161426	16.32122963	24.64998862	24.43942823	30.56754912	5.403935546	15.55312755	6.520429189	9.613342882	18.7763005	0.038009185	20.17102017	17.80476945	38.87840005	10.00804985	36.70633815	14.06400488	1.681129549	7.57481311	1.724604721	6.782945555	8.759549511	3.785290579	15.7619378	11.29447207	14.30299371	11.56258046	25.82658643	5.817567759	11.91705817	15.25651834	3.167308231	5.358299012	9.178074375	1.786273578
tgfbi	protein_coding	chrNC_030679.1:26592857-26628941:+	gi|118403632|ref|NP_001072329.1|	3627	0	transforming growth factor-beta-induced protein ig-h3 precursor [Xenopus tropicalis]	gi|118403631|ref|NM_001078861.1|	2703	0	Xenopus tropicalis transforming growth factor beta induced (tgfbi), mRNA	P55906	1066	0	Transforming growth factor-beta-induced protein ig-h3	all4894	95.5	2.00E-21	COG2335	pfam02469	Fasciclin	Fasciclin domain. This extracellular domain is found repeated four times in grasshopper fasciclin I as well as in proteins from mammals, sea urchins, plants, yeast and bacteria.	GO:0007155|cell adhesion;GO:0008283|cell proliferation;	GO:0005578|proteinaceous extracellular matrix;	GO:0050840|extracellular matrix binding;	K19519	TGFBI, BIGH3; transforming growth factor-beta-induced protein	43.90661102	22.38785302	15.10059463	73.34674312	14.78188351	33.63183587	28.02630549	53.57918482	19.23929954	55.70765156	87.56053081	24.09790208	15.931565	7.725687319	9.875928275	12.9172741	12.32505192	19.38225166	15.69698228	21.87112941	13.54661832	15.67453478	22.98793422	32.58933546	42.30867043	22.30097453	10.84073762	51.25746665	4.750501335	23.25694475	21.37854811	15.60676111	17.01533934	27.61786693	13.44188599	30.85954052	15.99456929	16.37685387	4.434215933	41.11813542	9.522283988	43.8652649	16.78458583	39.42578433	25.62619005	33.1327256	23.36850396	19.32930512
tfpi2	protein_coding	chrNC_030682.1:24332695-24343724:-	gi|62751741|ref|NP_001015766.1|	1023	6.00E-132	tissue factor pathway inhibitor 2 precursor [Xenopus tropicalis]	gi|62751740|ref|NM_001015766.1|	2027	0	Xenopus (Silurana) tropicalis tissue factor pathway inhibitor 2 (tfpi2), mRNA	Q7YRQ8	236	1.00E-70	Tissue factor pathway inhibitor 2	.	.	.	.	pfam00014	Kunitz_BPTI	Kunitz/Bovine pancreatic trypsin inhibitor domain. Indicative of a protease inhibitor, usually a serine protease inhibitor. Structure is a disulfide rich alpha+beta fold. BPTI (bovine pancreatic trypsin inhibitor) is an extensively studied model structure. Certain family members are similar to the tick anticoagulant peptide (TAP). This is a highly selective inhibitor of factor Xa in the blood coagulation pathways. TAP molecules are highly dipolar, and are arranged to form a twisted two- stranded antiparallel beta-sheet followed by an alpha helix.	GO:0007596|blood coagulation;	GO:0005576|extracellular region;GO:0005634|nucleus;	GO:0004867|serine-type endopeptidase inhibitor activity;	.	.	15.1558108	9.146552767	16.50614508	7.8061395	14.64742098	11.78949091	227.0418916	118.8049555	225.1429751	164.9686832	96.75926279	156.0830161	14.75152401	12.09393887	12.94731862	12.0823906	15.00938984	10.82978469	352.1635569	151.4097748	285.4994922	212.4966495	250.4863219	194.6701846	10.30309552	22.77124523	8.8894547	25.65457671	13.66493143	7.781369785	289.572789	385.3809539	365.2218087	303.5179556	375.9754932	306.3969422	25.34199873	10.02072394	22.92304718	16.58063949	30.93124684	25.86712426	308.6814543	164.8231782	277.2870756	264.4070755	451.9029826	366.1442736
clu	protein_coding	chrNW_016683964.1:36869-39048:+	gi|49522319|gb|AAH75303.1|	796	6.00E-101	MGC89163 protein [Xenopus tropicalis]	gi|56789335|gb|BC088762.1|	702	0	Xenopus tropicalis MGC89163 protein, mRNA (cDNA clone MGC:108473 IMAGE:6998203), complete cds	P14018	185	7.00E-54	Clusterin	.	.	.	.	pfam01093	Clusterin	Clusterin.	GO:0008219|cell death;	GO:0042583|chromaffin granule;GO:0005829|cytosol;GO:0005783|endoplasmic reticulum;GO:0005576|extracellular region;GO:0031966|mitochondrial membrane;GO:0005634|nucleus;	.	.	.	17.70658227	9.8463657	19.13868743	11.054075	19.42989292	17.06554176	36.64133809	45.97420559	54.22664486	36.04892946	30.0985621	29.11096356	16.81361852	39.15922839	14.71534141	41.20493382	13.85520417	17.81360261	61.40593379	166.9897699	36.53189654	58.93107702	68.50270948	33.38484288	15.60947419	22.3894035	10.74252658	30.20049124	22.92263975	16.85132111	68.5279465	27.73819552	47.578722	71.24117061	64.74596412	103.4496771	27.89821989	7.478451126	15.99883897	26.90775529	37.95361885	33.93407265	70.1919199	65.55733771	34.55326388	86.49781932	58.94898991	27.61819836
pdgfc	protein_coding	chrNC_030677.1:44313746-44463187:+	gi|512816079|ref|XP_002934792.2|	1655	0	PREDICTED: platelet-derived growth factor C [Xenopus tropicalis]	gi|847095119|ref|XM_002934746.3|	3201	0	PREDICTED: Xenopus (Silurana) tropicalis platelet derived growth factor C (pdgfc), mRNA	A8WCC4	521	1.00E-174	Platelet-derived growth factor C	.	.	.	.	pfam00431	CUB	CUB domain.	GO:0009790|embryo development;GO:0048008|platelet-derived growth factor receptor signaling pathway;GO:0051781|positive regulation of cell division;GO:0008284|positive regulation of cell proliferation;	GO:0005576|extracellular region;GO:0016020|membrane;	.	K05450	PDGFC_D; platelet derived growth factor C/D	2.67596551	4.924174654	3.810114033	2.329533642	3.904357812	2.606092292	5.282904545	5.311630578	6.309774376	6.678660132	3.17181746	5.581298864	3.642640297	5.59727188	3.772299521	5.99676762	4.983198831	4.904529539	5.992071938	4.643034728	6.198640158	7.442283989	5.29590843	6.725096637	2.134502442	3.356298894	4.044652004	2.686754813	3.378859154	1.986883705	5.101821618	6.061594144	7.062254127	6.52010566	5.132954919	5.15975867	6.818666904	2.225812941	5.333146247	4.105074602	7.292585061	4.352478832	7.369248804	4.719970324	8.341723987	5.177273781	6.896217544	5.219200101
postn	protein_coding	chrNC_030678.1:148502816-148562230:+	gi|163915007|ref|NP_001106376.1|	4014	0	periostin precursor [Xenopus tropicalis]	gi|163915006|ref|NM_001112905.1|	3244	0	Xenopus (Silurana) tropicalis periostin, osteoblast specific factor (postn), mRNA	Q15063	1044	0	Periostin	MA1996	74.7	1.00E-13	COG2335	pfam02469	Fasciclin	Fasciclin domain. This extracellular domain is found repeated four times in grasshopper fasciclin I as well as in proteins from mammals, sea urchins, plants, yeast and bacteria.	GO:1990523|bone regeneration;GO:0007155|cell adhesion;GO:0044344|cellular response to fibroblast growth factor stimulus;GO:0071560|cellular response to transforming growth factor beta stimulus;GO:0071356|cellular response to tumor necrosis factor;GO:0071307|cellular response to vitamin K;GO:0030198|extracellular matrix organization;GO:0001953|negative regulation of cell-matrix adhesion;GO:1900025|negative regulation of substrate adhesion-dependent cell spreading;GO:1990138|neuron projection extension;GO:1904209|positive regulation of chemokine (C-C motif) ligand 2 secretion;GO:0014911|positive regulation of smooth muscle cell migration;GO:0008593|regulation of Notch signaling pathway;GO:0003073|regulation of systemic arterial blood pressure;GO:0032355|response to estradiol;GO:0001666|response to hypoxia;GO:0009612|response to mechanical stimulus;GO:0014850|response to muscle activity;GO:0001501|skeletal system development;	GO:0031012|extracellular matrix;GO:0005615|extracellular space;GO:0031594|neuromuscular junction;GO:0005578|proteinaceous extracellular matrix;GO:0005802|trans-Golgi network;	GO:0050839|cell adhesion molecule binding;GO:0008201|heparin binding;GO:0046872|metal ion binding;	.	.	45.63602187	36.86342933	26.05629893	83.62663138	29.92384033	64.65161074	423.6305587	593.3470481	234.5544617	1001.891492	449.6474717	653.7064898	12.3072113	46.04936715	10.09569451	32.18893914	10.8044266	17.79780121	257.6298993	151.157926	188.9490482	217.255109	249.3801404	403.7717164	38.01919675	35.8448278	12.17275216	38.49099909	31.78993803	20.83853794	383.7018613	189.7624466	294.1413035	263.1260766	165.3364361	531.0763924	26.6857239	20.53467256	11.72561506	51.15152453	18.47778522	50.68241307	243.9425931	563.6696211	389.256525	580.0964252	376.2316663	320.6667367
tnfsf10	protein_coding	chrNC_030681.1:92949458-92959835:-	gi|512841018|ref|XP_002931598.2|	1444	0	PREDICTED: tumor necrosis factor ligand superfamily member 10 [Xenopus tropicalis]	gi|847129371|ref|XM_002931552.3|	2869	0	PREDICTED: Xenopus (Silurana) tropicalis tumor necrosis factor (ligand) superfamily, member 10 (tnfsf10), mRNA	P50591	239	4.00E-70	Tumor necrosis factor ligand superfamily member 10	.	.	.	.	pfam00229	TNF	TNF(tumor Necrosis Factor) family.	GO:0006919|activation of cysteine-type endopeptidase activity involved in apoptotic process;GO:0097296|activation of cysteine-type endopeptidase activity involved in apoptotic signaling pathway;GO:0006915|apoptotic process;GO:0007166|cell surface receptor signaling pathway;GO:0007267|cell-cell signaling;GO:0006955|immune response;GO:0008584|male gonad development;GO:1902042|negative regulation of extrinsic apoptotic signaling pathway via death domain receptors;GO:0043065|positive regulation of apoptotic process;GO:0043280|positive regulation of cysteine-type endopeptidase activity involved in apoptotic process;GO:2001238|positive regulation of extrinsic apoptotic signaling pathway;GO:0043123|positive regulation of I-kappaB kinase/NF-kappaB signaling;GO:0090200|positive regulation of release of cytochrome c from mitochondria;GO:1902041|regulation of extrinsic apoptotic signaling pathway via death domain receptors;GO:0032868|response to insulin;GO:0007165|signal transduction;	GO:0070062|extracellular exosome;GO:0005576|extracellular region;GO:0005615|extracellular space;GO:0005887|integral component of plasma membrane;	GO:0046872|metal ion binding;GO:0005102|receptor binding;	K04721	TNFSF10, TRAIL; tumor necrosis factor ligand superfamily member 10	3.49098798	3.030206846	2.288825196	1.832643591	2.887683328	1.678122887	14.47565133	12.39555185	13.46741969	13.11123979	11.84670962	11.47878491	5.169956665	3.213864449	3.662114317	3.219898207	2.216986721	3.589416436	14.29102911	43.50776019	12.75312575	11.72651053	40.630856	16.58378535	3.42670806	5.369037296	2.597121926	3.080951422	3.872646269	2.894933742	19.13461379	32.22192125	53.21488004	20.95742447	11.65867071	22.36396093	4.078367605	3.583130621	3.144241197	3.051177013	3.43975919	2.247588872	44.21451128	13.77221496	21.79392979	25.98155303	64.87232248	70.71055887
adamts1	protein_coding	chrNC_030678.1:13984311-13993034:+	gi|188528959|ref|NP_001120905.1|	4938	0	A disintegrin and metalloproteinase with thrombospondin motifs 1 precursor [Xenopus tropicalis]	gi|188528958|ref|NM_001127433.1|	4466	0	Xenopus tropicalis ADAM metallopeptidase with thrombospondin type 1 motif 1 (adamts1), mRNA	Q9UHI8	1370	0	A disintegrin and metalloproteinase with thrombospondin motifs 1	.	.	.	.	pfam05986	ADAM_spacer1	ADAM-TS Spacer 1. This family represents the Spacer-1 region from the ADAM-TS family of metalloproteinases.	GO:0060347|heart trabecula formation;GO:0007229|integrin-mediated signaling pathway;GO:0001822|kidney development;GO:0008285|negative regulation of cell proliferation;GO:0001542|ovulation from ovarian follicle;	GO:0005604|basement membrane;GO:0005737|cytoplasm;GO:0031410|cytoplasmic vesicle;	GO:0008201|heparin binding;GO:0004222|metalloendopeptidase activity;GO:0008237|metallopeptidase activity;GO:0008270|zinc ion binding;	K08617	ADAMTS1; a disintegrin and metalloproteinase with thrombospondin motifs 1 [EC:3.4.24.-]	4.68368362	1.691238292	10.62436705	5.995997791	4.457469218	4.505245926	19.74625237	13.61336806	30.28478728	17.43459846	34.46181406	8.5845426	2.497057834	3.184158179	2.733212722	2.192079279	1.271020439	2.113856464	24.76338702	27.61679706	13.88122224	12.88244537	11.70500215	8.646974882	2.322159178	6.737158853	3.613849955	3.699689914	3.984421955	3.51515695	11.72765604	29.83583028	24.68469653	28.03552941	15.72050369	14.61380046	1.254196911	3.468253331	4.178978771	9.683304971	4.307289018	3.660325583	7.272399275	11.06173983	25.48209013	16.04958116	15.97069069	14.83030311
vegfc	protein_coding	chrNC_030677.1:38327872-38416118:+	gi|301607536|ref|XP_002933363.1|	2186	0	PREDICTED: vascular endothelial growth factor C [Xenopus tropicalis]	gi|847095234|ref|XM_002933317.3|	2029	0	PREDICTED: Xenopus (Silurana) tropicalis vascular endothelial growth factor C (vegfc), mRNA	P49767	578	0	Vascular endothelial growth factor C	.	.	.	.	pfam00341	PDGF	PDGF/VEGF domain.	GO:0001525|angiogenesis;GO:0009887|animal organ morphogenesis;GO:0050930|induction of positive chemotaxis;GO:0016331|morphogenesis of embryonic epithelium;GO:0045776|negative regulation of blood pressure;GO:0008285|negative regulation of cell proliferation;GO:0002576|platelet degranulation;GO:0045766|positive regulation of angiogenesis;GO:0043536|positive regulation of blood vessel endothelial cell migration;GO:0051781|positive regulation of cell division;GO:0008284|positive regulation of cell proliferation;GO:0001954|positive regulation of cell-matrix adhesion;GO:0001938|positive regulation of endothelial cell proliferation;GO:1901492|positive regulation of lymphangiogenesis;GO:0060754|positive regulation of mast cell chemotaxis;GO:0002052|positive regulation of neuroblast proliferation;GO:0050731|positive regulation of peptidyl-tyrosine phosphorylation;GO:0031954|positive regulation of protein autophosphorylation;GO:0050714|positive regulation of protein secretion;GO:0030947|regulation of vascular endothelial growth factor receptor signaling pathway;GO:0042493|response to drug;GO:0001666|response to hypoxia;GO:0007165|signal transduction;GO:0006929|substrate-dependent cell migration;GO:0048010|vascular endothelial growth factor receptor signaling pathway;	GO:0005576|extracellular region;GO:0005615|extracellular space;GO:0016020|membrane;GO:0031093|platelet alpha granule lumen;	GO:0042056|chemoattractant activity;GO:0008083|growth factor activity;GO:0043185|vascular endothelial growth factor receptor 3 binding;	K05449	VEGFC_D; vascular endothelial growth factor C/D	3.785496505	1.758330151	3.550448064	3.372024322	4.179338684	2.499005632	6.057428727	1.829212424	12.43524179	5.029492448	3.896876771	4.698418847	4.317455049	3.648718692	3.937348108	3.237789554	2.946682192	2.573737902	6.968295097	5.814004423	7.208410919	4.218785842	7.751762056	3.713594882	2.364729394	5.284509648	1.737525062	5.417678836	3.56413806	4.114565749	5.068848513	3.159702796	3.427810365	3.417504974	4.618996119	4.351849396	3.641725673	2.761274262	3.949427677	2.566862789	6.026509697	3.140554464	5.040377227	3.815403805	2.84189913	5.988310568	3.935104244	2.901944901
cxcl12	protein_coding	chrNC_030683.1:37782394-37841002:-	gi|62751610|ref|NP_001015764.1|	482	3.00E-53	stromal cell-derived factor 1 precursor [Xenopus tropicalis]	gi|62751609|ref|NM_001015764.1|	2962	0	Xenopus (Silurana) tropicalis chemokine (C-X-C motif) ligand 12 (cxcl12), mRNA	Q5EBF6	190	8.00E-55	Stromal cell-derived factor 1	.	.	.	.	pfam00048	IL8	Small cytokines (intecrine/chemokine), interleukin-8 like. Includes a number of secreted growth factors and interferons involved in mitogenic, chemotactic, and inflammatory activity. Structure contains two highly conserved disulfide bonds.	GO:0007411|axon guidance;GO:0060326|cell chemotaxis;GO:0070098|chemokine-mediated signaling pathway;GO:0007186|G-protein coupled receptor signaling pathway;GO:0006955|immune response;GO:0050930|induction of positive chemotaxis;GO:0006954|inflammatory response;GO:0007509|mesoderm migration involved in gastrulation;GO:0030335|positive regulation of cell migration;	GO:0009897|external side of plasma membrane;GO:0005615|extracellular space;	GO:0042056|chemoattractant activity;GO:0008009|chemokine activity;GO:0045236|CXCR chemokine receptor binding;	K10031	CXCL12; C-X-C motif chemokine 12	23.35681425	24.5556271	21.46265397	22.08790848	30.01617571	30.51880448	16.40455987	20.74061536	24.23445159	17.10364697	15.29591741	13.05097894	29.93006819	17.35419183	30.32880665	30.71766825	17.89805784	26.03946156	35.50171836	17.38432964	36.76396156	23.4181271	40.26557695	25.20093236	28.44114894	21.86845411	11.7876208	31.05101257	19.4659721	20.95088805	16.53659695	16.06847828	16.89189201	28.87086461	20.33588117	26.94743807	24.71136053	27.42965719	24.11531415	35.44827854	28.58447616	15.74783936	23.10313941	19.25349759	23.61440782	15.82674862	27.55421219	16.99168582
apoe	protein_coding	chrNC_030683.1:101372175-101377797:+	gi|49522289|gb|AAH75258.1|	1238	1.00E-164	apoe protein, partial [Xenopus tropicalis]	gi|847105036|ref|XM_002941039.3|	1749	0	PREDICTED: Xenopus (Silurana) tropicalis apolipoprotein E (apoe), transcript variant X4, mRNA	O42364	132	3.00E-33	Apolipoprotein Eb	.	.	.	.	pfam01442	Apolipoprotein	Apolipoprotein A1/A4/E domain. These proteins contain several 22 residue repeats which form a pair of alpha helices. This family includes: Apolipoprotein A-I. Apolipoprotein A-IV, and Apolipoprotein E.	GO:0006695|cholesterol biosynthetic process;GO:0006707|cholesterol catabolic process;GO:0033344|cholesterol efflux;GO:0042632|cholesterol homeostasis;GO:0034380|high-density lipoprotein particle assembly;GO:0042159|lipoprotein catabolic process;GO:0043524|negative regulation of neuron apoptotic process;GO:0031102|neuron projection regeneration;GO:0033700|phospholipid efflux;GO:0010873|positive regulation of cholesterol esterification;GO:0046889|positive regulation of lipid biosynthetic process;GO:0051000|positive regulation of nitric-oxide synthase activity;GO:0030516|regulation of axon extension;GO:1900221|regulation of amyloid-beta clearance;GO:0032374|regulation of cholesterol transport;GO:0043691|reverse cholesterol transport;GO:0019433|triglyceride catabolic process;GO:0034372|very-low-density lipoprotein particle remodeling;	GO:0072562|blood microparticle;GO:0042627|chylomicron;GO:0034364|high-density lipoprotein particle;GO:0034363|intermediate-density lipoprotein particle;	GO:0001540|amyloid-beta binding;GO:0015485|cholesterol binding;GO:0017127|cholesterol transporter activity;GO:0050750|low-density lipoprotein particle receptor binding;GO:0060228|phosphatidylcholine-sterol O-acyltransferase activator activity;GO:0005543|phospholipid binding;GO:0070326|very-low-density lipoprotein particle receptor binding;	K04524	APOE; apolipoprotein E	5.437178189	1.935170829	15.13278855	4.886957791	18.55541484	34.4359192	41.42984901	112.4746454	49.04123842	21.92018799	8.855392459	26.11949951	3.155925187	3.452516053	5.512404325	33.63673727	2.161411851	14.51056887	34.57190525	23.71149913	40.79362255	38.82142385	49.21874742	31.37413977	6.810915903	3.720453126	3.271409709	1.888229012	3.196901421	1.835951967	24.13329385	13.38885783	14.45735557	26.13111179	9.360576285	53.70044	24.60226264	3.097691766	4.194653579	22.36578125	32.75112603	11.92461346	70.37860054	106.4273797	35.96275349	109.4720667	57.24216023	11.27138195
lpl	protein_coding	chrNC_030677.1:77715979-77740078:+	gi|301608942|ref|XP_002934038.1|	2530	0	PREDICTED: lipoprotein lipase [Xenopus tropicalis]	gi|847094016|ref|XM_002933992.3|	4999	0	PREDICTED: Xenopus (Silurana) tropicalis lipoprotein lipase (lpl), mRNA	P11602	763	0	Lipoprotein lipase	.	.	.	.	pfam00151	Lipase	Lipase.	GO:0042632|cholesterol homeostasis;GO:0006633|fatty acid biosynthetic process;GO:0090197|positive regulation of chemokine secretion;GO:0010886|positive regulation of cholesterol storage;GO:0010744|positive regulation of macrophage derived foam cell differentiation;GO:0010890|positive regulation of sequestering of triglyceride;GO:0019433|triglyceride catabolic process;GO:0070328|triglyceride homeostasis;GO:0034372|very-low-density lipoprotein particle remodeling;	GO:0031225|anchored component of membrane;GO:0009986|cell surface;GO:0042627|chylomicron;GO:0070062|extracellular exosome;GO:0005615|extracellular space;GO:0005886|plasma membrane;GO:0034361|very-low-density lipoprotein particle;	GO:0008201|heparin binding;GO:0004465|lipoprotein lipase activity;	K01059	LPL; lipoprotein lipase [EC:3.1.1.34]	5.604290835	5.45329021	6.379810277	9.047013538	12.29729806	19.786655	19.38949005	32.94821767	21.69944352	21.93655599	7.822108992	26.1205445	7.169171119	1.785575661	5.780467234	18.32558509	2.739488995	9.475904826	26.29127943	10.41811683	26.30943395	22.41836235	22.27065367	35.89873669	3.133282851	8.47713327	5.566959014	6.254804002	33.69377498	2.964359741	22.044836	12.1414889	13.24055717	21.00632274	16.64795661	27.52861558	6.384389588	3.975698748	14.43014533	14.12869532	11.06290689	5.511818561	24.34081749	39.07530567	17.9810851	42.61961604	27.61510297	13.03792711
myoc	protein_coding	chrNC_030680.1:97460175-97470258:+	gi|512836045|ref|XP_002934195.2|	2361	0	PREDICTED: myocilin [Xenopus tropicalis]	gi|847125921|ref|XM_002934149.3|	4733	0	PREDICTED: Xenopus (Silurana) tropicalis myocilin, trabecular meshwork inducible glucocorticoid response (myoc), mRNA	Q866N2	457	1.00E-143	Myocilin	.	.	.	.	pfam02191	OLF	Olfactomedin-like domain.	GO:0060348|bone development;GO:0045162|clustering of voltage-gated sodium channels;GO:0038133|ERBB2-ERBB3 signaling pathway;GO:0022011|myelination in peripheral nervous system;GO:0001953|negative regulation of cell-matrix adhesion;GO:0035024|negative regulation of Rho protein signal transduction;GO:0051497|negative regulation of stress fiber assembly;GO:0031175|neuron projection development;GO:0038031|non-canonical Wnt signaling pathway via JNK cascade;GO:0001649|osteoblast differentiation;GO:0030335|positive regulation of cell migration;GO:0051894|positive regulation of focal adhesion assembly;GO:0051901|positive regulation of mitochondrial depolarization;GO:0014068|positive regulation of phosphatidylinositol 3-kinase signaling;GO:0051897|positive regulation of protein kinase B signaling;GO:0051496|positive regulation of stress fiber assembly;GO:1900026|positive regulation of substrate adhesion-dependent cell spreading;GO:0043408|regulation of MAPK cascade;GO:0014734|skeletal muscle hypertrophy;GO:0007601|visual perception;	GO:0005929|cilium;GO:0031410|cytoplasmic vesicle;GO:0005783|endoplasmic reticulum;GO:0070062|extracellular exosome;GO:0031012|extracellular matrix;GO:0005615|extracellular space;GO:0005794|Golgi apparatus;GO:0005743|mitochondrial inner membrane;GO:0005758|mitochondrial intermembrane space;GO:0005741|mitochondrial outer membrane;GO:0033268|node of Ranvier;GO:0005578|proteinaceous extracellular matrix;GO:0005791|rough endoplasmic reticulum;	GO:0046872|metal ion binding;	.	.	23.90643451	17.23983095	23.04178221	10.1540123	20.02433719	10.67316111	1.306494955	3.040482264	6.330923441	3.153389532	0.494042055	1.883183668	20.04726798	29.69242094	9.234650066	10.66425175	17.38735756	11.77461921	1.952971594	3.988268907	3.275829934	1.146388856	8.342983866	0.501189433	18.210033	37.79851946	11.08159748	75.22898049	8.833984527	23.47709145	0.742386087	4.063459848	1.103508299	2.646872305	2.085461725	2.282917256	35.07368797	8.564607123	7.447840466	20.8372617	11.81939914	23.40732363	5.339066248	5.150933677	1.18315899	1.159389742	4.449441644	0.410246682
thbs1	protein_coding	chrNC_030684.1:98501300-98515014:+	gi|301615580|ref|XP_002937245.1|	5815	0	PREDICTED: thrombospondin-1 [Xenopus tropicalis]	gi|847159617|ref|XM_002937199.3|	5537	0	PREDICTED: Xenopus (Silurana) tropicalis thrombospondin 1 (thbs1), mRNA	P35448	2152	0	Thrombospondin-1	.	.	.	.	pfam05735	TSP_C	Thrombospondin C-terminal region. This region is found at the C-terminus of thrombospondin and related proteins.	GO:0007155|cell adhesion;GO:0006954|inflammatory response;GO:0016525|negative regulation of angiogenesis;GO:0006986|response to unfolded protein;	GO:0005783|endoplasmic reticulum;GO:0005615|extracellular space;GO:0016529|sarcoplasmic reticulum;	GO:0005509|calcium ion binding;GO:0050840|extracellular matrix binding;GO:0008201|heparin binding;	.	.	11.02677108	8.33015312	6.867142708	12.40523329	11.98467387	10.67087922	35.12805426	53.30755135	152.3077372	55.2054103	58.78869739	30.60184526	4.98685957	31.71594224	3.617871293	9.097352636	5.775735912	6.468552994	67.59126406	106.752431	68.68141579	59.86441137	70.6547457	22.89908927	7.205972333	19.3671977	5.06220668	22.47986992	11.45809618	11.89990116	59.85719375	94.789977	102.584094	86.19707614	82.7920751	60.89923633	8.443623646	3.183054471	3.685870963	10.90753868	5.893462822	16.31046777	29.7980329	24.71783441	58.72874279	55.92192863	57.91870871	45.28397981
tnc	protein_coding	chrNC_030684.1:14856879-14917280:+	gi|512858279|ref|XP_004916768.1|	9680	0	PREDICTED: tenascin isoform X1 [Xenopus tropicalis]	gi|847159454|ref|XM_004916711.2|	7530	0	PREDICTED: Xenopus (Silurana) tropicalis tenascin C (tnc), transcript variant X1, mRNA	P10039	2519	0	Tenascin	.	.	.	.	pfam00147	Fibrinogen_C	Fibrinogen beta and gamma chains, C-terminal globular domain.	GO:0007155|cell adhesion;GO:0042127|regulation of cell proliferation;	GO:0005578|proteinaceous extracellular matrix;	.	K06252	TN; tenascin	20.1625926	7.68552857	12.55497246	9.943477667	10.80041132	11.5423484	24.57578432	7.953681229	26.74218815	17.79587499	11.12452997	24.69932958	8.055664892	8.406581421	5.640838722	12.6631047	8.27796685	13.74022014	15.74466915	10.23083137	12.44762525	18.08857193	9.616203684	16.6847433	11.25537537	10.14802158	4.005266481	16.34927605	4.971555475	5.333716654	12.69653521	20.67486853	18.4826703	17.40785937	10.72560241	14.71593242	10.95526282	6.234944192	3.171498213	9.215073863	5.497202021	12.68180444	20.56551371	10.27636953	29.56178616	16.89740344	23.5416567	18.52688498
